experiment,model,imgsz,image,event,max_confidence,chirp_count_at_floor,confidences,inference_ms
baseline@512,baseline,512,GW240406_062847-v1-H1-qscan,GW240406_062847,0.0,0,,15.798200000062934
baseline@512,baseline,512,GW240406_062847-v1-L1-qscan,GW240406_062847,0.06017306074500084,1,0.06017306,17.73139999977502
baseline@512,baseline,512,GW240407_040938-v1-H1-qscan,GW240407_040938,0.029240760952234268,2,0.02924076;0.01608416,20.419899999978952
baseline@512,baseline,512,GW240407_040938-v1-L1-qscan,GW240407_040938,0.0,0,,21.199699999669974
baseline@512,baseline,512,GW240407_040938-v1-V1-qscan,GW240407_040938,0.0,0,,21.401699999842094
baseline@512,baseline,512,GW240407_061416-v1-H1-qscan,GW240407_061416,0.6348610520362854,2,0.63486105;0.09509286,18.099200000051496
baseline@512,baseline,512,GW240407_061416-v1-L1-qscan,GW240407_061416,0.0,0,,16.824499999984255
baseline@512,baseline,512,GW240407_061416-v1-V1-qscan,GW240407_061416,0.0,0,,31.251300000349147
baseline@512,baseline,512,GW240407_214946-v1-H1-qscan,GW240407_214946,0.0,0,,29.679299999770592
baseline@512,baseline,512,GW240407_214946-v1-L1-qscan,GW240407_214946,0.0,0,,17.385599999670376
baseline@512,baseline,512,GW240407_214946-v1-V1-qscan,GW240407_214946,0.0,0,,17.79560000022684
baseline@512,baseline,512,GW240408_081753-v1-H1-qscan,GW240408_081753,0.11493123322725296,2,0.11493123;0.02024101,16.035699999974895
baseline@512,baseline,512,GW240408_081753-v1-L1-qscan,GW240408_081753,0.0,0,,18.001299999923503
baseline@512,baseline,512,GW240411_074140-v1-H1-qscan,GW240411_074140,0.0,0,,20.358099999612023
baseline@512,baseline,512,GW240411_074140-v1-L1-qscan,GW240411_074140,0.0,0,,15.103900000212889
baseline@512,baseline,512,GW240413_022019-v1-H1-qscan,GW240413_022019,0.0,0,,15.998500000023341
baseline@512,baseline,512,GW240413_022019-v1-L1-qscan,GW240413_022019,0.863311767578125,1,0.86331177,18.322299999908864
baseline@512,baseline,512,GW240413_022019-v1-V1-qscan,GW240413_022019,0.0,0,,17.259499999909167
baseline@512,baseline,512,GW240414_054515-v1-H1-qscan,GW240414_054515,0.07354340702295303,3,0.07354341;0.02269485;0.02052280,15.51980000022013
baseline@512,baseline,512,GW240414_054515-v1-V1-qscan,GW240414_054515,0.11446166783571243,1,0.11446167,17.09019999998418
baseline@512,baseline,512,GW240419_041206-v1-H1-qscan,GW240419_041206,0.05121717229485512,2,0.05121717;0.01453353,16.515199999957986
baseline@512,baseline,512,GW240419_041206-v1-L1-qscan,GW240419_041206,0.0,0,,20.35189999969589
baseline@512,baseline,512,GW240419_041206-v1-V1-qscan,GW240419_041206,0.0,0,,16.978000000108295
baseline@512,baseline,512,GW240420_175625-v1-H1-qscan,GW240420_175625,0.5143404006958008,1,0.51434040,16.547299999729148
baseline@512,baseline,512,GW240421_052935-v1-H1-qscan,GW240421_052935,0.0,0,,17.412500000318687
baseline@512,baseline,512,GW240421_052935-v1-L1-qscan,GW240421_052935,0.0,0,,23.04180000010092
baseline@512,baseline,512,GW240421_052935-v1-V1-qscan,GW240421_052935,0.0,0,,21.186500000112574
baseline@512,baseline,512,GW240426_031451-v1-H1-qscan,GW240426_031451,0.06822564452886581,1,0.06822564,18.157800000153657
baseline@512,baseline,512,GW240426_031451-v1-L1-qscan,GW240426_031451,0.8424850106239319,1,0.84248501,16.491899999891757
baseline@512,baseline,512,GW240426_085802-v1-H1-qscan,GW240426_085802,0.0,0,,17.39399999996749
baseline@512,baseline,512,GW240426_085802-v1-L1-qscan,GW240426_085802,0.0,0,,18.986799999765935
baseline@512,baseline,512,GW240426_085802-v1-V1-qscan,GW240426_085802,0.0,0,,20.939300000009098
baseline@512,baseline,512,GW240428_225440-v1-H1-qscan,GW240428_225440,0.7948883771896362,3,0.79488838;0.52378935;0.13323967,17.36140000002706
baseline@512,baseline,512,GW240428_225440-v1-V1-qscan,GW240428_225440,0.0,0,,15.61519999995653
baseline@512,baseline,512,GW240430_093517-v1-H1-qscan,GW240430_093517,0.0,0,,19.516000000294298
baseline@512,baseline,512,GW240430_093517-v1-L1-qscan,GW240430_093517,0.8671273589134216,1,0.86712736,16.82779999964623
baseline@512,baseline,512,GW240501_033534-v1-H1-qscan,GW240501_033534,0.7307071685791016,3,0.73070717;0.04429392;0.02026735,18.80329999994501
baseline@512,baseline,512,GW240501_033534-v1-L1-qscan,GW240501_033534,0.9405333995819092,2,0.94053340;0.11502554,16.137699999944743
baseline@512,baseline,512,GW240501_033534-v1-V1-qscan,GW240501_033534,0.0,0,,16.145699999924545
baseline@512,baseline,512,GW240505_133552-v1-H1-qscan,GW240505_133552,0.8153833746910095,1,0.81538337,29.826599999978498
baseline@512,baseline,512,GW240505_133552-v1-L1-qscan,GW240505_133552,0.7945367693901062,1,0.79453677,15.55919999964317
baseline@512,baseline,512,GW240505_133552-v1-V1-qscan,GW240505_133552,0.0,0,,17.75210000005245
baseline@512,baseline,512,GW240507_041632-v1-H1-qscan,GW240507_041632,0.0315157026052475,2,0.03151570;0.01115721,17.535299999963172
baseline@512,baseline,512,GW240507_041632-v1-L1-qscan,GW240507_041632,0.31249067187309265,5,0.31249067;0.20407912;0.05537240;0.02043008;0.01027216,23.18589999958931
baseline@512,baseline,512,GW240507_041632-v1-V1-qscan,GW240507_041632,0.0,0,,26.49969999993118
baseline@512,baseline,512,GW240509_102351-v1-H1-qscan,GW240509_102351,0.0,0,,19.546200000149838
baseline@512,baseline,512,GW240509_102351-v1-L1-qscan,GW240509_102351,0.0,0,,22.39869999993971
baseline@512,baseline,512,GW240509_102351-v1-V1-qscan,GW240509_102351,0.0,0,,18.127800000002026
baseline@512,baseline,512,GW240511_031507-v1-H1-qscan,GW240511_031507,0.7079121470451355,2,0.70791215;0.05493959,17.536699999709526
baseline@512,baseline,512,GW240511_031507-v1-L1-qscan,GW240511_031507,0.1082332655787468,4,0.10823327;0.09602242;0.08748029;0.01243601,17.776099999991857
baseline@512,baseline,512,GW240511_031507-v1-V1-qscan,GW240511_031507,0.011861070990562439,1,0.01186107,17.70299999998315
baseline@512,baseline,512,GW240512_024139-v1-H1-qscan,GW240512_024139,0.0,0,,19.080900000062684
baseline@512,baseline,512,GW240512_024139-v1-L1-qscan,GW240512_024139,0.5498833060264587,1,0.54988331,26.73670000012862
baseline@512,baseline,512,GW240512_024139-v1-V1-qscan,GW240512_024139,0.0,0,,26.813399999809917
baseline@512,baseline,512,GW240512_051606-v1-H1-qscan,GW240512_051606,0.0,0,,19.105599999875267
baseline@512,baseline,512,GW240512_051606-v1-L1-qscan,GW240512_051606,0.0,0,,20.096700000067358
baseline@512,baseline,512,GW240512_051606-v1-V1-qscan,GW240512_051606,0.0,0,,18.258699999933015
baseline@512,baseline,512,GW240513_183302-v1-H1-qscan,GW240513_183302,0.9579297304153442,1,0.95792973,16.63639999969746
baseline@512,baseline,512,GW240513_183302-v1-L1-qscan,GW240513_183302,0.8823622465133667,1,0.88236225,17.662799999925483
baseline@512,baseline,512,GW240513_183302-v1-V1-qscan,GW240513_183302,0.0,0,,28.258300000288727
baseline@512,baseline,512,GW240514_121713-v1-H1-qscan,GW240514_121713,0.36382830142974854,3,0.36382830;0.34580180;0.03393953,19.372199999907025
baseline@512,baseline,512,GW240514_121713-v1-L1-qscan,GW240514_121713,0.19112777709960938,2,0.19112778;0.09680790,17.611200000374083
baseline@512,baseline,512,GW240514_121713-v1-V1-qscan,GW240514_121713,0.0,0,,30.22529999998369
baseline@512,baseline,512,GW240515_005301-v1-H1-qscan,GW240515_005301,0.8589068055152893,1,0.85890681,18.13780000020415
baseline@512,baseline,512,GW240515_005301-v1-L1-qscan,GW240515_005301,0.31614160537719727,3,0.31614161;0.26620421;0.05125700,29.383900000084395
baseline@512,baseline,512,GW240515_005301-v1-V1-qscan,GW240515_005301,0.0,0,,21.17660000021715
baseline@512,baseline,512,GW240516_041939-v1-H1-qscan,GW240516_041939,0.0,0,,16.91080000000511
baseline@512,baseline,512,GW240516_041939-v1-L1-qscan,GW240516_041939,0.0,0,,18.96549999992203
baseline@512,baseline,512,GW240516_041939-v1-V1-qscan,GW240516_041939,0.014707847498357296,1,0.01470785,18.285499999819876
baseline@512,baseline,512,GW240519_012815-v1-L1-qscan,GW240519_012815,0.14635035395622253,2,0.14635035;0.07539249,18.763600000056613
baseline@512,baseline,512,GW240519_012815-v1-V1-qscan,GW240519_012815,0.637316882610321,3,0.63731688;0.03451759;0.01785411,21.030299999893032
baseline@512,baseline,512,GW240520_213616-v1-H1-qscan,GW240520_213616,0.042987722903490067,1,0.04298772,21.718499999678897
baseline@512,baseline,512,GW240520_213616-v1-L1-qscan,GW240520_213616,0.19630655646324158,4,0.19630656;0.16744868;0.08906244;0.01249886,22.264199999881384
baseline@512,baseline,512,GW240520_213616-v1-V1-qscan,GW240520_213616,0.017608562484383583,1,0.01760856,15.085200000157784
baseline@512,baseline,512,GW240525_031210-v1-H1-qscan,GW240525_031210,0.7237074971199036,1,0.72370750,16.323600000305305
baseline@512,baseline,512,GW240525_031210-v1-L1-qscan,GW240525_031210,0.39845743775367737,1,0.39845744,15.341000000262284
baseline@512,baseline,512,GW240525_031210-v1-V1-qscan,GW240525_031210,0.0,0,,18.041900000298483
baseline@512,baseline,512,GW240525_201644-v1-H1-qscan,GW240525_201644,0.0,0,,18.878599999879953
baseline@512,baseline,512,GW240525_201644-v1-L1-qscan,GW240525_201644,0.0,0,,15.591200000017125
baseline@512,baseline,512,GW240525_201644-v1-V1-qscan,GW240525_201644,0.0,0,,16.159499999957916
baseline@512,baseline,512,GW240526_093944-v1-H1-qscan,GW240526_093944,0.095862977206707,3,0.09586298;0.02958198;0.01243279,27.3471000000427
baseline@512,baseline,512,GW240526_093944-v1-L1-qscan,GW240526_093944,0.0,0,,18.23100000001432
baseline@512,baseline,512,GW240526_093944-v1-V1-qscan,GW240526_093944,0.0,0,,18.069400000058522
baseline@512,baseline,512,GW240527_150907-v1-H1-qscan,GW240527_150907,0.0,0,,15.113399999791
baseline@512,baseline,512,GW240527_150907-v1-L1-qscan,GW240527_150907,0.0,0,,17.38000000023021
baseline@512,baseline,512,GW240527_150907-v1-V1-qscan,GW240527_150907,0.0,0,,25.2027999999882
baseline@512,baseline,512,GW240527_183429-v1-H1-qscan,GW240527_183429,0.8426640033721924,1,0.84266400,26.850499999909516
baseline@512,baseline,512,GW240527_183429-v1-L1-qscan,GW240527_183429,0.0,0,,16.65820000016538
baseline@512,baseline,512,GW240527_183429-v1-V1-qscan,GW240527_183429,0.0,0,,25.910700000167708
baseline@512,baseline,512,GW240527_230910-v1-H1-qscan,GW240527_230910,0.32913845777511597,1,0.32913846,20.29579999998532
baseline@512,baseline,512,GW240527_230910-v1-L1-qscan,GW240527_230910,0.0,0,,20.02199999969889
baseline@512,baseline,512,GW240527_230910-v1-V1-qscan,GW240527_230910,0.0,0,,14.556000000084168
baseline@512,baseline,512,GW240530_012417-v1-H1-qscan,GW240530_012417,0.0,0,,16.52650000005451
baseline@512,baseline,512,GW240530_012417-v1-L1-qscan,GW240530_012417,0.38879287242889404,3,0.38879287;0.18641594;0.01388422,17.154300000129297
baseline@512,baseline,512,GW240530_012417-v1-V1-qscan,GW240530_012417,0.0,0,,17.436100000395527
baseline@512,baseline,512,GW240531_040326-v1-H1-qscan,GW240531_040326,0.4625268578529358,5,0.46252686;0.11926818;0.09460330;0.03694344;0.02591902,14.966700000059063
baseline@512,baseline,512,GW240531_040326-v1-L1-qscan,GW240531_040326,0.0,0,,16.18910000024698
baseline@512,baseline,512,GW240531_040326-v1-V1-qscan,GW240531_040326,0.0,0,,17.527699999845936
baseline@512,baseline,512,GW240531_075248-v1-H1-qscan,GW240531_075248,0.0,0,,19.490199999836477
baseline@512,baseline,512,GW240531_075248-v1-L1-qscan,GW240531_075248,0.806608259677887,2,0.80660826;0.69051057,25.959599999623606
baseline@512,baseline,512,GW240531_075248-v1-V1-qscan,GW240531_075248,0.0,0,,23.85679999997592
baseline@512,baseline,512,GW240601_061200-v1-H1-qscan,GW240601_061200,0.0,0,,14.321200000267709
baseline@512,baseline,512,GW240601_061200-v1-L1-qscan,GW240601_061200,0.1462915688753128,2,0.14629157;0.04443634,14.887199999975564
baseline@512,baseline,512,GW240601_061200-v1-V1-qscan,GW240601_061200,0.0,0,,17.54510000000664
baseline@512,baseline,512,GW240601_231004-v1-H1-qscan,GW240601_231004,0.0,0,,18.306899999970483
baseline@512,baseline,512,GW240601_231004-v1-L1-qscan,GW240601_231004,0.0,0,,19.78689999987182
baseline@512,baseline,512,GW240601_231004-v1-V1-qscan,GW240601_231004,0.0,0,,16.675900000336696
baseline@512,baseline,512,GW240611_214835-v1-L1-qscan,GW240611_214835,0.08875108510255814,3,0.08875109;0.01475281;0.01292084,17.040900000210968
baseline@512,baseline,512,GW240611_214835-v1-V1-qscan,GW240611_214835,0.0,0,,19.840199999634933
baseline@512,baseline,512,GW240612_081540-v1-H1-qscan,GW240612_081540,0.5605837106704712,3,0.56058371;0.10372009;0.03619582,19.533599999704165
baseline@512,baseline,512,GW240612_081540-v1-L1-qscan,GW240612_081540,0.010359559208154678,1,0.01035956,17.40200000040204
baseline@512,baseline,512,GW240612_081540-v1-V1-qscan,GW240612_081540,0.0,0,,16.862399999808986
baseline@512,baseline,512,GW240613_011503-v1-H1-qscan,GW240613_011503,0.0,0,,15.879300000051444
baseline@512,baseline,512,GW240613_011503-v1-L1-qscan,GW240613_011503,0.0,0,,17.85619999964183
baseline@512,baseline,512,GW240613_011503-v1-V1-qscan,GW240613_011503,0.0,0,,22.596700000121928
baseline@512,baseline,512,GW240615_113620-v1-H1-qscan,GW240615_113620,0.7456111907958984,2,0.74561119;0.40921363,15.829299999950308
baseline@512,baseline,512,GW240615_113620-v1-L1-qscan,GW240615_113620,0.8107938766479492,1,0.81079388,17.27709999977378
baseline@512,baseline,512,GW240615_113620-v1-V1-qscan,GW240615_113620,0.018811356276273727,1,0.01881136,17.373500000303466
baseline@512,baseline,512,GW240615_160735-v1-H1-qscan,GW240615_160735,0.7940280437469482,4,0.79402804;0.41557503;0.07992920;0.03016562,18.587900000056834
baseline@512,baseline,512,GW240615_160735-v1-L1-qscan,GW240615_160735,0.4032754600048065,4,0.40327546;0.15703173;0.07161374;0.01466982,20.209999999678985
baseline@512,baseline,512,GW240615_160735-v1-V1-qscan,GW240615_160735,0.0,0,,15.451600000233157
baseline@512,baseline,512,GW240618_071627-v1-H1-qscan,GW240618_071627,0.07270017266273499,2,0.07270017;0.04157609,18.121299999620533
baseline@512,baseline,512,GW240618_071627-v1-L1-qscan,GW240618_071627,0.6889268159866333,1,0.68892682,17.983100000037666
baseline@512,baseline,512,GW240619_044535-v1-H1-qscan,GW240619_044535,0.0,0,,17.37669999965874
baseline@512,baseline,512,GW240619_044535-v1-L1-qscan,GW240619_044535,0.0,0,,22.131400000034773
baseline@512,baseline,512,GW240619_044535-v1-V1-qscan,GW240619_044535,0.0,0,,25.383400000009715
baseline@512,baseline,512,GW240619_212357-v1-H1-qscan,GW240619_212357,0.28492027521133423,1,0.28492028,19.89559999992707
baseline@512,baseline,512,GW240619_212357-v1-L1-qscan,GW240619_212357,0.0,0,,21.262400000068737
baseline@512,baseline,512,GW240619_212357-v1-V1-qscan,GW240619_212357,0.04098392277956009,1,0.04098392,16.264400000181922
baseline@512,baseline,512,GW240620_094631-v1-H1-qscan,GW240620_094631,0.01642303168773651,1,0.01642303,18.327899999803776
baseline@512,baseline,512,GW240620_094631-v1-L1-qscan,GW240620_094631,0.0,0,,19.523599999956787
baseline@512,baseline,512,GW240620_094631-v1-V1-qscan,GW240620_094631,0.0,0,,19.369000000097003
baseline@512,baseline,512,GW240621_103457-v1-H1-qscan,GW240621_103457,0.010405986569821835,1,0.01040599,20.303400000102556
baseline@512,baseline,512,GW240621_103457-v1-L1-qscan,GW240621_103457,0.0,0,,15.585099999952945
baseline@512,baseline,512,GW240621_103457-v1-V1-qscan,GW240621_103457,0.0,0,,16.0014000002775
baseline@512,baseline,512,GW240621_195059-v1-H1-qscan,GW240621_195059,0.939556896686554,1,0.93955690,25.888099999974656
baseline@512,baseline,512,GW240621_195059-v1-L1-qscan,GW240621_195059,0.9236937761306763,1,0.92369378,27.703599999767903
baseline@512,baseline,512,GW240621_195059-v1-V1-qscan,GW240621_195059,0.10401477664709091,1,0.10401478,16.94820000011532
baseline@512,baseline,512,GW240621_200935-v1-H1-qscan,GW240621_200935,0.10552752017974854,1,0.10552752,18.296100000043225
baseline@512,baseline,512,GW240621_200935-v1-L1-qscan,GW240621_200935,0.3611665964126587,3,0.36116660;0.35510787;0.02876464,19.261999999798718
baseline@512,baseline,512,GW240621_200935-v1-V1-qscan,GW240621_200935,0.0,0,,16.81140000027881
baseline@512,baseline,512,GW240621_214041-v1-H1-qscan,GW240621_214041,0.47728338837623596,1,0.47728339,29.14969999983441
baseline@512,baseline,512,GW240621_214041-v1-L1-qscan,GW240621_214041,0.7896790504455566,1,0.78967905,25.90439999994487
baseline@512,baseline,512,GW240621_214041-v1-V1-qscan,GW240621_214041,0.0,0,,18.193800000062765
baseline@512,baseline,512,GW240622_004008-v1-H1-qscan,GW240622_004008,0.020219415426254272,1,0.02021942,25.083900000026915
baseline@512,baseline,512,GW240622_004008-v1-L1-qscan,GW240622_004008,0.5736100673675537,3,0.57361007;0.05219188;0.02014900,27.465899999697285
baseline@512,baseline,512,GW240622_004008-v1-V1-qscan,GW240622_004008,0.0,0,,18.8825000000179
baseline@512,baseline,512,GW240625_073331-v1-H1-qscan,GW240625_073331,0.0,0,,16.016000000036
baseline@512,baseline,512,GW240625_073331-v1-L1-qscan,GW240625_073331,0.0,0,,19.285100000161037
baseline@512,baseline,512,GW240627_131622-v1-H1-qscan,GW240627_131622,0.0,0,,18.742200000360754
baseline@512,baseline,512,GW240627_131622-v1-L1-qscan,GW240627_131622,0.0,0,,18.791399999827263
baseline@512,baseline,512,GW240627_131622-v1-V1-qscan,GW240627_131622,0.0,0,,17.484499999682157
baseline@512,baseline,512,GW240629_145256-v1-H1-qscan,GW240629_145256,0.02711457945406437,1,0.02711458,29.42849999999453
baseline@512,baseline,512,GW240629_145256-v1-L1-qscan,GW240629_145256,0.6174792051315308,1,0.61747921,16.104699999687
baseline@512,baseline,512,GW240629_145256-v1-V1-qscan,GW240629_145256,0.0,0,,16.442400000414636
baseline@512,baseline,512,GW240630_101703-v1-H1-qscan,GW240630_101703,0.2522863447666168,2,0.25228634;0.11002549,21.12169999963953
baseline@512,baseline,512,GW240630_101703-v1-V1-qscan,GW240630_101703,0.0,0,,17.006400000354915
baseline@512,baseline,512,GW240630_115348-v1-H1-qscan,GW240630_115348,0.7670102715492249,4,0.76701027;0.05075245;0.05015660;0.01372684,17.869600000267383
baseline@512,baseline,512,GW240630_115348-v1-L1-qscan,GW240630_115348,0.4976445436477661,4,0.49764454;0.09199599;0.06069636;0.01847696,19.742700000279
baseline@512,baseline,512,GW240630_115348-v1-V1-qscan,GW240630_115348,0.0,0,,15.125100000204839
baseline@512,baseline,512,GW240630_212937-v1-H1-qscan,GW240630_212937,0.0,0,,16.63779999989856
baseline@512,baseline,512,GW240630_212937-v1-L1-qscan,GW240630_212937,0.0,0,,17.19730000013442
baseline@512,baseline,512,GW240630_212937-v1-V1-qscan,GW240630_212937,0.0,0,,23.14780000006067
baseline@512,baseline,512,GW240701_011640-v1-H1-qscan,GW240701_011640,0.0,0,,18.4954999999718
baseline@512,baseline,512,GW240701_011640-v1-L1-qscan,GW240701_011640,0.0,0,,18.09499999990294
baseline@512,baseline,512,GW240701_011640-v1-V1-qscan,GW240701_011640,0.0,0,,17.603300000246236
baseline@512,baseline,512,GW240701_013826-v1-H1-qscan,GW240701_013826,0.0,0,,24.0392000000611
baseline@512,baseline,512,GW240701_013826-v1-L1-qscan,GW240701_013826,0.0,0,,18.89279999977589
baseline@512,baseline,512,GW240701_013826-v1-V1-qscan,GW240701_013826,0.0,0,,18.040899999959947
baseline@512,baseline,512,GW240701_203807-v1-H1-qscan,GW240701_203807,0.0,0,,22.255200000017794
baseline@512,baseline,512,GW240701_203807-v1-L1-qscan,GW240701_203807,0.0,0,,21.22269999972559
baseline@512,baseline,512,GW240701_203807-v1-V1-qscan,GW240701_203807,0.022655876353383064,1,0.02265588,29.81099999988146
baseline@512,baseline,512,GW240703_191355-v1-L1-qscan,GW240703_191355,0.23193760216236115,4,0.23193760;0.19812590;0.05937018;0.03174075,19.69520000011471
baseline@512,baseline,512,GW240703_191355-v1-V1-qscan,GW240703_191355,0.0,0,,22.726000000147906
baseline@512,baseline,512,GW240705_053215-v1-H1-qscan,GW240705_053215,0.9592562913894653,4,0.95925629;0.65698135;0.04552115;0.02000618,21.634200000335113
baseline@512,baseline,512,GW240705_053215-v1-L1-qscan,GW240705_053215,0.7821742296218872,1,0.78217423,16.368799999781913
baseline@512,baseline,512,GW240705_053215-v1-V1-qscan,GW240705_053215,0.0,0,,17.1319000000949
baseline@512,baseline,512,GW240716_034900-v1-L1-qscan,GW240716_034900,0.839893102645874,1,0.83989310,17.945500000223547
baseline@512,baseline,512,GW240716_034900-v1-V1-qscan,GW240716_034900,0.0,0,,17.728799999986222
baseline@512,baseline,512,GW240806_043539-v1-L1-qscan,GW240806_043539,0.0,0,,19.639899999674526
baseline@512,baseline,512,GW240806_043539-v1-V1-qscan,GW240806_043539,0.0,0,,16.341799999736395
baseline@512,baseline,512,GW240807_214559-v1-L1-qscan,GW240807_214559,0.0,0,,15.407200000026933
baseline@512,baseline,512,GW240807_214559-v1-V1-qscan,GW240807_214559,0.0,0,,27.792500000032305
baseline@512,baseline,512,GW240813_034548-v1-L1-qscan,GW240813_034548,0.0,0,,17.9747000001953
baseline@512,baseline,512,GW240813_034548-v1-V1-qscan,GW240813_034548,0.0,0,,18.844799999897077
baseline@512,baseline,512,GW240814_145043-v1-L1-qscan,GW240814_145043,0.0,0,,19.134699999995064
baseline@512,baseline,512,GW240814_145043-v1-V1-qscan,GW240814_145043,0.0,0,,15.571700000236888
baseline@512,baseline,512,GW240824_205609-v1-H1-qscan,GW240824_205609,0.17921660840511322,1,0.17921661,17.311999999947147
baseline@512,baseline,512,GW240824_205609-v1-L1-qscan,GW240824_205609,0.0,0,,18.5975999997936
baseline@512,baseline,512,GW240824_205609-v1-V1-qscan,GW240824_205609,0.3879811465740204,1,0.38798115,24.45640000041749
baseline@512,baseline,512,GW240825_055146-v1-H1-qscan,GW240825_055146,0.0,0,,18.245700000079523
baseline@512,baseline,512,GW240825_055146-v1-L1-qscan,GW240825_055146,0.13277964293956757,3,0.13277964;0.06373619;0.02109088,21.3752999998178
baseline@512,baseline,512,GW240825_055146-v1-V1-qscan,GW240825_055146,0.0,0,,22.603299999900628
baseline@512,baseline,512,GW240828_102340-v1-H1-qscan,GW240828_102340,0.0,0,,16.19989999971949
baseline@512,baseline,512,GW240828_102340-v1-L1-qscan,GW240828_102340,0.0,0,,16.273199999886856
baseline@512,baseline,512,GW240828_102340-v1-V1-qscan,GW240828_102340,0.0,0,,17.95529999981227
baseline@512,baseline,512,GW240830_211120-v1-H1-qscan,GW240830_211120,0.0,0,,18.8759000002392
baseline@512,baseline,512,GW240830_211120-v1-L1-qscan,GW240830_211120,0.06668531149625778,2,0.06668531;0.01078728,24.25470000025598
baseline@512,baseline,512,GW240830_211120-v1-V1-qscan,GW240830_211120,0.0,0,,21.874900000057096
baseline@512,baseline,512,GW240901_195332-v1-H1-qscan,GW240901_195332,0.0,0,,17.674499999884574
baseline@512,baseline,512,GW240901_195332-v1-L1-qscan,GW240901_195332,0.0,0,,19.60830000007263
baseline@512,baseline,512,GW240901_195332-v1-V1-qscan,GW240901_195332,0.0,0,,18.109000000094966
baseline@512,baseline,512,GW240902_143306-v1-H1-qscan,GW240902_143306,0.8101869225502014,2,0.81018692;0.71408534,18.56499999985317
baseline@512,baseline,512,GW240902_143306-v1-L1-qscan,GW240902_143306,0.07670162618160248,4,0.07670163;0.03396286;0.02921843;0.02588603,19.189399999959278
baseline@512,baseline,512,GW240902_143306-v1-V1-qscan,GW240902_143306,0.3639509081840515,4,0.36395091;0.10546353;0.01797390;0.01228279,22.60419999993246
baseline@512,baseline,512,GW240907_092521-v1-H1-qscan,GW240907_092521,0.4416584372520447,2,0.44165844;0.05269421,23.097600000255625
baseline@512,baseline,512,GW240907_092521-v1-L1-qscan,GW240907_092521,0.0,0,,29.208700000253884
baseline@512,baseline,512,GW240907_092521-v1-V1-qscan,GW240907_092521,0.0,0,,20.817499999793654
baseline@512,baseline,512,GW240907_121650-v1-H1-qscan,GW240907_121650,0.0,0,,16.12199999999575
baseline@512,baseline,512,GW240907_121650-v1-L1-qscan,GW240907_121650,0.0,0,,36.46100000014485
baseline@512,baseline,512,GW240907_121650-v1-V1-qscan,GW240907_121650,0.0,0,,16.404899999997724
baseline@512,baseline,512,GW240907_153833-v1-H1-qscan,GW240907_153833,0.705518364906311,1,0.70551836,15.848099999857368
baseline@512,baseline,512,GW240907_153833-v1-L1-qscan,GW240907_153833,0.7067287564277649,2,0.70672876;0.38876629,17.231399999673158
baseline@512,baseline,512,GW240907_153833-v1-V1-qscan,GW240907_153833,0.2595531940460205,2,0.25955319;0.24286535,19.067199999881268
baseline@512,baseline,512,GW240908_082628-v1-H1-qscan,GW240908_082628,0.4038415551185608,1,0.40384156,19.156300000304327
baseline@512,baseline,512,GW240908_082628-v1-L1-qscan,GW240908_082628,0.857452929019928,2,0.85745293;0.07408319,21.391899999798625
baseline@512,baseline,512,GW240908_082628-v1-V1-qscan,GW240908_082628,0.07350613176822662,2,0.07350613;0.01035560,17.263899999761634
baseline@512,baseline,512,GW240908_125134-v1-H1-qscan,GW240908_125134,0.5516217350959778,2,0.55162174;0.37752655,17.294999999649008
baseline@512,baseline,512,GW240908_125134-v1-L1-qscan,GW240908_125134,0.05634571239352226,1,0.05634571,16.966300000149204
baseline@512,baseline,512,GW240908_125134-v1-V1-qscan,GW240908_125134,0.0,0,,17.795900000237452
baseline@512,baseline,512,GW240908_174149-v1-H1-qscan,GW240908_174149,0.0,0,,19.624600000042847
baseline@512,baseline,512,GW240908_174149-v1-L1-qscan,GW240908_174149,0.0,0,,19.920100000035745
baseline@512,baseline,512,GW240908_174149-v1-V1-qscan,GW240908_174149,0.0,0,,17.03929999985121
baseline@512,baseline,512,GW240910_103535-v1-H1-qscan,GW240910_103535,0.8693892359733582,1,0.86938924,18.132000000150583
baseline@512,baseline,512,GW240910_103535-v1-L1-qscan,GW240910_103535,0.0,0,,17.7785999999287
baseline@512,baseline,512,GW240913_111216-v1-H1-qscan,GW240913_111216,0.0,0,,18.70359999975335
baseline@512,baseline,512,GW240913_111216-v1-L1-qscan,GW240913_111216,0.0,0,,19.021999999949912
baseline@512,baseline,512,GW240913_111216-v1-V1-qscan,GW240913_111216,0.0,0,,23.401999999805412
baseline@512,baseline,512,GW240915_001357-v1-H1-qscan,GW240915_001357,0.28216519951820374,8,0.28216520;0.05142792;0.03703988;0.03483422;0.02675258;0.01220881;0.01146182;0.01018428,23.222400000122434
baseline@512,baseline,512,GW240915_001357-v1-L1-qscan,GW240915_001357,0.8347992300987244,2,0.83479923;0.01757449,20.420199999989563
baseline@512,baseline,512,GW240915_001357-v1-V1-qscan,GW240915_001357,0.0,0,,16.370000000279106
baseline@512,baseline,512,GW240915_045510-v1-H1-qscan,GW240915_045510,0.8380860090255737,2,0.83808601;0.07916022,18.50990000002639
baseline@512,baseline,512,GW240915_045510-v1-L1-qscan,GW240915_045510,0.0,0,,17.13209999979881
baseline@512,baseline,512,GW240915_045510-v1-V1-qscan,GW240915_045510,0.7780028581619263,4,0.77800286;0.06807777;0.02595281;0.01168189,19.909300000108487
baseline@512,baseline,512,GW240915_105151-v1-H1-qscan,GW240915_105151,0.6996650695800781,3,0.69966507;0.12818861;0.02867763,19.4920999997521
baseline@512,baseline,512,GW240915_105151-v1-V1-qscan,GW240915_105151,0.0,0,,19.289300000309595
baseline@512,baseline,512,GW240916_184352-v1-H1-qscan,GW240916_184352,0.0,0,,17.498199999863573
baseline@512,baseline,512,GW240916_184352-v1-L1-qscan,GW240916_184352,0.0,0,,17.55040000034569
baseline@512,baseline,512,GW240916_184352-v1-V1-qscan,GW240916_184352,0.03277011960744858,2,0.03277012;0.02005168,18.52199999984805
baseline@512,baseline,512,GW240917_130237-v1-H1-qscan,GW240917_130237,0.0,0,,19.703599999957078
baseline@512,baseline,512,GW240917_130237-v1-L1-qscan,GW240917_130237,0.0,0,,21.429999999782012
baseline@512,baseline,512,GW240919_061559-v1-H1-qscan,GW240919_061559,0.9341406226158142,1,0.93414062,15.699900000072375
baseline@512,baseline,512,GW240919_061559-v1-L1-qscan,GW240919_061559,0.734368622303009,2,0.73436862;0.19546950,17.99410000012358
baseline@512,baseline,512,GW240919_061559-v1-V1-qscan,GW240919_061559,0.8347898721694946,1,0.83478987,16.9940000000679
baseline@512,baseline,512,GW240919_215453-v1-H1-qscan,GW240919_215453,0.0,0,,19.35460000004241
baseline@512,baseline,512,GW240919_215453-v1-L1-qscan,GW240919_215453,0.9053340554237366,1,0.90533406,20.31570000008287
baseline@512,baseline,512,GW240919_215453-v1-V1-qscan,GW240919_215453,0.0,0,,21.615500000280008
baseline@512,baseline,512,GW240920_073424-v1-H1-qscan,GW240920_073424,0.8181488513946533,1,0.81814885,20.43409999987489
baseline@512,baseline,512,GW240920_073424-v1-L1-qscan,GW240920_073424,0.03762248158454895,6,0.03762248;0.02294181;0.01551444;0.01247925;0.01234328;0.01226535,16.490299999986746
baseline@512,baseline,512,GW240920_073424-v1-V1-qscan,GW240920_073424,0.0,0,,17.179400000259193
baseline@512,baseline,512,GW240920_124024-v1-H1-qscan,GW240920_124024,0.9182586669921875,1,0.91825867,16.132199999901786
baseline@512,baseline,512,GW240920_124024-v1-L1-qscan,GW240920_124024,0.9357802271842957,1,0.93578023,18.60050000004776
baseline@512,baseline,512,GW240921_201835-v1-L1-qscan,GW240921_201835,0.741856575012207,1,0.74185658,20.774599999640486
baseline@512,baseline,512,GW240921_201835-v1-V1-qscan,GW240921_201835,0.0,0,,15.529799999967508
baseline@512,baseline,512,GW240923_000715-v1-H1-qscan,GW240923_000715,0.0,0,,16.566799999964132
baseline@512,baseline,512,GW240923_000715-v1-L1-qscan,GW240923_000715,0.0,0,,18.89339999979711
baseline@512,baseline,512,GW240923_000715-v1-V1-qscan,GW240923_000715,0.0,0,,20.74640000000727
baseline@512,baseline,512,GW240923_110846-v1-H1-qscan,GW240923_110846,0.7275593876838684,4,0.72755939;0.15321907;0.02233081;0.01741183,20.026099999995495
baseline@512,baseline,512,GW240923_204006-v1-H1-qscan,GW240923_204006,0.2505358159542084,2,0.25053582;0.09496198,22.680200000195327
baseline@512,baseline,512,GW240923_204006-v1-L1-qscan,GW240923_204006,0.901149332523346,1,0.90114933,15.74460000028921
baseline@512,baseline,512,GW240924_000316-v1-H1-qscan,GW240924_000316,0.0583466999232769,4,0.05834670;0.05642417;0.02274999;0.01454832,16.722200000003795
baseline@512,baseline,512,GW240924_000316-v1-L1-qscan,GW240924_000316,0.0,0,,17.438599999877624
baseline@512,baseline,512,GW240924_000316-v1-V1-qscan,GW240924_000316,0.0,0,,16.357999999854655
baseline@512,baseline,512,GW240925_000956-v1-H1-qscan,GW240925_000956,0.0,0,,20.80870000008872
baseline@512,baseline,512,GW240925_000956-v1-L1-qscan,GW240925_000956,0.0,0,,18.31099999981234
baseline@512,baseline,512,GW240925_000956-v1-V1-qscan,GW240925_000956,0.0,0,,15.621199999714008
baseline@512,baseline,512,GW240925_005809-v2-H1-qscan,GW240925_005809,0.8586735129356384,1,0.85867351,16.846100000293518
baseline@512,baseline,512,GW240925_005809-v2-L1-qscan,GW240925_005809,0.9412193298339844,1,0.94121933,17.416600000160543
baseline@512,baseline,512,GW240925_005809-v2-V1-qscan,GW240925_005809,0.0,0,,21.616699999867706
baseline@512,baseline,512,GW240930_035959-v1-H1-qscan,GW240930_035959,0.07105498760938644,3,0.07105499;0.06393508;0.04263989,15.582900000026711
baseline@512,baseline,512,GW240930_035959-v1-L1-qscan,GW240930_035959,0.35153722763061523,4,0.35153723;0.16439570;0.13626733;0.06311679,17.46290000028239
baseline@512,baseline,512,GW240930_035959-v1-V1-qscan,GW240930_035959,0.0,0,,19.205699999929493
baseline@512,baseline,512,GW240930_123408-v1-H1-qscan,GW240930_123408,0.04910873994231224,2,0.04910874;0.01105941,19.465200000013283
baseline@512,baseline,512,GW240930_123408-v1-L1-qscan,GW240930_123408,0.0,0,,20.792700000129116
baseline@512,baseline,512,GW240930_123408-v1-V1-qscan,GW240930_123408,0.0,0,,17.075199999908364
baseline@512,baseline,512,GW240930_234614-v1-H1-qscan,GW240930_234614,0.0,0,,16.59380000000965
baseline@512,baseline,512,GW240930_234614-v1-L1-qscan,GW240930_234614,0.7218288779258728,1,0.72182888,16.766499999903317
baseline@512,baseline,512,GW240930_234614-v1-V1-qscan,GW240930_234614,0.0,0,,18.926900000224123
baseline@512,baseline,512,GW241002_030559-v1-L1-qscan,GW241002_030559,0.5776153206825256,3,0.57761532;0.04232592;0.01064260,20.06470000014815
baseline@512,baseline,512,GW241002_030559-v1-V1-qscan,GW241002_030559,0.03440740332007408,1,0.03440740,18.43509999980597
baseline@512,baseline,512,GW241006_015333-v1-H1-qscan,GW241006_015333,0.6934150457382202,2,0.69341505;0.01891238,17.718000000058964
baseline@512,baseline,512,GW241006_015333-v1-L1-qscan,GW241006_015333,0.8098680973052979,2,0.80986810;0.09995911,17.133400000147958
baseline@512,baseline,512,GW241006_015333-v1-V1-qscan,GW241006_015333,0.0,0,,18.144300000130897
baseline@512,baseline,512,GW241007_082943-v1-H1-qscan,GW241007_082943,0.815995454788208,1,0.81599545,18.735600000127306
baseline@512,baseline,512,GW241007_082943-v1-L1-qscan,GW241007_082943,0.0,0,,19.12800000036441
baseline@512,baseline,512,GW241007_082943-v1-V1-qscan,GW241007_082943,0.0,0,,17.83640000030573
baseline@512,baseline,512,GW241009_022835-v1-H1-qscan,GW241009_022835,0.0,0,,28.635699999995268
baseline@512,baseline,512,GW241009_022835-v1-L1-qscan,GW241009_022835,0.7682127952575684,2,0.76821280;0.05662178,15.431399999670248
baseline@512,baseline,512,GW241009_022835-v1-V1-qscan,GW241009_022835,0.0,0,,16.52250000006461
baseline@512,baseline,512,GW241009_084816-v1-H1-qscan,GW241009_084816,0.18078073859214783,1,0.18078074,17.100699999900826
baseline@512,baseline,512,GW241009_084816-v1-L1-qscan,GW241009_084816,0.06790245324373245,2,0.06790245;0.02115976,18.153499999698397
baseline@512,baseline,512,GW241009_084816-v1-V1-qscan,GW241009_084816,0.0,0,,20.235699999830103
baseline@512,baseline,512,GW241009_220455-v1-H1-qscan,GW241009_220455,0.8058573007583618,2,0.80585730;0.07860435,16.89299999998184
baseline@512,baseline,512,GW241009_220455-v1-L1-qscan,GW241009_220455,0.0,0,,16.972899999927904
baseline@512,baseline,512,GW241009_220455-v1-V1-qscan,GW241009_220455,0.46620607376098633,1,0.46620607,17.290499999944586
baseline@512,baseline,512,GW241011_233834-v2-H1-qscan,GW241011_233834,0.9514802098274231,1,0.95148021,17.754299999978684
baseline@512,baseline,512,GW241011_233834-v2-V1-qscan,GW241011_233834,0.3397289216518402,5,0.33972892;0.18127234;0.04141368;0.03365888;0.02745923,18.863599999804137
baseline@512,baseline,512,GW241018_235402-v1-H1-qscan,GW241018_235402,0.5427844524383545,1,0.54278445,20.47080000011192
baseline@512,baseline,512,GW241018_235402-v1-V1-qscan,GW241018_235402,0.0,0,,16.720900000109395
baseline@512,baseline,512,GW241101_034726-v1-H1-qscan,GW241101_034726,0.0,0,,17.058299999916926
baseline@512,baseline,512,GW241101_034726-v1-L1-qscan,GW241101_034726,0.0,0,,17.35880000023826
baseline@512,baseline,512,GW241101_034726-v1-V1-qscan,GW241101_034726,0.0,0,,19.161199999871315
baseline@512,baseline,512,GW241101_220523-v1-L1-qscan,GW241101_220523,0.15070264041423798,5,0.15070264;0.11770271;0.07702883;0.03357187;0.01986126,15.549700000065059
baseline@512,baseline,512,GW241101_220523-v1-V1-qscan,GW241101_220523,0.0,0,,15.589099999942846
baseline@512,baseline,512,GW241102_124058-v1-H1-qscan,GW241102_124058,0.6997908353805542,4,0.69979084;0.52518153;0.07356016;0.06602499,17.009500000312983
baseline@512,baseline,512,GW241102_124058-v1-L1-qscan,GW241102_124058,0.7767866253852844,2,0.77678663;0.01892810,18.71209999990242
baseline@512,baseline,512,GW241102_124058-v1-V1-qscan,GW241102_124058,0.0,0,,18.617799999901763
baseline@512,baseline,512,GW241102_144729-v1-H1-qscan,GW241102_144729,0.7550983428955078,2,0.75509834;0.07129982,22.005499999977474
baseline@512,baseline,512,GW241102_144729-v1-L1-qscan,GW241102_144729,0.8862610459327698,2,0.88626105;0.07592507,18.26789999995526
baseline@512,baseline,512,GW241102_144729-v1-V1-qscan,GW241102_144729,0.0,0,,17.10370000000694
baseline@512,baseline,512,GW241106_110932-v1-H1-qscan,GW241106_110932,0.0,0,,16.404399999828456
baseline@512,baseline,512,GW241106_110932-v1-L1-qscan,GW241106_110932,0.0,0,,16.586499999903026
baseline@512,baseline,512,GW241106_110932-v1-V1-qscan,GW241106_110932,0.0,0,,26.631199999883393
baseline@512,baseline,512,GW241109_005349-v1-H1-qscan,GW241109_005349,0.0,0,,20.423200000095676
baseline@512,baseline,512,GW241109_005349-v1-L1-qscan,GW241109_005349,0.0,0,,16.654399999879388
baseline@512,baseline,512,GW241109_033317-v1-L1-qscan,GW241109_033317,0.7756523489952087,1,0.77565235,16.838000000007014
baseline@512,baseline,512,GW241109_033317-v1-V1-qscan,GW241109_033317,0.0,0,,17.688899999939167
baseline@512,baseline,512,GW241109_115924-v1-H1-qscan,GW241109_115924,0.7720065712928772,4,0.77200657;0.10728139;0.06878939;0.01091031,18.565099999705126
baseline@512,baseline,512,GW241109_115924-v1-V1-qscan,GW241109_115924,0.0,0,,16.880000000128348
baseline@512,baseline,512,GW241110_124123-v2-H1-qscan,GW241110_124123,0.03200070932507515,2,0.03200071;0.01554898,16.656799999964278
baseline@512,baseline,512,GW241110_124123-v2-L1-qscan,GW241110_124123,0.06761102378368378,2,0.06761102;0.02842323,16.253900000265276
baseline@512,baseline,512,GW241110_124123-v2-V1-qscan,GW241110_124123,0.0,0,,25.97360000027038
baseline@512,baseline,512,GW241111_111552-v1-H1-qscan,GW241111_111552,0.7264149188995361,1,0.72641492,19.38319999999294
baseline@512,baseline,512,GW241111_111552-v1-L1-qscan,GW241111_111552,0.01934335194528103,2,0.01934335;0.01079407,18.12950000021374
baseline@512,baseline,512,GW241113_163507-v1-L1-qscan,GW241113_163507,0.6734919548034668,2,0.67349195;0.06605355,19.503099999838014
baseline@512,baseline,512,GW241113_163507-v1-V1-qscan,GW241113_163507,0.0,0,,19.11969999991925
baseline@512,baseline,512,GW241114_024711-v1-H1-qscan,GW241114_024711,0.5373411774635315,2,0.53734118;0.03513345,20.618000000013126
baseline@512,baseline,512,GW241114_024711-v1-L1-qscan,GW241114_024711,0.0,0,,16.037400000186608
baseline@512,baseline,512,GW241114_024711-v1-V1-qscan,GW241114_024711,0.0,0,,16.806199999791716
baseline@512,baseline,512,GW241114_235258-v1-L1-qscan,GW241114_235258,0.0,0,,28.21880000010424
baseline@512,baseline,512,GW241114_235258-v1-V1-qscan,GW241114_235258,0.0,0,,15.895399999863002
baseline@512,baseline,512,GW241116_151753-v1-H1-qscan,GW241116_151753,0.0,0,,19.669599999815546
baseline@512,baseline,512,GW241116_151753-v1-L1-qscan,GW241116_151753,0.148173525929451,4,0.14817353;0.10320222;0.03910812;0.01743561,25.03340000021126
baseline@512,baseline,512,GW241116_151753-v1-V1-qscan,GW241116_151753,0.0,0,,27.79599999985294
baseline@512,baseline,512,GW241124_024914-v1-H1-qscan,GW241124_024914,0.7330465316772461,1,0.73304653,21.44110000017463
baseline@512,baseline,512,GW241124_024914-v1-L1-qscan,GW241124_024914,0.1167588010430336,2,0.11675880;0.02792764,19.806100000096194
baseline@512,baseline,512,GW241124_024914-v1-V1-qscan,GW241124_024914,0.0,0,,15.222999999878084
baseline@512,baseline,512,GW241125_010116-v1-H1-qscan,GW241125_010116,0.04496438428759575,1,0.04496438,15.8344000001307
baseline@512,baseline,512,GW241125_010116-v1-L1-qscan,GW241125_010116,0.4056190848350525,1,0.40561908,16.714800000045216
baseline@512,baseline,512,GW241125_010116-v1-V1-qscan,GW241125_010116,0.0,0,,17.61830000032205
baseline@512,baseline,512,GW241127_061008-v1-H1-qscan,GW241127_061008,0.9437118172645569,1,0.94371182,22.481900000002497
baseline@512,baseline,512,GW241127_061008-v1-L1-qscan,GW241127_061008,0.9193047285079956,1,0.91930473,16.338699999778328
baseline@512,baseline,512,GW241127_061008-v1-V1-qscan,GW241127_061008,0.0,0,,17.624999999952706
baseline@512,baseline,512,GW241129_021832-v1-H1-qscan,GW241129_021832,0.44648477435112,2,0.44648477;0.02791780,18.42560000022786
baseline@512,baseline,512,GW241129_021832-v1-L1-qscan,GW241129_021832,0.8535921573638916,2,0.85359216;0.02106459,17.668200000116485
baseline@512,baseline,512,GW241129_021832-v1-V1-qscan,GW241129_021832,0.0,0,,19.659800000226824
baseline@512,baseline,512,GW241129_140416-v1-H1-qscan,GW241129_140416,0.0,0,,21.173900000121648
baseline@512,baseline,512,GW241129_140416-v1-L1-qscan,GW241129_140416,0.0,0,,16.788200000064535
baseline@512,baseline,512,GW241130_034908-v1-H1-qscan,GW241130_034908,0.5821089744567871,2,0.58210897;0.32385585,17.880200000035984
baseline@512,baseline,512,GW241130_034908-v1-L1-qscan,GW241130_034908,0.36326807737350464,2,0.36326808;0.15112546,31.452200000330777
baseline@512,baseline,512,GW241130_034908-v1-V1-qscan,GW241130_034908,0.0,0,,16.460299999835115
baseline@512,baseline,512,GW241130_110422-v1-H1-qscan,GW241130_110422,0.157182514667511,3,0.15718251;0.05163758;0.02616441,17.376899999817397
baseline@512,baseline,512,GW241130_110422-v1-L1-qscan,GW241130_110422,0.0,0,,21.629000000302767
baseline@512,baseline,512,GW241130_110422-v1-V1-qscan,GW241130_110422,0.0,0,,18.55619999969349
baseline@512,baseline,512,GW241201_055758-v1-H1-qscan,GW241201_055758,0.7884963750839233,1,0.78849638,15.37559999997029
baseline@512,baseline,512,GW241201_055758-v1-L1-qscan,GW241201_055758,0.0,0,,16.17930000020351
baseline@512,baseline,512,GW241201_055758-v1-V1-qscan,GW241201_055758,0.0,0,,18.127999999705935
baseline@512,baseline,512,GW241201_142737-v1-H1-qscan,GW241201_142737,0.10584738105535507,1,0.10584738,18.590300000141724
baseline@512,baseline,512,GW241201_142737-v1-L1-qscan,GW241201_142737,0.0,0,,19.01590000034048
baseline@512,baseline,512,GW241201_142737-v1-V1-qscan,GW241201_142737,0.0,0,,18.18439999988186
baseline@512,baseline,512,GW241210_023335-v1-H1-qscan,GW241210_023335,0.0,0,,24.751200000082463
baseline@512,baseline,512,GW241210_023335-v1-L1-qscan,GW241210_023335,0.0,0,,17.40220000010595
baseline@512,baseline,512,GW241210_060606-v1-H1-qscan,GW241210_060606,0.3381354808807373,3,0.33813548;0.04910690;0.01115065,17.39820000011605
baseline@512,baseline,512,GW241210_060606-v1-L1-qscan,GW241210_060606,0.23924867808818817,4,0.23924868;0.13860564;0.13036832;0.11301503,30.138699999952223
baseline@512,baseline,512,GW241210_060606-v1-V1-qscan,GW241210_060606,0.0,0,,29.725900000357797
baseline@512,baseline,512,GW241210_120900-v1-H1-qscan,GW241210_120900,0.0,0,,17.984599999635975
baseline@512,baseline,512,GW241210_120900-v1-L1-qscan,GW241210_120900,0.8425838351249695,1,0.84258384,16.962600000169914
baseline@512,baseline,512,GW241219_222607-v1-H1-qscan,GW241219_222607,0.0,0,,17.26409999992029
baseline@512,baseline,512,GW241219_222607-v1-L1-qscan,GW241219_222607,0.0,0,,20.834200000081182
baseline@512,baseline,512,GW241220_062146-v1-H1-qscan,GW241220_062146,0.0,0,,21.479099999851314
baseline@512,baseline,512,GW241220_062146-v1-L1-qscan,GW241220_062146,0.0,0,,16.085299999758718
baseline@512,baseline,512,GW241225_042553-v1-L1-qscan,GW241225_042553,0.8899532556533813,2,0.88995326;0.63363343,17.856299999948533
baseline@512,baseline,512,GW241225_042553-v1-V1-qscan,GW241225_042553,0.013667476363480091,1,0.01366748,17.819199999848934
baseline@512,baseline,512,GW241225_082815-v1-H1-qscan,GW241225_082815,0.2527778744697571,2,0.25277787;0.11379830,19.627700000000914
baseline@512,baseline,512,GW241225_082815-v1-L1-qscan,GW241225_082815,0.9148963689804077,2,0.91489637;0.74120116,21.21839999972508
baseline@512,baseline,512,GW241229_155844-v1-H1-qscan,GW241229_155844,0.916167140007019,1,0.91616714,21.96300000014162
baseline@512,baseline,512,GW241229_155844-v1-L1-qscan,GW241229_155844,0.0,0,,23.170899999968242
baseline@512,baseline,512,GW241229_155844-v1-V1-qscan,GW241229_155844,0.0,0,,21.08959999986837
baseline@512,baseline,512,GW241230_084504-v1-L1-qscan,GW241230_084504,0.2920842170715332,2,0.29208422;0.20402351,22.28419999983089
baseline@512,baseline,512,GW241230_084504-v1-V1-qscan,GW241230_084504,0.0,0,,22.811299999830226
baseline@512,baseline,512,GW241230_233618-v1-H1-qscan,GW241230_233618,0.0,0,,17.32090000041353
baseline@512,baseline,512,GW241230_233618-v1-L1-qscan,GW241230_233618,0.5387395024299622,2,0.53873950;0.25329033,22.344500000144762
baseline@512,baseline,512,GW241230_233618-v1-V1-qscan,GW241230_233618,0.0,0,,19.940799999858427
baseline@512,baseline,512,GW241231_054133-v1-H1-qscan,GW241231_054133,0.8102356791496277,1,0.81023568,26.33449999984805
baseline@512,baseline,512,GW241231_054133-v1-L1-qscan,GW241231_054133,0.0,0,,17.844800000148098
baseline@512,baseline,512,GW241231_054133-v1-V1-qscan,GW241231_054133,0.0,0,,30.463399999916874
baseline@512,baseline,512,GW250101_011205-v1-H1-qscan,GW250101_011205,0.33962494134902954,1,0.33962494,19.69779999990351
baseline@512,baseline,512,GW250101_011205-v1-L1-qscan,GW250101_011205,0.62245112657547,1,0.62245113,17.877499999940483
baseline@512,baseline,512,GW250101_011205-v1-V1-qscan,GW250101_011205,0.0,0,,18.730600000253617
baseline@512,baseline,512,GW250104_015122-v1-H1-qscan,GW250104_015122,0.8864479064941406,2,0.88644791;0.05986012,19.675500000175816
baseline@512,baseline,512,GW250104_015122-v1-L1-qscan,GW250104_015122,0.2704269587993622,3,0.27042696;0.24920484;0.01268034,16.19799999980387
baseline@512,baseline,512,GW250104_015122-v1-V1-qscan,GW250104_015122,0.0,0,,17.36010000013266
baseline@512,baseline,512,GW250105_134047-v1-H1-qscan,GW250105_134047,0.0,0,,17.488399999820103
baseline@512,baseline,512,GW250105_134047-v1-L1-qscan,GW250105_134047,0.0,0,,26.529499999924155
baseline@512,baseline,512,GW250105_134047-v1-V1-qscan,GW250105_134047,0.0,0,,22.62620000010429
baseline@512,baseline,512,GW250108_152221-v1-H1-qscan,GW250108_152221,0.9133453965187073,2,0.91334540;0.08031427,19.672500000069704
baseline@512,baseline,512,GW250108_152221-v1-L1-qscan,GW250108_152221,0.95787113904953,1,0.95787114,19.3621999997049
baseline@512,baseline,512,GW250108_152221-v1-V1-qscan,GW250108_152221,0.0,0,,17.63200000004872
baseline@512,baseline,512,GW250109_010541-v1-H1-qscan,GW250109_010541,0.5703837871551514,1,0.57038379,17.894199999773264
baseline@512,baseline,512,GW250109_010541-v1-L1-qscan,GW250109_010541,0.9520388841629028,1,0.95203888,18.424200000026758
baseline@512,baseline,512,GW250109_010541-v1-V1-qscan,GW250109_010541,0.5660642981529236,1,0.56606430,17.91300000013507
baseline@512,baseline,512,GW250109_074552-v1-H1-qscan,GW250109_074552,0.6643458604812622,1,0.66434586,19.78000000008251
baseline@512,baseline,512,GW250109_074552-v1-V1-qscan,GW250109_074552,0.0,0,,20.423099999788974
baseline@512,baseline,512,GW250109_083206-v1-H1-qscan,GW250109_083206,0.8999500274658203,4,0.89995003;0.10562221;0.07336709;0.01355620,21.323199999642384
baseline@512,baseline,512,GW250109_083206-v1-V1-qscan,GW250109_083206,0.0,0,,16.59899999958725
baseline@512,baseline,512,GW250114_082203-v2-H1-qscan,GW250114_082203,0.7544291615486145,1,0.75442916,17.872200000056182
baseline@512,baseline,512,GW250114_082203-v2-L1-qscan,GW250114_082203,0.9198078513145447,1,0.91980785,17.809500000112166
baseline@512,baseline,512,GW250116_015318-v1-H1-qscan,GW250116_015318,0.7061092853546143,3,0.70610929;0.02137200;0.02001187,24.551399999836576
baseline@512,baseline,512,GW250116_015318-v1-L1-qscan,GW250116_015318,0.0,0,,19.420999999965716
baseline@512,baseline,512,GW250116_015318-v1-V1-qscan,GW250116_015318,0.0,0,,23.251600000094186
baseline@512,baseline,512,GW250116_051426-v1-H1-qscan,GW250116_051426,0.0,0,,20.40930000021035
baseline@512,baseline,512,GW250116_051426-v1-L1-qscan,GW250116_051426,0.0,0,,17.035600000326667
baseline@512,baseline,512,GW250118_023225-v1-H1-qscan,GW250118_023225,0.41467219591140747,1,0.41467220,17.720400000143854
baseline@512,baseline,512,GW250118_023225-v1-L1-qscan,GW250118_023225,0.4864571988582611,1,0.48645720,17.717799999900308
baseline@512,baseline,512,GW250118_023225-v1-V1-qscan,GW250118_023225,0.0,0,,20.05250000001979
baseline@512,baseline,512,GW250118_055802-v1-H1-qscan,GW250118_055802,0.5206036567687988,1,0.52060366,20.38570000013351
baseline@512,baseline,512,GW250118_055802-v1-L1-qscan,GW250118_055802,0.018247071653604507,1,0.01824707,18.001600000388862
baseline@512,baseline,512,GW250118_055802-v1-V1-qscan,GW250118_055802,0.0,0,,17.451700000037818
baseline@512,baseline,512,GW250118_170523-v1-H1-qscan,GW250118_170523,0.8621302843093872,1,0.86213028,18.966999999975087
baseline@512,baseline,512,GW250118_170523-v1-L1-qscan,GW250118_170523,0.9641051888465881,1,0.96410519,18.171799999890936
baseline@512,baseline,512,GW250119_025138-v1-H1-qscan,GW250119_025138,0.8566750288009644,2,0.85667503;0.03294130,19.29500000005646
baseline@512,baseline,512,GW250119_025138-v1-L1-qscan,GW250119_025138,0.4517884850502014,4,0.45178849;0.24287069;0.10701971;0.02145682,20.200699999804783
baseline@512,baseline,512,GW250119_025138-v1-V1-qscan,GW250119_025138,0.2506072223186493,1,0.25060722,16.521199999715463
baseline@512,baseline,512,GW250119_190238-v1-H1-qscan,GW250119_190238,0.7364003658294678,3,0.73640037;0.13577692;0.02318449,16.324400000030437
baseline@512,baseline,512,GW250119_190238-v1-L1-qscan,GW250119_190238,0.41195085644721985,4,0.41195086;0.22656213;0.12494529;0.06292201,15.393099999982951
baseline@512,baseline,512,GW250119_190238-v1-V1-qscan,GW250119_190238,0.0,0,,19.945699999880162
baseline@512,baseline,512,GW250120_042414-v1-H1-qscan,GW250120_042414,0.0,0,,19.736900000225432
baseline@512,baseline,512,GW250120_042414-v1-L1-qscan,GW250120_042414,0.0,0,,21.58380000037141
baseline@512,baseline,512,GW250120_042414-v1-V1-qscan,GW250120_042414,0.0,0,,20.425100000011298
baseline@640,baseline,640,GW240406_062847-v1-H1-qscan,GW240406_062847,0.0,0,,23.77459999979692
baseline@640,baseline,640,GW240406_062847-v1-L1-qscan,GW240406_062847,0.0,0,,23.825100000067323
baseline@640,baseline,640,GW240407_040938-v1-H1-qscan,GW240407_040938,0.39212766289711,4,0.39212766;0.23228359;0.05081917;0.01135000,23.7755000002835
baseline@640,baseline,640,GW240407_040938-v1-L1-qscan,GW240407_040938,0.0,0,,22.95189999995273
baseline@640,baseline,640,GW240407_040938-v1-V1-qscan,GW240407_040938,0.0,0,,23.477400000047055
baseline@640,baseline,640,GW240407_061416-v1-H1-qscan,GW240407_061416,0.18552589416503906,1,0.18552589,24.914800000260584
baseline@640,baseline,640,GW240407_061416-v1-L1-qscan,GW240407_061416,0.0,0,,23.119800000131363
baseline@640,baseline,640,GW240407_061416-v1-V1-qscan,GW240407_061416,0.0,0,,24.228299999776937
baseline@640,baseline,640,GW240407_214946-v1-H1-qscan,GW240407_214946,0.0,0,,20.82829999972091
baseline@640,baseline,640,GW240407_214946-v1-L1-qscan,GW240407_214946,0.0,0,,24.36679999982516
baseline@640,baseline,640,GW240407_214946-v1-V1-qscan,GW240407_214946,0.0,0,,18.514500000037515
baseline@640,baseline,640,GW240408_081753-v1-H1-qscan,GW240408_081753,0.0,0,,19.74560000007841
baseline@640,baseline,640,GW240408_081753-v1-L1-qscan,GW240408_081753,0.0,0,,23.611000000073545
baseline@640,baseline,640,GW240411_074140-v1-H1-qscan,GW240411_074140,0.0,0,,24.58710000018982
baseline@640,baseline,640,GW240411_074140-v1-L1-qscan,GW240411_074140,0.0,0,,23.73489999990852
baseline@640,baseline,640,GW240413_022019-v1-H1-qscan,GW240413_022019,0.0,0,,23.776600000019243
baseline@640,baseline,640,GW240413_022019-v1-L1-qscan,GW240413_022019,0.7700248956680298,1,0.77002490,23.585500000081083
baseline@640,baseline,640,GW240413_022019-v1-V1-qscan,GW240413_022019,0.0,0,,23.51330000010421
baseline@640,baseline,640,GW240414_054515-v1-H1-qscan,GW240414_054515,0.25728049874305725,1,0.25728050,23.143400000208203
baseline@640,baseline,640,GW240414_054515-v1-V1-qscan,GW240414_054515,0.049437180161476135,2,0.04943718;0.02238471,23.641199999929086
baseline@640,baseline,640,GW240419_041206-v1-H1-qscan,GW240419_041206,0.07479721307754517,1,0.07479721,24.941099999978178
baseline@640,baseline,640,GW240419_041206-v1-L1-qscan,GW240419_041206,0.0,0,,23.962400000073103
baseline@640,baseline,640,GW240419_041206-v1-V1-qscan,GW240419_041206,0.0,0,,24.084899999706977
baseline@640,baseline,640,GW240420_175625-v1-H1-qscan,GW240420_175625,0.6201156973838806,4,0.62011570;0.01719442;0.01553692;0.01321931,23.623099999895203
baseline@640,baseline,640,GW240421_052935-v1-H1-qscan,GW240421_052935,0.020361552014946938,1,0.02036155,23.845600000186096
baseline@640,baseline,640,GW240421_052935-v1-L1-qscan,GW240421_052935,0.0,0,,23.325500000282773
baseline@640,baseline,640,GW240421_052935-v1-V1-qscan,GW240421_052935,0.0,0,,23.22730000014417
baseline@640,baseline,640,GW240426_031451-v1-H1-qscan,GW240426_031451,0.1131533607840538,1,0.11315336,23.187700000107725
baseline@640,baseline,640,GW240426_031451-v1-L1-qscan,GW240426_031451,0.7827547192573547,2,0.78275472;0.01678761,22.754499999791733
baseline@640,baseline,640,GW240426_085802-v1-H1-qscan,GW240426_085802,0.11142981797456741,2,0.11142982;0.01625509,21.730899999965914
baseline@640,baseline,640,GW240426_085802-v1-L1-qscan,GW240426_085802,0.0,0,,18.642799999724957
baseline@640,baseline,640,GW240426_085802-v1-V1-qscan,GW240426_085802,0.0155880656093359,1,0.01558807,19.950899999912508
baseline@640,baseline,640,GW240428_225440-v1-H1-qscan,GW240428_225440,0.8071014285087585,3,0.80710143;0.48957762;0.01872329,21.107300000039686
baseline@640,baseline,640,GW240428_225440-v1-V1-qscan,GW240428_225440,0.0,0,,21.823999999924126
baseline@640,baseline,640,GW240430_093517-v1-H1-qscan,GW240430_093517,0.0,0,,24.057099999936327
baseline@640,baseline,640,GW240430_093517-v1-L1-qscan,GW240430_093517,0.5249324440956116,3,0.52493244;0.06205004;0.01059548,24.077500000203145
baseline@640,baseline,640,GW240501_033534-v1-H1-qscan,GW240501_033534,0.6499021649360657,1,0.64990216,24.420599999757542
baseline@640,baseline,640,GW240501_033534-v1-L1-qscan,GW240501_033534,0.9134878516197205,2,0.91348785;0.12092991,25.022100000114733
baseline@640,baseline,640,GW240501_033534-v1-V1-qscan,GW240501_033534,0.0,0,,22.369199999957345
baseline@640,baseline,640,GW240505_133552-v1-H1-qscan,GW240505_133552,0.7641547322273254,1,0.76415473,24.936399999660352
baseline@640,baseline,640,GW240505_133552-v1-L1-qscan,GW240505_133552,0.5738400220870972,1,0.57384002,24.445900000046095
baseline@640,baseline,640,GW240505_133552-v1-V1-qscan,GW240505_133552,0.013921263627707958,1,0.01392126,23.750599999857513
baseline@640,baseline,640,GW240507_041632-v1-H1-qscan,GW240507_041632,0.27431073784828186,1,0.27431074,24.02699999993274
baseline@640,baseline,640,GW240507_041632-v1-L1-qscan,GW240507_041632,0.21331343054771423,4,0.21331343;0.11186185;0.09054824;0.02117063,23.930900000323163
baseline@640,baseline,640,GW240507_041632-v1-V1-qscan,GW240507_041632,0.0,0,,23.303800000121555
baseline@640,baseline,640,GW240509_102351-v1-H1-qscan,GW240509_102351,0.0,0,,24.168299999928422
baseline@640,baseline,640,GW240509_102351-v1-L1-qscan,GW240509_102351,0.0,0,,23.472700000183977
baseline@640,baseline,640,GW240509_102351-v1-V1-qscan,GW240509_102351,0.0,0,,23.80170000014914
baseline@640,baseline,640,GW240511_031507-v1-H1-qscan,GW240511_031507,0.7621601223945618,2,0.76216012;0.10345683,23.077700000158075
baseline@640,baseline,640,GW240511_031507-v1-L1-qscan,GW240511_031507,0.6792212128639221,1,0.67922121,24.6342000000368
baseline@640,baseline,640,GW240511_031507-v1-V1-qscan,GW240511_031507,0.0,0,,24.016500000016094
baseline@640,baseline,640,GW240512_024139-v1-H1-qscan,GW240512_024139,0.0,0,,23.923199999899225
baseline@640,baseline,640,GW240512_024139-v1-L1-qscan,GW240512_024139,0.6499437689781189,1,0.64994377,23.95909999995638
baseline@640,baseline,640,GW240512_024139-v1-V1-qscan,GW240512_024139,0.0,0,,22.972799999934068
baseline@640,baseline,640,GW240512_051606-v1-H1-qscan,GW240512_051606,0.09219799190759659,3,0.09219799;0.04142526;0.02624514,21.86840000013035
baseline@640,baseline,640,GW240512_051606-v1-L1-qscan,GW240512_051606,0.0,0,,20.032699999774195
baseline@640,baseline,640,GW240512_051606-v1-V1-qscan,GW240512_051606,0.0,0,,19.396400000005087
baseline@640,baseline,640,GW240513_183302-v1-H1-qscan,GW240513_183302,0.9126325249671936,1,0.91263252,19.812000000001717
baseline@640,baseline,640,GW240513_183302-v1-L1-qscan,GW240513_183302,0.8948011994361877,1,0.89480120,24.688200000127836
baseline@640,baseline,640,GW240513_183302-v1-V1-qscan,GW240513_183302,0.0,0,,24.415699999735807
baseline@640,baseline,640,GW240514_121713-v1-H1-qscan,GW240514_121713,0.8749019503593445,2,0.87490195;0.02154154,24.306200000410172
baseline@640,baseline,640,GW240514_121713-v1-L1-qscan,GW240514_121713,0.5930172204971313,1,0.59301722,25.245299999824056
baseline@640,baseline,640,GW240514_121713-v1-V1-qscan,GW240514_121713,0.0,0,,24.015500000132306
baseline@640,baseline,640,GW240515_005301-v1-H1-qscan,GW240515_005301,0.8699184656143188,1,0.86991847,24.769300000116345
baseline@640,baseline,640,GW240515_005301-v1-L1-qscan,GW240515_005301,0.02439730055630207,5,0.02439730;0.02377960;0.02178085;0.01967699;0.01611427,24.14809999982026
baseline@640,baseline,640,GW240515_005301-v1-V1-qscan,GW240515_005301,0.0,0,,23.627500000202417
baseline@640,baseline,640,GW240516_041939-v1-H1-qscan,GW240516_041939,0.0,0,,23.895299999821873
baseline@640,baseline,640,GW240516_041939-v1-L1-qscan,GW240516_041939,0.0,0,,23.79339999970398
baseline@640,baseline,640,GW240516_041939-v1-V1-qscan,GW240516_041939,0.0,0,,25.88629999991099
baseline@640,baseline,640,GW240519_012815-v1-L1-qscan,GW240519_012815,0.7875955700874329,1,0.78759557,24.23259999977745
baseline@640,baseline,640,GW240519_012815-v1-V1-qscan,GW240519_012815,0.8655955195426941,1,0.86559552,23.21299999994153
baseline@640,baseline,640,GW240520_213616-v1-H1-qscan,GW240520_213616,0.21610869467258453,1,0.21610869,24.058899999999994
baseline@640,baseline,640,GW240520_213616-v1-L1-qscan,GW240520_213616,0.026728397235274315,3,0.02672840;0.01911593;0.01164323,23.468900000352733
baseline@640,baseline,640,GW240520_213616-v1-V1-qscan,GW240520_213616,0.0,0,,24.10550000013245
baseline@640,baseline,640,GW240525_031210-v1-H1-qscan,GW240525_031210,0.7807340621948242,3,0.78073406;0.29495972;0.02238357,23.572999999942112
baseline@640,baseline,640,GW240525_031210-v1-L1-qscan,GW240525_031210,0.49855875968933105,3,0.49855876;0.03283408;0.02675382,21.327100000235077
baseline@640,baseline,640,GW240525_031210-v1-V1-qscan,GW240525_031210,0.0,0,,18.91799999975774
baseline@640,baseline,640,GW240525_201644-v1-H1-qscan,GW240525_201644,0.0,0,,20.605600000180857
baseline@640,baseline,640,GW240525_201644-v1-L1-qscan,GW240525_201644,0.0,0,,21.369400000367023
baseline@640,baseline,640,GW240525_201644-v1-V1-qscan,GW240525_201644,0.0,0,,23.750700000164215
baseline@640,baseline,640,GW240526_093944-v1-H1-qscan,GW240526_093944,0.2877563536167145,3,0.28775635;0.19681329;0.03768419,24.056299999756448
baseline@640,baseline,640,GW240526_093944-v1-L1-qscan,GW240526_093944,0.0,0,,25.41509999991831
baseline@640,baseline,640,GW240526_093944-v1-V1-qscan,GW240526_093944,0.0,0,,24.237099999936618
baseline@640,baseline,640,GW240527_150907-v1-H1-qscan,GW240527_150907,0.0,0,,24.237199999788572
baseline@640,baseline,640,GW240527_150907-v1-L1-qscan,GW240527_150907,0.0,0,,23.596699999870907
baseline@640,baseline,640,GW240527_150907-v1-V1-qscan,GW240527_150907,0.0,0,,24.910400000408117
baseline@640,baseline,640,GW240527_183429-v1-H1-qscan,GW240527_183429,0.8461869359016418,1,0.84618694,24.099700000078883
baseline@640,baseline,640,GW240527_183429-v1-L1-qscan,GW240527_183429,0.0,0,,23.986100000001898
baseline@640,baseline,640,GW240527_183429-v1-V1-qscan,GW240527_183429,0.0,0,,23.545499999727326
baseline@640,baseline,640,GW240527_230910-v1-H1-qscan,GW240527_230910,0.4355759918689728,2,0.43557599;0.17573094,23.838699999942037
baseline@640,baseline,640,GW240527_230910-v1-L1-qscan,GW240527_230910,0.027935780584812164,1,0.02793578,25.9675000002062
baseline@640,baseline,640,GW240527_230910-v1-V1-qscan,GW240527_230910,0.0,0,,24.217599999701633
baseline@640,baseline,640,GW240530_012417-v1-H1-qscan,GW240530_012417,0.0,0,,24.305300000378338
baseline@640,baseline,640,GW240530_012417-v1-L1-qscan,GW240530_012417,0.6397537589073181,5,0.63975376;0.18395391;0.06579103;0.06527698;0.03426214,23.809500000425032
baseline@640,baseline,640,GW240530_012417-v1-V1-qscan,GW240530_012417,0.0,0,,24.584199999935663
baseline@640,baseline,640,GW240531_040326-v1-H1-qscan,GW240531_040326,0.09642300009727478,3,0.09642300;0.07395329;0.04887071,24.22470000010435
baseline@640,baseline,640,GW240531_040326-v1-L1-qscan,GW240531_040326,0.0,0,,22.12550000012925
baseline@640,baseline,640,GW240531_040326-v1-V1-qscan,GW240531_040326,0.0,0,,19.06220000000758
baseline@640,baseline,640,GW240531_075248-v1-H1-qscan,GW240531_075248,0.0,0,,19.261699999788107
baseline@640,baseline,640,GW240531_075248-v1-L1-qscan,GW240531_075248,0.9372535943984985,1,0.93725359,21.466599999712344
baseline@640,baseline,640,GW240531_075248-v1-V1-qscan,GW240531_075248,0.026680799201130867,1,0.02668080,24.62999999988824
baseline@640,baseline,640,GW240601_061200-v1-H1-qscan,GW240601_061200,0.0,0,,23.895700000139186
baseline@640,baseline,640,GW240601_061200-v1-L1-qscan,GW240601_061200,0.22246870398521423,3,0.22246870;0.05131304;0.01244179,23.90449999984412
baseline@640,baseline,640,GW240601_061200-v1-V1-qscan,GW240601_061200,0.0,0,,24.07679999987522
baseline@640,baseline,640,GW240601_231004-v1-H1-qscan,GW240601_231004,0.0,0,,23.84089999986827
baseline@640,baseline,640,GW240601_231004-v1-L1-qscan,GW240601_231004,0.0,0,,23.46529999977065
baseline@640,baseline,640,GW240601_231004-v1-V1-qscan,GW240601_231004,0.0,0,,22.607699999753095
baseline@640,baseline,640,GW240611_214835-v1-L1-qscan,GW240611_214835,0.16807040572166443,2,0.16807041;0.02631137,19.095200000265322
baseline@640,baseline,640,GW240611_214835-v1-V1-qscan,GW240611_214835,0.0,0,,19.233099999837577
baseline@640,baseline,640,GW240612_081540-v1-H1-qscan,GW240612_081540,0.6718988418579102,1,0.67189884,23.55649999981324
baseline@640,baseline,640,GW240612_081540-v1-L1-qscan,GW240612_081540,0.04903101921081543,1,0.04903102,23.769700000229932
baseline@640,baseline,640,GW240612_081540-v1-V1-qscan,GW240612_081540,0.0,0,,23.343199999999342
baseline@640,baseline,640,GW240613_011503-v1-H1-qscan,GW240613_011503,0.0,0,,23.63080000031914
baseline@640,baseline,640,GW240613_011503-v1-L1-qscan,GW240613_011503,0.0,0,,23.37870000019393
baseline@640,baseline,640,GW240613_011503-v1-V1-qscan,GW240613_011503,0.0,0,,22.68720000029134
baseline@640,baseline,640,GW240615_113620-v1-H1-qscan,GW240615_113620,0.9214239716529846,2,0.92142397;0.03727844,23.032200000216108
baseline@640,baseline,640,GW240615_113620-v1-L1-qscan,GW240615_113620,0.91779625415802,1,0.91779625,22.134299999834184
baseline@640,baseline,640,GW240615_113620-v1-V1-qscan,GW240615_113620,0.03768473491072655,1,0.03768473,19.092799999725685
baseline@640,baseline,640,GW240615_160735-v1-H1-qscan,GW240615_160735,0.8828011751174927,2,0.88280118;0.12243588,20.015000000057626
baseline@640,baseline,640,GW240615_160735-v1-L1-qscan,GW240615_160735,0.06738230586051941,5,0.06738231;0.05478675;0.02723776;0.01853897;0.01316564,20.22469999974419
baseline@640,baseline,640,GW240615_160735-v1-V1-qscan,GW240615_160735,0.0,0,,23.078200000327342
baseline@640,baseline,640,GW240618_071627-v1-H1-qscan,GW240618_071627,0.5305671095848083,3,0.53056711;0.36346275;0.03808494,23.615999999947235
baseline@640,baseline,640,GW240618_071627-v1-L1-qscan,GW240618_071627,0.6104780435562134,1,0.61047804,24.438500000087515
baseline@640,baseline,640,GW240619_044535-v1-H1-qscan,GW240619_044535,0.01596108451485634,1,0.01596108,23.561699999845587
baseline@640,baseline,640,GW240619_044535-v1-L1-qscan,GW240619_044535,0.0,0,,23.616800000127114
baseline@640,baseline,640,GW240619_044535-v1-V1-qscan,GW240619_044535,0.0,0,,24.380400000154623
baseline@640,baseline,640,GW240619_212357-v1-H1-qscan,GW240619_212357,0.5868732929229736,1,0.58687329,24.157900000318477
baseline@640,baseline,640,GW240619_212357-v1-L1-qscan,GW240619_212357,0.0,0,,24.76299999989351
baseline@640,baseline,640,GW240619_212357-v1-V1-qscan,GW240619_212357,0.0,0,,24.81760000000577
baseline@640,baseline,640,GW240620_094631-v1-H1-qscan,GW240620_094631,0.0,0,,23.87929999986227
baseline@640,baseline,640,GW240620_094631-v1-L1-qscan,GW240620_094631,0.0,0,,22.376599999915925
baseline@640,baseline,640,GW240620_094631-v1-V1-qscan,GW240620_094631,0.0,0,,20.737299999836978
baseline@640,baseline,640,GW240621_103457-v1-H1-qscan,GW240621_103457,0.06519979983568192,1,0.06519980,19.464300000436197
baseline@640,baseline,640,GW240621_103457-v1-L1-qscan,GW240621_103457,0.0,0,,20.438699999886012
baseline@640,baseline,640,GW240621_103457-v1-V1-qscan,GW240621_103457,0.0,0,,22.41009999988819
baseline@640,baseline,640,GW240621_195059-v1-H1-qscan,GW240621_195059,0.9392355680465698,1,0.93923557,24.558600000091246
baseline@640,baseline,640,GW240621_195059-v1-L1-qscan,GW240621_195059,0.8564283847808838,1,0.85642838,23.454099999980826
baseline@640,baseline,640,GW240621_195059-v1-V1-qscan,GW240621_195059,0.1767810732126236,2,0.17678107;0.02005745,24.132099999860657
baseline@640,baseline,640,GW240621_200935-v1-H1-qscan,GW240621_200935,0.03637860342860222,2,0.03637860;0.01393436,23.58670000012353
baseline@640,baseline,640,GW240621_200935-v1-L1-qscan,GW240621_200935,0.14808420836925507,2,0.14808421;0.01454946,24.26389999982348
baseline@640,baseline,640,GW240621_200935-v1-V1-qscan,GW240621_200935,0.017253946512937546,1,0.01725395,23.922100000163482
baseline@640,baseline,640,GW240621_214041-v1-H1-qscan,GW240621_214041,0.367360919713974,1,0.36736092,24.345700000139914
baseline@640,baseline,640,GW240621_214041-v1-L1-qscan,GW240621_214041,0.7632275223731995,1,0.76322752,23.952200000167068
baseline@640,baseline,640,GW240621_214041-v1-V1-qscan,GW240621_214041,0.0,0,,22.917900000265945
baseline@640,baseline,640,GW240622_004008-v1-H1-qscan,GW240622_004008,0.025822056457400322,3,0.02582206;0.02055548;0.01595115,19.003800000064075
baseline@640,baseline,640,GW240622_004008-v1-L1-qscan,GW240622_004008,0.062323179095983505,4,0.06232318;0.02639611;0.01976304;0.01072588,18.73299999988376
baseline@640,baseline,640,GW240622_004008-v1-V1-qscan,GW240622_004008,0.0,0,,20.368100000268896
baseline@640,baseline,640,GW240625_073331-v1-H1-qscan,GW240625_073331,0.018668286502361298,1,0.01866829,23.541999999906693
baseline@640,baseline,640,GW240625_073331-v1-L1-qscan,GW240625_073331,0.0,0,,23.630000000139262
baseline@640,baseline,640,GW240627_131622-v1-H1-qscan,GW240627_131622,0.0,0,,23.972499999672436
baseline@640,baseline,640,GW240627_131622-v1-L1-qscan,GW240627_131622,0.0169444028288126,2,0.01694440;0.01643622,23.819900000034977
baseline@640,baseline,640,GW240627_131622-v1-V1-qscan,GW240627_131622,0.010563558898866177,1,0.01056356,24.59389999967243
baseline@640,baseline,640,GW240629_145256-v1-H1-qscan,GW240629_145256,0.2822771370410919,1,0.28227714,24.16799999991781
baseline@640,baseline,640,GW240629_145256-v1-L1-qscan,GW240629_145256,0.10165905952453613,3,0.10165906;0.02947686;0.01216632,24.26690000038434
baseline@640,baseline,640,GW240629_145256-v1-V1-qscan,GW240629_145256,0.0,0,,23.893300000054296
baseline@640,baseline,640,GW240630_101703-v1-H1-qscan,GW240630_101703,0.39485132694244385,2,0.39485133;0.10621037,23.546500000065862
baseline@640,baseline,640,GW240630_101703-v1-V1-qscan,GW240630_101703,0.0,0,,22.695799999837618
baseline@640,baseline,640,GW240630_115348-v1-H1-qscan,GW240630_115348,0.823343813419342,6,0.82334381;0.03636595;0.01655047;0.01251973;0.01154673;0.01097904,18.43559999997524
baseline@640,baseline,640,GW240630_115348-v1-L1-qscan,GW240630_115348,0.3807757794857025,2,0.38077578;0.15442613,19.253399999797693
baseline@640,baseline,640,GW240630_115348-v1-V1-qscan,GW240630_115348,0.0,0,,19.787599999744998
baseline@640,baseline,640,GW240630_212937-v1-H1-qscan,GW240630_212937,0.0,0,,24.928000000272732
baseline@640,baseline,640,GW240630_212937-v1-L1-qscan,GW240630_212937,0.0,0,,24.19209999970917
baseline@640,baseline,640,GW240630_212937-v1-V1-qscan,GW240630_212937,0.0,0,,24.44080000032045
baseline@640,baseline,640,GW240701_011640-v1-H1-qscan,GW240701_011640,0.0,0,,22.14589999994132
baseline@640,baseline,640,GW240701_011640-v1-L1-qscan,GW240701_011640,0.0,0,,18.07509999980539
baseline@640,baseline,640,GW240701_011640-v1-V1-qscan,GW240701_011640,0.0,0,,19.982599999821105
baseline@640,baseline,640,GW240701_013826-v1-H1-qscan,GW240701_013826,0.0,0,,23.640000000341388
baseline@640,baseline,640,GW240701_013826-v1-L1-qscan,GW240701_013826,0.0,0,,25.1165999998193
baseline@640,baseline,640,GW240701_013826-v1-V1-qscan,GW240701_013826,0.0,0,,23.840800000016316
baseline@640,baseline,640,GW240701_203807-v1-H1-qscan,GW240701_203807,0.0,0,,24.143500000263884
baseline@640,baseline,640,GW240701_203807-v1-L1-qscan,GW240701_203807,0.0,0,,23.10330000000249
baseline@640,baseline,640,GW240701_203807-v1-V1-qscan,GW240701_203807,0.0,0,,22.780100000090897
baseline@640,baseline,640,GW240703_191355-v1-L1-qscan,GW240703_191355,0.5286153554916382,3,0.52861536;0.20772198;0.16855448,20.29179999999542
baseline@640,baseline,640,GW240703_191355-v1-V1-qscan,GW240703_191355,0.015862084925174713,1,0.01586208,18.681200000173703
baseline@640,baseline,640,GW240705_053215-v1-H1-qscan,GW240705_053215,0.9519104361534119,2,0.95191044;0.80614662,19.359500000064145
baseline@640,baseline,640,GW240705_053215-v1-L1-qscan,GW240705_053215,0.7374071478843689,1,0.73740715,22.96669999986989
baseline@640,baseline,640,GW240705_053215-v1-V1-qscan,GW240705_053215,0.0,0,,24.478399999679823
baseline@640,baseline,640,GW240716_034900-v1-L1-qscan,GW240716_034900,0.7789451479911804,2,0.77894515;0.07911133,24.916599999869504
baseline@640,baseline,640,GW240716_034900-v1-V1-qscan,GW240716_034900,0.0,0,,23.56580000014219
baseline@640,baseline,640,GW240806_043539-v1-L1-qscan,GW240806_043539,0.0,0,,24.073100000350678
baseline@640,baseline,640,GW240806_043539-v1-V1-qscan,GW240806_043539,0.0,0,,23.493199999848002
baseline@640,baseline,640,GW240807_214559-v1-L1-qscan,GW240807_214559,0.0,0,,23.112400000172784
baseline@640,baseline,640,GW240807_214559-v1-V1-qscan,GW240807_214559,0.0,0,,23.21040000015273
baseline@640,baseline,640,GW240813_034548-v1-L1-qscan,GW240813_034548,0.0,0,,20.0846000002457
baseline@640,baseline,640,GW240813_034548-v1-V1-qscan,GW240813_034548,0.019519733265042305,1,0.01951973,20.071699999789416
baseline@640,baseline,640,GW240814_145043-v1-L1-qscan,GW240814_145043,0.025174465030431747,1,0.02517447,19.637999999758904
baseline@640,baseline,640,GW240814_145043-v1-V1-qscan,GW240814_145043,0.0,0,,23.853700000017852
baseline@640,baseline,640,GW240824_205609-v1-H1-qscan,GW240824_205609,0.7472952008247375,1,0.74729520,24.24350000001141
baseline@640,baseline,640,GW240824_205609-v1-L1-qscan,GW240824_205609,0.0,0,,24.397099999987404
baseline@640,baseline,640,GW240824_205609-v1-V1-qscan,GW240824_205609,0.6913691759109497,1,0.69136918,24.515200000223558
baseline@640,baseline,640,GW240825_055146-v1-H1-qscan,GW240825_055146,0.03735100105404854,1,0.03735100,23.921499999687512
baseline@640,baseline,640,GW240825_055146-v1-L1-qscan,GW240825_055146,0.3274361789226532,2,0.32743618;0.20482610,24.31539999997767
baseline@640,baseline,640,GW240825_055146-v1-V1-qscan,GW240825_055146,0.0,0,,23.754299999836803
baseline@640,baseline,640,GW240828_102340-v1-H1-qscan,GW240828_102340,0.11321284621953964,2,0.11321285;0.06872515,23.190400000203226
baseline@640,baseline,640,GW240828_102340-v1-L1-qscan,GW240828_102340,0.07823850214481354,1,0.07823850,24.94250000017928
baseline@640,baseline,640,GW240828_102340-v1-V1-qscan,GW240828_102340,0.0,0,,22.714000000178203
baseline@640,baseline,640,GW240830_211120-v1-H1-qscan,GW240830_211120,0.012841683812439442,1,0.01284168,19.980100000339007
baseline@640,baseline,640,GW240830_211120-v1-L1-qscan,GW240830_211120,0.0,0,,18.993399999999383
baseline@640,baseline,640,GW240830_211120-v1-V1-qscan,GW240830_211120,0.0,0,,21.303699999862147
baseline@640,baseline,640,GW240901_195332-v1-H1-qscan,GW240901_195332,0.0,0,,24.514499999895634
baseline@640,baseline,640,GW240901_195332-v1-L1-qscan,GW240901_195332,0.0,0,,23.596699999870907
baseline@640,baseline,640,GW240901_195332-v1-V1-qscan,GW240901_195332,0.0,0,,23.294600000099308
baseline@640,baseline,640,GW240902_143306-v1-H1-qscan,GW240902_143306,0.33053407073020935,2,0.33053407;0.06300077,23.740499999803433
baseline@640,baseline,640,GW240902_143306-v1-L1-qscan,GW240902_143306,0.037824373692274094,3,0.03782437;0.02412934;0.01060487,23.016499999812368
baseline@640,baseline,640,GW240902_143306-v1-V1-qscan,GW240902_143306,0.1255774050951004,1,0.12557741,24.957199999789736
baseline@640,baseline,640,GW240907_092521-v1-H1-qscan,GW240907_092521,0.15650765597820282,2,0.15650766;0.15106210,22.905299999820272
baseline@640,baseline,640,GW240907_092521-v1-L1-qscan,GW240907_092521,0.0,0,,18.030999999609776
baseline@640,baseline,640,GW240907_092521-v1-V1-qscan,GW240907_092521,0.0,0,,19.263900000169087
baseline@640,baseline,640,GW240907_121650-v1-H1-qscan,GW240907_121650,0.0,0,,23.709199999757402
baseline@640,baseline,640,GW240907_121650-v1-L1-qscan,GW240907_121650,0.0,0,,23.362899999938236
baseline@640,baseline,640,GW240907_121650-v1-V1-qscan,GW240907_121650,0.2566671073436737,2,0.25666711;0.01582889,23.872200000369048
baseline@640,baseline,640,GW240907_153833-v1-H1-qscan,GW240907_153833,0.7710365653038025,3,0.77103657;0.02287497;0.01535925,25.258099999973638
baseline@640,baseline,640,GW240907_153833-v1-L1-qscan,GW240907_153833,0.7798861861228943,1,0.77988619,28.076699999928678
baseline@640,baseline,640,GW240907_153833-v1-V1-qscan,GW240907_153833,0.38717302680015564,1,0.38717303,24.957099999937782
baseline@640,baseline,640,GW240908_082628-v1-H1-qscan,GW240908_082628,0.13746273517608643,2,0.13746274;0.08658633,24.09520000037446
baseline@640,baseline,640,GW240908_082628-v1-L1-qscan,GW240908_082628,0.10582297295331955,6,0.10582297;0.03942828;0.02320696;0.02155454;0.01708480;0.01298662,24.689000000307715
baseline@640,baseline,640,GW240908_082628-v1-V1-qscan,GW240908_082628,0.03448506444692612,4,0.03448506;0.03110666;0.02068994;0.02030106,24.435799999992014
baseline@640,baseline,640,GW240908_125134-v1-H1-qscan,GW240908_125134,0.3547031581401825,2,0.35470316;0.01142921,25.76039999985369
baseline@640,baseline,640,GW240908_125134-v1-L1-qscan,GW240908_125134,0.060962241142988205,1,0.06096224,23.513000000093598
baseline@640,baseline,640,GW240908_125134-v1-V1-qscan,GW240908_125134,0.0,0,,24.18530000022656
baseline@640,baseline,640,GW240908_174149-v1-H1-qscan,GW240908_174149,0.20548446476459503,1,0.20548446,24.986299999909534
baseline@640,baseline,640,GW240908_174149-v1-L1-qscan,GW240908_174149,0.0,0,,24.247899999863876
baseline@640,baseline,640,GW240908_174149-v1-V1-qscan,GW240908_174149,0.0,0,,22.149899999931222
baseline@640,baseline,640,GW240910_103535-v1-H1-qscan,GW240910_103535,0.7794334292411804,1,0.77943343,20.78659999961019
baseline@640,baseline,640,GW240910_103535-v1-L1-qscan,GW240910_103535,0.20432500541210175,1,0.20432501,21.322000000054686
baseline@640,baseline,640,GW240913_111216-v1-H1-qscan,GW240913_111216,0.0,0,,19.380100000034872
baseline@640,baseline,640,GW240913_111216-v1-L1-qscan,GW240913_111216,0.0,0,,19.752000000153203
baseline@640,baseline,640,GW240913_111216-v1-V1-qscan,GW240913_111216,0.0,0,,24.152299999968818
baseline@640,baseline,640,GW240915_001357-v1-H1-qscan,GW240915_001357,0.10502451658248901,5,0.10502452;0.09084570;0.01775233;0.01118554;0.01043816,23.878200000126526
baseline@640,baseline,640,GW240915_001357-v1-L1-qscan,GW240915_001357,0.6777554750442505,2,0.67775548;0.08417413,23.92169999984617
baseline@640,baseline,640,GW240915_001357-v1-V1-qscan,GW240915_001357,0.0,0,,23.25509999991482
baseline@640,baseline,640,GW240915_045510-v1-H1-qscan,GW240915_045510,0.43714091181755066,2,0.43714091;0.31158617,23.885099999915838
baseline@640,baseline,640,GW240915_045510-v1-L1-qscan,GW240915_045510,0.0,0,,24.311699999998382
baseline@640,baseline,640,GW240915_045510-v1-V1-qscan,GW240915_045510,0.8561524152755737,3,0.85615242;0.09821510;0.01353112,23.334800000156974
baseline@640,baseline,640,GW240915_105151-v1-H1-qscan,GW240915_105151,0.3027869462966919,3,0.30278695;0.02102233;0.01276248,22.316500000215456
baseline@640,baseline,640,GW240915_105151-v1-V1-qscan,GW240915_105151,0.0,0,,24.558999999953812
baseline@640,baseline,640,GW240916_184352-v1-H1-qscan,GW240916_184352,0.0,0,,22.180999999818596
baseline@640,baseline,640,GW240916_184352-v1-L1-qscan,GW240916_184352,0.0,0,,18.32540000032168
baseline@640,baseline,640,GW240916_184352-v1-V1-qscan,GW240916_184352,0.1491067111492157,1,0.14910671,20.32760000020062
baseline@640,baseline,640,GW240917_130237-v1-H1-qscan,GW240917_130237,0.0,0,,22.531399999934365
baseline@640,baseline,640,GW240917_130237-v1-L1-qscan,GW240917_130237,0.0,0,,24.135499999829335
baseline@640,baseline,640,GW240919_061559-v1-H1-qscan,GW240919_061559,0.9160135984420776,1,0.91601360,25.183299999753217
baseline@640,baseline,640,GW240919_061559-v1-L1-qscan,GW240919_061559,0.9291929602622986,1,0.92919296,24.69329999985348
baseline@640,baseline,640,GW240919_061559-v1-V1-qscan,GW240919_061559,0.20395658910274506,3,0.20395659;0.07135097;0.06836826,24.42670000027647
baseline@640,baseline,640,GW240919_215453-v1-H1-qscan,GW240919_215453,0.0,0,,21.68309999979101
baseline@640,baseline,640,GW240919_215453-v1-L1-qscan,GW240919_215453,0.7965012192726135,1,0.79650122,24.39109999977518
baseline@640,baseline,640,GW240919_215453-v1-V1-qscan,GW240919_215453,0.0,0,,27.798400000392576
baseline@640,baseline,640,GW240920_073424-v1-H1-qscan,GW240920_073424,0.6259995102882385,2,0.62599951;0.06255431,21.97279999973034
baseline@640,baseline,640,GW240920_073424-v1-L1-qscan,GW240920_073424,0.4845876693725586,5,0.48458767;0.26443034;0.11361913;0.06491192;0.01682182,22.863900000174908
baseline@640,baseline,640,GW240920_073424-v1-V1-qscan,GW240920_073424,0.3585367500782013,1,0.35853675,21.797500000047876
baseline@640,baseline,640,GW240920_124024-v1-H1-qscan,GW240920_124024,0.931868314743042,1,0.93186831,24.03229999981704
baseline@640,baseline,640,GW240920_124024-v1-L1-qscan,GW240920_124024,0.8882904052734375,2,0.88829041;0.04620370,22.761499999887747
baseline@640,baseline,640,GW240921_201835-v1-L1-qscan,GW240921_201835,0.7875798940658569,2,0.78757989;0.02243789,24.021100000027218
baseline@640,baseline,640,GW240921_201835-v1-V1-qscan,GW240921_201835,0.0,0,,25.4253999996763
baseline@640,baseline,640,GW240923_000715-v1-H1-qscan,GW240923_000715,0.0,0,,24.925700000039797
baseline@640,baseline,640,GW240923_000715-v1-L1-qscan,GW240923_000715,0.0,0,,23.445499999979802
baseline@640,baseline,640,GW240923_000715-v1-V1-qscan,GW240923_000715,0.012956462800502777,1,0.01295646,26.273699999819655
baseline@640,baseline,640,GW240923_110846-v1-H1-qscan,GW240923_110846,0.8737348914146423,2,0.87373489;0.43437648,24.462599999878876
baseline@640,baseline,640,GW240923_204006-v1-H1-qscan,GW240923_204006,0.04791999235749245,2,0.04791999;0.04575244,23.738200000025245
baseline@640,baseline,640,GW240923_204006-v1-L1-qscan,GW240923_204006,0.792128324508667,1,0.79212832,22.24709999973129
baseline@640,baseline,640,GW240924_000316-v1-H1-qscan,GW240924_000316,0.42691612243652344,1,0.42691612,23.559199999908742
baseline@640,baseline,640,GW240924_000316-v1-L1-qscan,GW240924_000316,0.0,0,,24.328200000127254
baseline@640,baseline,640,GW240924_000316-v1-V1-qscan,GW240924_000316,0.0,0,,24.46909999980562
baseline@640,baseline,640,GW240925_000956-v1-H1-qscan,GW240925_000956,0.0,0,,27.050799999869923
baseline@640,baseline,640,GW240925_000956-v1-L1-qscan,GW240925_000956,0.0,0,,23.001300000032643
baseline@640,baseline,640,GW240925_000956-v1-V1-qscan,GW240925_000956,0.0,0,,25.672499999927823
baseline@640,baseline,640,GW240925_005809-v2-H1-qscan,GW240925_005809,0.8516507148742676,1,0.85165071,24.73569999983738
baseline@640,baseline,640,GW240925_005809-v2-L1-qscan,GW240925_005809,0.47206929326057434,2,0.47206929;0.24050200,22.16309999994337
baseline@640,baseline,640,GW240925_005809-v2-V1-qscan,GW240925_005809,0.0,0,,26.958799999647454
baseline@640,baseline,640,GW240930_035959-v1-H1-qscan,GW240930_035959,0.586155891418457,2,0.58615589;0.03377843,23.72750000040469
baseline@640,baseline,640,GW240930_035959-v1-L1-qscan,GW240930_035959,0.1832084208726883,3,0.18320842;0.04730543;0.01085887,23.5250000000633
baseline@640,baseline,640,GW240930_035959-v1-V1-qscan,GW240930_035959,0.0,0,,22.763899999972637
baseline@640,baseline,640,GW240930_123408-v1-H1-qscan,GW240930_123408,0.2628648281097412,1,0.26286483,27.003199999853678
baseline@640,baseline,640,GW240930_123408-v1-L1-qscan,GW240930_123408,0.0,0,,25.526999999783584
baseline@640,baseline,640,GW240930_123408-v1-V1-qscan,GW240930_123408,0.0,0,,24.60030000020197
baseline@640,baseline,640,GW240930_234614-v1-H1-qscan,GW240930_234614,0.0,0,,25.334399999792367
baseline@640,baseline,640,GW240930_234614-v1-L1-qscan,GW240930_234614,0.32919424772262573,3,0.32919425;0.14526014;0.01149440,24.23880000014833
baseline@640,baseline,640,GW240930_234614-v1-V1-qscan,GW240930_234614,0.0,0,,20.611599999938335
baseline@640,baseline,640,GW241002_030559-v1-L1-qscan,GW241002_030559,0.7725249528884888,1,0.77252495,24.038300000029267
baseline@640,baseline,640,GW241002_030559-v1-V1-qscan,GW241002_030559,0.0,0,,24.43360000006578
baseline@640,baseline,640,GW241006_015333-v1-H1-qscan,GW241006_015333,0.13987337052822113,3,0.13987337;0.01777638;0.01631220,27.003899999726855
baseline@640,baseline,640,GW241006_015333-v1-L1-qscan,GW241006_015333,0.8761329054832458,2,0.87613291;0.01403983,26.54389999997875
baseline@640,baseline,640,GW241006_015333-v1-V1-qscan,GW241006_015333,0.11070068180561066,1,0.11070068,23.095099999864033
baseline@640,baseline,640,GW241007_082943-v1-H1-qscan,GW241007_082943,0.3379564583301544,3,0.33795646;0.05918164;0.01513258,23.94670000012411
baseline@640,baseline,640,GW241007_082943-v1-L1-qscan,GW241007_082943,0.0,0,,23.112099999707425
baseline@640,baseline,640,GW241007_082943-v1-V1-qscan,GW241007_082943,0.0,0,,25.25100000002567
baseline@640,baseline,640,GW241009_022835-v1-H1-qscan,GW241009_022835,0.0,0,,23.516100000051665
baseline@640,baseline,640,GW241009_022835-v1-L1-qscan,GW241009_022835,0.031924765557050705,2,0.03192477;0.01993042,24.895900000046822
baseline@640,baseline,640,GW241009_022835-v1-V1-qscan,GW241009_022835,0.0,0,,23.415900000145484
baseline@640,baseline,640,GW241009_084816-v1-H1-qscan,GW241009_084816,0.05303880572319031,1,0.05303881,22.63310000034835
baseline@640,baseline,640,GW241009_084816-v1-L1-qscan,GW241009_084816,0.3171275556087494,1,0.31712756,23.696400000062567
baseline@640,baseline,640,GW241009_084816-v1-V1-qscan,GW241009_084816,0.0,0,,20.96320000009655
baseline@640,baseline,640,GW241009_220455-v1-H1-qscan,GW241009_220455,0.4242144227027893,1,0.42421442,21.553600000061124
baseline@640,baseline,640,GW241009_220455-v1-L1-qscan,GW241009_220455,0.0,0,,23.313400000006368
baseline@640,baseline,640,GW241009_220455-v1-V1-qscan,GW241009_220455,0.9041160345077515,1,0.90411603,26.497400000152993
baseline@640,baseline,640,GW241011_233834-v2-H1-qscan,GW241011_233834,0.9236453175544739,1,0.92364532,25.093100000049162
baseline@640,baseline,640,GW241011_233834-v2-V1-qscan,GW241011_233834,0.32694441080093384,2,0.32694441;0.10699642,25.444299999890063
baseline@640,baseline,640,GW241018_235402-v1-H1-qscan,GW241018_235402,0.43713489174842834,2,0.43713489;0.01267631,25.62320000015461
baseline@640,baseline,640,GW241018_235402-v1-V1-qscan,GW241018_235402,0.0,0,,25.118900000052236
baseline@640,baseline,640,GW241101_034726-v1-H1-qscan,GW241101_034726,0.0,0,,24.595400000180234
baseline@640,baseline,640,GW241101_034726-v1-L1-qscan,GW241101_034726,0.0,0,,24.524700000256416
baseline@640,baseline,640,GW241101_034726-v1-V1-qscan,GW241101_034726,0.0,0,,23.837400000047637
baseline@640,baseline,640,GW241101_220523-v1-L1-qscan,GW241101_220523,0.6666992902755737,1,0.66669929,24.95809999982157
baseline@640,baseline,640,GW241101_220523-v1-V1-qscan,GW241101_220523,0.0,0,,24.034300000039366
baseline@640,baseline,640,GW241102_124058-v1-H1-qscan,GW241102_124058,0.55235755443573,4,0.55235755;0.35142124;0.21305120;0.02249026,25.51480000010997
baseline@640,baseline,640,GW241102_124058-v1-L1-qscan,GW241102_124058,0.4674260914325714,3,0.46742609;0.22263901;0.05085892,23.88569999993706
baseline@640,baseline,640,GW241102_124058-v1-V1-qscan,GW241102_124058,0.0,0,,24.464999999963766
baseline@640,baseline,640,GW241102_144729-v1-H1-qscan,GW241102_144729,0.8041210174560547,1,0.80412102,25.700200000301265
baseline@640,baseline,640,GW241102_144729-v1-L1-qscan,GW241102_144729,0.9327471256256104,1,0.93274713,24.00309999984529
baseline@640,baseline,640,GW241102_144729-v1-V1-qscan,GW241102_144729,0.0,0,,21.54819999987012
baseline@640,baseline,640,GW241106_110932-v1-H1-qscan,GW241106_110932,0.1382223665714264,1,0.13822237,20.814099999824975
baseline@640,baseline,640,GW241106_110932-v1-L1-qscan,GW241106_110932,0.0,0,,21.38569999988249
baseline@640,baseline,640,GW241106_110932-v1-V1-qscan,GW241106_110932,0.0,0,,23.098799999843322
baseline@640,baseline,640,GW241109_005349-v1-H1-qscan,GW241109_005349,0.0,0,,26.717299999745592
baseline@640,baseline,640,GW241109_005349-v1-L1-qscan,GW241109_005349,0.0,0,,27.392299999974057
baseline@640,baseline,640,GW241109_033317-v1-L1-qscan,GW241109_033317,0.41639426350593567,2,0.41639426;0.05338729,25.238299999728042
baseline@640,baseline,640,GW241109_033317-v1-V1-qscan,GW241109_033317,0.0,0,,26.398800000151823
baseline@640,baseline,640,GW241109_115924-v1-H1-qscan,GW241109_115924,0.02011086419224739,3,0.02011086;0.01877465;0.01267397,26.30219999991823
baseline@640,baseline,640,GW241109_115924-v1-V1-qscan,GW241109_115924,0.0,0,,27.156799999829673
baseline@640,baseline,640,GW241110_124123-v2-H1-qscan,GW241110_124123,0.10747595876455307,1,0.10747596,25.33820000007836
baseline@640,baseline,640,GW241110_124123-v2-L1-qscan,GW241110_124123,0.1142907366156578,2,0.11429074;0.09855996,27.321500000198284
baseline@640,baseline,640,GW241110_124123-v2-V1-qscan,GW241110_124123,0.0,0,,25.635399999828223
baseline@640,baseline,640,GW241111_111552-v1-H1-qscan,GW241111_111552,0.1289060413837433,4,0.12890604;0.02761307;0.01687648;0.01518744,26.2324999998782
baseline@640,baseline,640,GW241111_111552-v1-L1-qscan,GW241111_111552,0.18409259617328644,3,0.18409260;0.03003269;0.02374781,24.904700000206503
baseline@640,baseline,640,GW241113_163507-v1-L1-qscan,GW241113_163507,0.6417823433876038,4,0.64178234;0.10115544;0.02291942;0.01884391,25.334099999781756
baseline@640,baseline,640,GW241113_163507-v1-V1-qscan,GW241113_163507,0.0,0,,26.29479999995965
baseline@640,baseline,640,GW241114_024711-v1-H1-qscan,GW241114_024711,0.781943142414093,3,0.78194314;0.24842922;0.01432212,25.49479999970572
baseline@640,baseline,640,GW241114_024711-v1-L1-qscan,GW241114_024711,0.011844059452414513,1,0.01184406,26.231299999835755
baseline@640,baseline,640,GW241114_024711-v1-V1-qscan,GW241114_024711,0.0,0,,25.750799999968876
baseline@640,baseline,640,GW241114_235258-v1-L1-qscan,GW241114_235258,0.01399561669677496,1,0.01399562,25.562400000126217
baseline@640,baseline,640,GW241114_235258-v1-V1-qscan,GW241114_235258,0.0,0,,26.118199999928038
baseline@640,baseline,640,GW241116_151753-v1-H1-qscan,GW241116_151753,0.0,0,,25.604999999814027
baseline@640,baseline,640,GW241116_151753-v1-L1-qscan,GW241116_151753,0.7225453853607178,2,0.72254539;0.01598999,26.559099999758473
baseline@640,baseline,640,GW241116_151753-v1-V1-qscan,GW241116_151753,0.0,0,,25.990699999965727
baseline@640,baseline,640,GW241124_024914-v1-H1-qscan,GW241124_024914,0.9196996688842773,1,0.91969967,26.50020000010045
baseline@640,baseline,640,GW241124_024914-v1-L1-qscan,GW241124_024914,0.14659026265144348,1,0.14659026,26.72649999976784
baseline@640,baseline,640,GW241124_024914-v1-V1-qscan,GW241124_024914,0.0,0,,25.606400000015128
baseline@640,baseline,640,GW241125_010116-v1-H1-qscan,GW241125_010116,0.07477221637964249,1,0.07477222,25.940199999695324
baseline@640,baseline,640,GW241125_010116-v1-L1-qscan,GW241125_010116,0.22274360060691833,2,0.22274360;0.06441770,26.04120000023613
baseline@640,baseline,640,GW241125_010116-v1-V1-qscan,GW241125_010116,0.0,0,,24.85660000002099
baseline@640,baseline,640,GW241127_061008-v1-H1-qscan,GW241127_061008,0.935461699962616,1,0.93546170,27.412599999934173
baseline@640,baseline,640,GW241127_061008-v1-L1-qscan,GW241127_061008,0.9193629622459412,1,0.91936296,25.188000000071042
baseline@640,baseline,640,GW241127_061008-v1-V1-qscan,GW241127_061008,0.0,0,,23.98330000005444
baseline@640,baseline,640,GW241129_021832-v1-H1-qscan,GW241129_021832,0.31807130575180054,1,0.31807131,26.122599999780505
baseline@640,baseline,640,GW241129_021832-v1-L1-qscan,GW241129_021832,0.8479098677635193,1,0.84790987,24.10039999995206
baseline@640,baseline,640,GW241129_021832-v1-V1-qscan,GW241129_021832,0.0,0,,22.74390000002313
baseline@640,baseline,640,GW241129_140416-v1-H1-qscan,GW241129_140416,0.0,0,,25.31829999998081
baseline@640,baseline,640,GW241129_140416-v1-L1-qscan,GW241129_140416,0.0,0,,25.265899999794783
baseline@640,baseline,640,GW241130_034908-v1-H1-qscan,GW241130_034908,0.8598742485046387,1,0.85987425,27.224699999806035
baseline@640,baseline,640,GW241130_034908-v1-L1-qscan,GW241130_034908,0.19969294965267181,3,0.19969295;0.15187003;0.03846011,25.310200000149052
baseline@640,baseline,640,GW241130_034908-v1-V1-qscan,GW241130_034908,0.0,0,,21.517099999982747
baseline@640,baseline,640,GW241130_110422-v1-H1-qscan,GW241130_110422,0.015179530717432499,1,0.01517953,26.975400000083027
baseline@640,baseline,640,GW241130_110422-v1-L1-qscan,GW241130_110422,0.28467047214508057,2,0.28467047;0.02651175,23.824299999887444
baseline@640,baseline,640,GW241130_110422-v1-V1-qscan,GW241130_110422,0.0,0,,25.66979999983232
baseline@640,baseline,640,GW241201_055758-v1-H1-qscan,GW241201_055758,0.4577121138572693,2,0.45771211;0.32245672,25.708399999984977
baseline@640,baseline,640,GW241201_055758-v1-L1-qscan,GW241201_055758,0.0,0,,43.16259999995964
baseline@640,baseline,640,GW241201_055758-v1-V1-qscan,GW241201_055758,0.0,0,,26.972900000146183
baseline@640,baseline,640,GW241201_142737-v1-H1-qscan,GW241201_142737,0.03273855894804001,1,0.03273856,24.340200000096957
baseline@640,baseline,640,GW241201_142737-v1-L1-qscan,GW241201_142737,0.0,0,,24.76569999998901
baseline@640,baseline,640,GW241201_142737-v1-V1-qscan,GW241201_142737,0.0,0,,26.7746000004081
baseline@640,baseline,640,GW241210_023335-v1-H1-qscan,GW241210_023335,0.0,0,,24.016300000312185
baseline@640,baseline,640,GW241210_023335-v1-L1-qscan,GW241210_023335,0.0,0,,28.151299999990442
baseline@640,baseline,640,GW241210_060606-v1-H1-qscan,GW241210_060606,0.33741509914398193,1,0.33741510,25.826900000083697
baseline@640,baseline,640,GW241210_060606-v1-L1-qscan,GW241210_060606,0.606831431388855,1,0.60683143,27.23280000009254
baseline@640,baseline,640,GW241210_060606-v1-V1-qscan,GW241210_060606,0.02954663150012493,1,0.02954663,25.97890000015468
baseline@640,baseline,640,GW241210_120900-v1-H1-qscan,GW241210_120900,0.0,0,,29.084299999794894
baseline@640,baseline,640,GW241210_120900-v1-L1-qscan,GW241210_120900,0.5544425249099731,4,0.55444252;0.42000958;0.08432364;0.01251572,23.522200000115845
baseline@640,baseline,640,GW241219_222607-v1-H1-qscan,GW241219_222607,0.20530803501605988,2,0.20530804;0.06941850,50.54909999989832
baseline@640,baseline,640,GW241219_222607-v1-L1-qscan,GW241219_222607,0.0,0,,26.878600000145525
baseline@640,baseline,640,GW241220_062146-v1-H1-qscan,GW241220_062146,0.0,0,,28.736300000218762
baseline@640,baseline,640,GW241220_062146-v1-L1-qscan,GW241220_062146,0.0,0,,28.579400000126043
baseline@640,baseline,640,GW241225_042553-v1-L1-qscan,GW241225_042553,0.3621518313884735,8,0.36215183;0.33830851;0.24198250;0.14627257;0.09057444;0.04119295;0.01785054;0.01691420,24.632699999983743
baseline@640,baseline,640,GW241225_042553-v1-V1-qscan,GW241225_042553,0.03197392821311951,1,0.03197393,20.31940000006216
baseline@640,baseline,640,GW241225_082815-v1-H1-qscan,GW241225_082815,0.33349770307540894,2,0.33349770;0.02153858,21.95849999998245
baseline@640,baseline,640,GW241225_082815-v1-L1-qscan,GW241225_082815,0.8927251696586609,1,0.89272517,24.44549999972878
baseline@640,baseline,640,GW241229_155844-v1-H1-qscan,GW241229_155844,0.6533709168434143,2,0.65337092;0.14944455,25.759199999811244
baseline@640,baseline,640,GW241229_155844-v1-L1-qscan,GW241229_155844,0.0,0,,23.618199999873468
baseline@640,baseline,640,GW241229_155844-v1-V1-qscan,GW241229_155844,0.0,0,,24.45080000006783
baseline@640,baseline,640,GW241230_084504-v1-L1-qscan,GW241230_084504,0.9282320737838745,1,0.92823207,24.84099999992395
baseline@640,baseline,640,GW241230_084504-v1-V1-qscan,GW241230_084504,0.0,0,,24.47459999984858
baseline@640,baseline,640,GW241230_233618-v1-H1-qscan,GW241230_233618,0.0,0,,25.168399999984103
baseline@640,baseline,640,GW241230_233618-v1-L1-qscan,GW241230_233618,0.8572484254837036,1,0.85724843,24.65059999985897
baseline@640,baseline,640,GW241230_233618-v1-V1-qscan,GW241230_233618,0.0,0,,24.721600000248145
baseline@640,baseline,640,GW241231_054133-v1-H1-qscan,GW241231_054133,0.24744732677936554,2,0.24744733;0.01475253,25.125200000275072
baseline@640,baseline,640,GW241231_054133-v1-L1-qscan,GW241231_054133,0.06145612895488739,1,0.06145613,26.317400000152702
baseline@640,baseline,640,GW241231_054133-v1-V1-qscan,GW241231_054133,0.0,0,,21.394100000179606
baseline@640,baseline,640,GW250101_011205-v1-H1-qscan,GW250101_011205,0.6987555027008057,1,0.69875550,25.204799999755778
baseline@640,baseline,640,GW250101_011205-v1-L1-qscan,GW250101_011205,0.16364964842796326,1,0.16364965,23.067300000093383
baseline@640,baseline,640,GW250101_011205-v1-V1-qscan,GW250101_011205,0.0,0,,25.912399999924673
baseline@640,baseline,640,GW250104_015122-v1-H1-qscan,GW250104_015122,0.833860456943512,1,0.83386046,21.08090000001539
baseline@640,baseline,640,GW250104_015122-v1-L1-qscan,GW250104_015122,0.8049066066741943,1,0.80490661,21.97650000016438
baseline@640,baseline,640,GW250104_015122-v1-V1-qscan,GW250104_015122,0.0,0,,24.657099999785714
baseline@640,baseline,640,GW250105_134047-v1-H1-qscan,GW250105_134047,0.0,0,,25.697699999909673
baseline@640,baseline,640,GW250105_134047-v1-L1-qscan,GW250105_134047,0.0,0,,24.992200000269804
baseline@640,baseline,640,GW250105_134047-v1-V1-qscan,GW250105_134047,0.0,0,,22.595400000227528
baseline@640,baseline,640,GW250108_152221-v1-H1-qscan,GW250108_152221,0.8292922377586365,1,0.82929224,25.87069999981395
baseline@640,baseline,640,GW250108_152221-v1-L1-qscan,GW250108_152221,0.9404491782188416,2,0.94044918;0.01295062,30.15240000013364
baseline@640,baseline,640,GW250108_152221-v1-V1-qscan,GW250108_152221,0.0,0,,27.760400000261143
baseline@640,baseline,640,GW250109_010541-v1-H1-qscan,GW250109_010541,0.40801146626472473,4,0.40801147;0.03972499;0.02452933;0.01049991,25.28970000003028
baseline@640,baseline,640,GW250109_010541-v1-L1-qscan,GW250109_010541,0.9438403844833374,1,0.94384038,26.492700000289915
baseline@640,baseline,640,GW250109_010541-v1-V1-qscan,GW250109_010541,0.4328489303588867,1,0.43284893,24.871900000107416
baseline@640,baseline,640,GW250109_074552-v1-H1-qscan,GW250109_074552,0.2788226008415222,3,0.27882260;0.01951112;0.01035801,25.312700000085897
baseline@640,baseline,640,GW250109_074552-v1-V1-qscan,GW250109_074552,0.0,0,,28.39650000032634
baseline@640,baseline,640,GW250109_083206-v1-H1-qscan,GW250109_083206,0.8813170194625854,2,0.88131702;0.21866091,29.778500000247732
baseline@640,baseline,640,GW250109_083206-v1-V1-qscan,GW250109_083206,0.0,0,,30.11000000014974
baseline@640,baseline,640,GW250114_082203-v2-H1-qscan,GW250114_082203,0.6429415345191956,4,0.64294153;0.21536708;0.03119926;0.01153142,27.174100000138424
baseline@640,baseline,640,GW250114_082203-v2-L1-qscan,GW250114_082203,0.8504102826118469,2,0.85041028;0.02648782,24.172499999622232
baseline@640,baseline,640,GW250116_015318-v1-H1-qscan,GW250116_015318,0.8252817988395691,2,0.82528180;0.65227669,26.350399999955698
baseline@640,baseline,640,GW250116_015318-v1-L1-qscan,GW250116_015318,0.0,0,,23.85099999992235
baseline@640,baseline,640,GW250116_015318-v1-V1-qscan,GW250116_015318,0.0,0,,23.43269999983022
baseline@640,baseline,640,GW250116_051426-v1-H1-qscan,GW250116_051426,0.0,0,,24.897100000089267
baseline@640,baseline,640,GW250116_051426-v1-L1-qscan,GW250116_051426,0.0,0,,24.560000000292348
baseline@640,baseline,640,GW250118_023225-v1-H1-qscan,GW250118_023225,0.199014812707901,1,0.19901481,22.803299999850424
baseline@640,baseline,640,GW250118_023225-v1-L1-qscan,GW250118_023225,0.7193835973739624,1,0.71938360,24.532899999940128
baseline@640,baseline,640,GW250118_023225-v1-V1-qscan,GW250118_023225,0.0,0,,24.208199999975477
baseline@640,baseline,640,GW250118_055802-v1-H1-qscan,GW250118_055802,0.3746527433395386,1,0.37465274,30.56139999989682
baseline@640,baseline,640,GW250118_055802-v1-L1-qscan,GW250118_055802,0.0,0,,29.04320000016014
baseline@640,baseline,640,GW250118_055802-v1-V1-qscan,GW250118_055802,0.0,0,,28.055000000222208
baseline@640,baseline,640,GW250118_170523-v1-H1-qscan,GW250118_170523,0.48004424571990967,4,0.48004425;0.41290519;0.11397524;0.01765217,27.705800000148884
baseline@640,baseline,640,GW250118_170523-v1-L1-qscan,GW250118_170523,0.33452850580215454,3,0.33452851;0.23612566;0.01059599,25.451499999689986
baseline@640,baseline,640,GW250119_025138-v1-H1-qscan,GW250119_025138,0.8786589503288269,1,0.87865895,23.218400000132533
baseline@640,baseline,640,GW250119_025138-v1-L1-qscan,GW250119_025138,0.5408761501312256,4,0.54087615;0.26189336;0.18431072;0.01609203,24.380099999689264
baseline@640,baseline,640,GW250119_025138-v1-V1-qscan,GW250119_025138,0.27231529355049133,1,0.27231529,23.616999999831023
baseline@640,baseline,640,GW250119_190238-v1-H1-qscan,GW250119_190238,0.08319723606109619,7,0.08319724;0.04755321;0.03041990;0.02950942;0.02705915;0.02011728;0.01021325,23.928200000227662
baseline@640,baseline,640,GW250119_190238-v1-L1-qscan,GW250119_190238,0.2220451980829239,6,0.22204520;0.08721790;0.08469985;0.02844242;0.02740780;0.01840642,22.383999999874504
baseline@640,baseline,640,GW250119_190238-v1-V1-qscan,GW250119_190238,0.0,0,,24.0510999997241
baseline@640,baseline,640,GW250120_042414-v1-H1-qscan,GW250120_042414,0.0,0,,27.3458000001483
baseline@640,baseline,640,GW250120_042414-v1-L1-qscan,GW250120_042414,0.0,0,,26.800699999967037
baseline@640,baseline,640,GW250120_042414-v1-V1-qscan,GW250120_042414,0.0,0,,27.376399999866408
baseline@768,baseline,768,GW240406_062847-v1-H1-qscan,GW240406_062847,0.0,0,,31.57039999996414
baseline@768,baseline,768,GW240406_062847-v1-L1-qscan,GW240406_062847,0.016642799600958824,1,0.01664280,31.11559999979363
baseline@768,baseline,768,GW240407_040938-v1-H1-qscan,GW240407_040938,0.07231524586677551,2,0.07231525;0.01346725,27.054099999986647
baseline@768,baseline,768,GW240407_040938-v1-L1-qscan,GW240407_040938,0.03032836690545082,1,0.03032837,31.234699999913573
baseline@768,baseline,768,GW240407_040938-v1-V1-qscan,GW240407_040938,0.0,0,,31.316500000230008
baseline@768,baseline,768,GW240407_061416-v1-H1-qscan,GW240407_061416,0.1388477236032486,1,0.13884772,31.67299999995521
baseline@768,baseline,768,GW240407_061416-v1-L1-qscan,GW240407_061416,0.017959414049983025,1,0.01795941,30.3487999999561
baseline@768,baseline,768,GW240407_061416-v1-V1-qscan,GW240407_061416,0.0,0,,31.622999999854073
baseline@768,baseline,768,GW240407_214946-v1-H1-qscan,GW240407_214946,0.0,0,,31.047899999975925
baseline@768,baseline,768,GW240407_214946-v1-L1-qscan,GW240407_214946,0.0,0,,31.892499999685242
baseline@768,baseline,768,GW240407_214946-v1-V1-qscan,GW240407_214946,0.0,0,,28.535200000078476
baseline@768,baseline,768,GW240408_081753-v1-H1-qscan,GW240408_081753,0.0,0,,31.191199999739183
baseline@768,baseline,768,GW240408_081753-v1-L1-qscan,GW240408_081753,0.0,0,,30.21260000014081
baseline@768,baseline,768,GW240411_074140-v1-H1-qscan,GW240411_074140,0.0,0,,32.00430000015331
baseline@768,baseline,768,GW240411_074140-v1-L1-qscan,GW240411_074140,0.0,0,,39.15469999992638
baseline@768,baseline,768,GW240413_022019-v1-H1-qscan,GW240413_022019,0.0,0,,35.73740000001635
baseline@768,baseline,768,GW240413_022019-v1-L1-qscan,GW240413_022019,0.6845409274101257,5,0.68454093;0.05274373;0.03331320;0.02468391;0.01809889,35.798200000044744
baseline@768,baseline,768,GW240413_022019-v1-V1-qscan,GW240413_022019,0.0,0,,36.77360000028784
baseline@768,baseline,768,GW240414_054515-v1-H1-qscan,GW240414_054515,0.6043721437454224,1,0.60437214,34.424200000103156
baseline@768,baseline,768,GW240414_054515-v1-V1-qscan,GW240414_054515,0.05599282681941986,2,0.05599283;0.01478359,34.252399999786576
baseline@768,baseline,768,GW240419_041206-v1-H1-qscan,GW240419_041206,0.24378718435764313,4,0.24378718;0.15096866;0.03842914;0.01991915,36.4887999999155
baseline@768,baseline,768,GW240419_041206-v1-L1-qscan,GW240419_041206,0.015889428555965424,1,0.01588943,42.73910000028991
baseline@768,baseline,768,GW240419_041206-v1-V1-qscan,GW240419_041206,0.0,0,,35.88230000013937
baseline@768,baseline,768,GW240420_175625-v1-H1-qscan,GW240420_175625,0.5422500371932983,4,0.54225004;0.35017070;0.13968664;0.03406391,38.04089999994176
baseline@768,baseline,768,GW240421_052935-v1-H1-qscan,GW240421_052935,0.0,0,,36.451599999963946
baseline@768,baseline,768,GW240421_052935-v1-L1-qscan,GW240421_052935,0.0,0,,37.458000000242464
baseline@768,baseline,768,GW240421_052935-v1-V1-qscan,GW240421_052935,0.0,0,,37.779199999931734
baseline@768,baseline,768,GW240426_031451-v1-H1-qscan,GW240426_031451,0.12102741748094559,1,0.12102742,35.82449999976234
baseline@768,baseline,768,GW240426_031451-v1-L1-qscan,GW240426_031451,0.19265644252300262,4,0.19265644;0.15257294;0.07378178;0.01883766,35.62279999960083
baseline@768,baseline,768,GW240426_085802-v1-H1-qscan,GW240426_085802,0.04067253693938255,1,0.04067254,35.27600000006714
baseline@768,baseline,768,GW240426_085802-v1-L1-qscan,GW240426_085802,0.0,0,,30.948000000080356
baseline@768,baseline,768,GW240426_085802-v1-V1-qscan,GW240426_085802,0.0,0,,31.2154999996892
baseline@768,baseline,768,GW240428_225440-v1-H1-qscan,GW240428_225440,0.46764299273490906,3,0.46764299;0.40661347;0.14140341,30.505299999731506
baseline@768,baseline,768,GW240428_225440-v1-V1-qscan,GW240428_225440,0.0,0,,32.63890000016545
baseline@768,baseline,768,GW240430_093517-v1-H1-qscan,GW240430_093517,0.0,0,,31.731500000205415
baseline@768,baseline,768,GW240430_093517-v1-L1-qscan,GW240430_093517,0.6696693301200867,1,0.66966933,26.425300000028074
baseline@768,baseline,768,GW240501_033534-v1-H1-qscan,GW240501_033534,0.15102088451385498,2,0.15102088;0.03138805,31.09600000016144
baseline@768,baseline,768,GW240501_033534-v1-L1-qscan,GW240501_033534,0.9152022004127502,2,0.91520220;0.07787693,34.314200000153505
baseline@768,baseline,768,GW240501_033534-v1-V1-qscan,GW240501_033534,0.0,0,,31.728500000099302
baseline@768,baseline,768,GW240505_133552-v1-H1-qscan,GW240505_133552,0.8097350597381592,1,0.80973506,28.194299999995565
baseline@768,baseline,768,GW240505_133552-v1-L1-qscan,GW240505_133552,0.45361781120300293,2,0.45361781;0.01442251,32.1870000002491
baseline@768,baseline,768,GW240505_133552-v1-V1-qscan,GW240505_133552,0.0,0,,31.098200000087672
baseline@768,baseline,768,GW240507_041632-v1-H1-qscan,GW240507_041632,0.08397643268108368,4,0.08397643;0.02875239;0.02857636;0.01963262,31.95849999974598
baseline@768,baseline,768,GW240507_041632-v1-L1-qscan,GW240507_041632,0.4257632791996002,1,0.42576328,31.92899999976362
baseline@768,baseline,768,GW240507_041632-v1-V1-qscan,GW240507_041632,0.0,0,,29.009599999881175
baseline@768,baseline,768,GW240509_102351-v1-H1-qscan,GW240509_102351,0.0,0,,33.34730000005948
baseline@768,baseline,768,GW240509_102351-v1-L1-qscan,GW240509_102351,0.0,0,,31.350299999758136
baseline@768,baseline,768,GW240509_102351-v1-V1-qscan,GW240509_102351,0.0,0,,30.91119999953662
baseline@768,baseline,768,GW240511_031507-v1-H1-qscan,GW240511_031507,0.8492014408111572,1,0.84920144,27.37840000008873
baseline@768,baseline,768,GW240511_031507-v1-L1-qscan,GW240511_031507,0.7030714750289917,3,0.70307148;0.04711907;0.01204100,26.511300000493065
baseline@768,baseline,768,GW240511_031507-v1-V1-qscan,GW240511_031507,0.0,0,,31.00449999965349
baseline@768,baseline,768,GW240512_024139-v1-H1-qscan,GW240512_024139,0.0,0,,31.774899999618356
baseline@768,baseline,768,GW240512_024139-v1-L1-qscan,GW240512_024139,0.35245606303215027,5,0.35245606;0.08466719;0.06255788;0.03996311;0.01844629,31.223599999975704
baseline@768,baseline,768,GW240512_024139-v1-V1-qscan,GW240512_024139,0.0,0,,27.807599999505328
baseline@768,baseline,768,GW240512_051606-v1-H1-qscan,GW240512_051606,0.5652981400489807,4,0.56529814;0.03641438;0.01286881;0.01008679,26.62010000040027
baseline@768,baseline,768,GW240512_051606-v1-L1-qscan,GW240512_051606,0.0,0,,30.19970000059402
baseline@768,baseline,768,GW240512_051606-v1-V1-qscan,GW240512_051606,0.0,0,,31.09279999989667
baseline@768,baseline,768,GW240513_183302-v1-H1-qscan,GW240513_183302,0.2982577681541443,3,0.29825777;0.10794327;0.03719394,31.254900000021735
baseline@768,baseline,768,GW240513_183302-v1-L1-qscan,GW240513_183302,0.5169355869293213,2,0.51693559;0.10181475,33.13789999992878
baseline@768,baseline,768,GW240513_183302-v1-V1-qscan,GW240513_183302,0.0,0,,31.123599999773433
baseline@768,baseline,768,GW240514_121713-v1-H1-qscan,GW240514_121713,0.8955878615379333,1,0.89558786,30.943300000217278
baseline@768,baseline,768,GW240514_121713-v1-L1-qscan,GW240514_121713,0.8852753639221191,1,0.88527536,30.846599999676982
baseline@768,baseline,768,GW240514_121713-v1-V1-qscan,GW240514_121713,0.0,0,,32.1447000005719
baseline@768,baseline,768,GW240515_005301-v1-H1-qscan,GW240515_005301,0.6751917004585266,2,0.67519170;0.01477043,27.432599999883678
baseline@768,baseline,768,GW240515_005301-v1-L1-qscan,GW240515_005301,0.09073179215192795,3,0.09073179;0.03727639;0.01184594,26.800500000717875
baseline@768,baseline,768,GW240515_005301-v1-V1-qscan,GW240515_005301,0.0,0,,31.562899999698857
baseline@768,baseline,768,GW240516_041939-v1-H1-qscan,GW240516_041939,0.0,0,,31.22429999984888
baseline@768,baseline,768,GW240516_041939-v1-L1-qscan,GW240516_041939,0.0,0,,30.789099999310565
baseline@768,baseline,768,GW240516_041939-v1-V1-qscan,GW240516_041939,0.0,0,,32.34889999930601
baseline@768,baseline,768,GW240519_012815-v1-L1-qscan,GW240519_012815,0.8901329040527344,1,0.89013290,26.71069999996689
baseline@768,baseline,768,GW240519_012815-v1-V1-qscan,GW240519_012815,0.6582216024398804,3,0.65822160;0.10362942;0.09181788,29.795399999784422
baseline@768,baseline,768,GW240520_213616-v1-H1-qscan,GW240520_213616,0.09240490198135376,4,0.09240490;0.04595149;0.03291610;0.01498393,32.88420000080805
baseline@768,baseline,768,GW240520_213616-v1-L1-qscan,GW240520_213616,0.0,0,,31.665099999372615
baseline@768,baseline,768,GW240520_213616-v1-V1-qscan,GW240520_213616,0.0,0,,31.404199999997218
baseline@768,baseline,768,GW240525_031210-v1-H1-qscan,GW240525_031210,0.8256213068962097,2,0.82562131;0.03303899,26.238999999804946
baseline@768,baseline,768,GW240525_031210-v1-L1-qscan,GW240525_031210,0.7944369912147522,1,0.79443699,26.878900000156136
baseline@768,baseline,768,GW240525_031210-v1-V1-qscan,GW240525_031210,0.0,0,,30.593800000133342
baseline@768,baseline,768,GW240525_201644-v1-H1-qscan,GW240525_201644,0.0,0,,30.786499999521766
baseline@768,baseline,768,GW240525_201644-v1-L1-qscan,GW240525_201644,0.0,0,,30.971999999565014
baseline@768,baseline,768,GW240525_201644-v1-V1-qscan,GW240525_201644,0.0,0,,32.48589999930118
baseline@768,baseline,768,GW240526_093944-v1-H1-qscan,GW240526_093944,0.5165602564811707,3,0.51656026;0.40527830;0.01818597,26.364700000158336
baseline@768,baseline,768,GW240526_093944-v1-L1-qscan,GW240526_093944,0.0,0,,30.201499999748194
baseline@768,baseline,768,GW240526_093944-v1-V1-qscan,GW240526_093944,0.0,0,,31.11200000057579
baseline@768,baseline,768,GW240527_150907-v1-H1-qscan,GW240527_150907,0.0,0,,30.40710000004765
baseline@768,baseline,768,GW240527_150907-v1-L1-qscan,GW240527_150907,0.0,0,,32.81539999989036
baseline@768,baseline,768,GW240527_150907-v1-V1-qscan,GW240527_150907,0.0,0,,30.036500000278465
baseline@768,baseline,768,GW240527_183429-v1-H1-qscan,GW240527_183429,0.6273922324180603,2,0.62739223;0.13140795,28.414800000064133
baseline@768,baseline,768,GW240527_183429-v1-L1-qscan,GW240527_183429,0.0,0,,30.553300000065065
baseline@768,baseline,768,GW240527_183429-v1-V1-qscan,GW240527_183429,0.0,0,,30.122299999675306
baseline@768,baseline,768,GW240527_230910-v1-H1-qscan,GW240527_230910,0.10729780048131943,1,0.10729780,30.671100000290608
baseline@768,baseline,768,GW240527_230910-v1-L1-qscan,GW240527_230910,0.08034496009349823,3,0.08034496;0.01521546;0.01247512,32.35360000053333
baseline@768,baseline,768,GW240527_230910-v1-V1-qscan,GW240527_230910,0.11409274488687515,1,0.11409274,27.167799999915587
baseline@768,baseline,768,GW240530_012417-v1-H1-qscan,GW240530_012417,0.0,0,,28.185299999677227
baseline@768,baseline,768,GW240530_012417-v1-L1-qscan,GW240530_012417,0.6742849349975586,2,0.67428493;0.05725523,32.348100000490376
baseline@768,baseline,768,GW240530_012417-v1-V1-qscan,GW240530_012417,0.0,0,,32.52449999945384
baseline@768,baseline,768,GW240531_040326-v1-H1-qscan,GW240531_040326,0.014729042537510395,2,0.01472904;0.01081828,32.61339999971824
baseline@768,baseline,768,GW240531_040326-v1-L1-qscan,GW240531_040326,0.0,0,,29.022400000030757
baseline@768,baseline,768,GW240531_040326-v1-V1-qscan,GW240531_040326,0.0,0,,32.19089999947755
baseline@768,baseline,768,GW240531_075248-v1-H1-qscan,GW240531_075248,0.0,0,,31.31929999926797
baseline@768,baseline,768,GW240531_075248-v1-L1-qscan,GW240531_075248,0.9140591621398926,1,0.91405916,31.0367000001861
baseline@768,baseline,768,GW240531_075248-v1-V1-qscan,GW240531_075248,0.15911224484443665,2,0.15911224;0.01376714,31.426900000042224
baseline@768,baseline,768,GW240601_061200-v1-H1-qscan,GW240601_061200,0.010101189836859703,1,0.01010119,26.60009999999602
baseline@768,baseline,768,GW240601_061200-v1-L1-qscan,GW240601_061200,0.13460342586040497,3,0.13460343;0.04935880;0.01477524,30.456800000138173
baseline@768,baseline,768,GW240601_061200-v1-V1-qscan,GW240601_061200,0.0,0,,30.09600000041246
baseline@768,baseline,768,GW240601_231004-v1-H1-qscan,GW240601_231004,0.0,0,,31.49699999994482
baseline@768,baseline,768,GW240601_231004-v1-L1-qscan,GW240601_231004,0.0,0,,31.133999999838124
baseline@768,baseline,768,GW240601_231004-v1-V1-qscan,GW240601_231004,0.010891586542129517,1,0.01089159,27.00970000023517
baseline@768,baseline,768,GW240611_214835-v1-L1-qscan,GW240611_214835,0.08516043424606323,2,0.08516043;0.02997431,26.552000000265252
baseline@768,baseline,768,GW240611_214835-v1-V1-qscan,GW240611_214835,0.0,0,,31.23570000025211
baseline@768,baseline,768,GW240612_081540-v1-H1-qscan,GW240612_081540,0.26899993419647217,1,0.26899993,32.51060000002326
baseline@768,baseline,768,GW240612_081540-v1-L1-qscan,GW240612_081540,0.16683335602283478,1,0.16683336,31.809400000383903
baseline@768,baseline,768,GW240612_081540-v1-V1-qscan,GW240612_081540,0.0,0,,27.35610000036104
baseline@768,baseline,768,GW240613_011503-v1-H1-qscan,GW240613_011503,0.0,0,,26.53680000003078
baseline@768,baseline,768,GW240613_011503-v1-L1-qscan,GW240613_011503,0.0,0,,27.42630000011559
baseline@768,baseline,768,GW240613_011503-v1-V1-qscan,GW240613_011503,0.0,0,,26.833800000531483
baseline@768,baseline,768,GW240615_113620-v1-H1-qscan,GW240615_113620,0.9110502600669861,1,0.91105026,28.239500000381668
baseline@768,baseline,768,GW240615_113620-v1-L1-qscan,GW240615_113620,0.9161478281021118,1,0.91614783,31.31630000007135
baseline@768,baseline,768,GW240615_113620-v1-V1-qscan,GW240615_113620,0.08951256424188614,1,0.08951256,31.293799999730254
baseline@768,baseline,768,GW240615_160735-v1-H1-qscan,GW240615_160735,0.8559467196464539,1,0.85594672,30.948999999964144
baseline@768,baseline,768,GW240615_160735-v1-L1-qscan,GW240615_160735,0.38746124505996704,2,0.38746125;0.18735765,27.023799999369658
baseline@768,baseline,768,GW240615_160735-v1-V1-qscan,GW240615_160735,0.0,0,,28.347400000711787
baseline@768,baseline,768,GW240618_071627-v1-H1-qscan,GW240618_071627,0.6128917932510376,3,0.61289179;0.14675298;0.10288426,30.878600000505685
baseline@768,baseline,768,GW240618_071627-v1-L1-qscan,GW240618_071627,0.36562883853912354,2,0.36562884;0.01009619,30.20100000048842
baseline@768,baseline,768,GW240619_044535-v1-H1-qscan,GW240619_044535,0.07929892838001251,2,0.07929893;0.01435489,31.6132000007201
baseline@768,baseline,768,GW240619_044535-v1-L1-qscan,GW240619_044535,0.0,0,,31.34189999946102
baseline@768,baseline,768,GW240619_044535-v1-V1-qscan,GW240619_044535,0.0,0,,27.22059999996418
baseline@768,baseline,768,GW240619_212357-v1-H1-qscan,GW240619_212357,0.6317761540412903,2,0.63177615;0.01923970,26.280800000677118
baseline@768,baseline,768,GW240619_212357-v1-L1-qscan,GW240619_212357,0.0,0,,31.365400000140653
baseline@768,baseline,768,GW240619_212357-v1-V1-qscan,GW240619_212357,0.0,0,,30.250300000261632
baseline@768,baseline,768,GW240620_094631-v1-H1-qscan,GW240620_094631,0.0,0,,31.125999999858323
baseline@768,baseline,768,GW240620_094631-v1-L1-qscan,GW240620_094631,0.0,0,,32.02729999975418
baseline@768,baseline,768,GW240620_094631-v1-V1-qscan,GW240620_094631,0.0,0,,27.408500000092317
baseline@768,baseline,768,GW240621_103457-v1-H1-qscan,GW240621_103457,0.21703465282917023,1,0.21703465,30.874100000801263
baseline@768,baseline,768,GW240621_103457-v1-L1-qscan,GW240621_103457,0.0,0,,31.318999999712105
baseline@768,baseline,768,GW240621_103457-v1-V1-qscan,GW240621_103457,0.0,0,,30.62910000062402
baseline@768,baseline,768,GW240621_195059-v1-H1-qscan,GW240621_195059,0.919075608253479,1,0.91907561,31.749300000228686
baseline@768,baseline,768,GW240621_195059-v1-L1-qscan,GW240621_195059,0.8622238039970398,1,0.86222380,28.81340000021737
baseline@768,baseline,768,GW240621_195059-v1-V1-qscan,GW240621_195059,0.0719219222664833,2,0.07192192;0.04317345,26.957199999742443
baseline@768,baseline,768,GW240621_200935-v1-H1-qscan,GW240621_200935,0.3246704936027527,2,0.32467049;0.08609528,30.96189999996568
baseline@768,baseline,768,GW240621_200935-v1-L1-qscan,GW240621_200935,0.4134666323661804,2,0.41346663;0.01439872,32.221400000707945
baseline@768,baseline,768,GW240621_200935-v1-V1-qscan,GW240621_200935,0.0,0,,31.009500000436674
baseline@768,baseline,768,GW240621_214041-v1-H1-qscan,GW240621_214041,0.14248141646385193,2,0.14248142;0.14111494,27.743399999963003
baseline@768,baseline,768,GW240621_214041-v1-L1-qscan,GW240621_214041,0.7834226489067078,1,0.78342265,26.709300000220537
baseline@768,baseline,768,GW240621_214041-v1-V1-qscan,GW240621_214041,0.0,0,,30.499999999847205
baseline@768,baseline,768,GW240622_004008-v1-H1-qscan,GW240622_004008,0.0319460928440094,2,0.03194609;0.01773627,31.255699999746867
baseline@768,baseline,768,GW240622_004008-v1-L1-qscan,GW240622_004008,0.015586345456540585,1,0.01558635,31.810200000109035
baseline@768,baseline,768,GW240622_004008-v1-V1-qscan,GW240622_004008,0.0,0,,31.18720000020403
baseline@768,baseline,768,GW240625_073331-v1-H1-qscan,GW240625_073331,0.04470892250537872,1,0.04470892,28.5332000003109
baseline@768,baseline,768,GW240625_073331-v1-L1-qscan,GW240625_073331,0.0,0,,30.313199999909557
baseline@768,baseline,768,GW240627_131622-v1-H1-qscan,GW240627_131622,0.038452185690402985,2,0.03845219;0.02974760,30.646499999420485
baseline@768,baseline,768,GW240627_131622-v1-L1-qscan,GW240627_131622,0.106443390250206,2,0.10644339;0.04531052,31.698599999799626
baseline@768,baseline,768,GW240627_131622-v1-V1-qscan,GW240627_131622,0.0,0,,31.33239999988291
baseline@768,baseline,768,GW240629_145256-v1-H1-qscan,GW240629_145256,0.1387137919664383,2,0.13871379;0.02825941,27.497500000208674
baseline@768,baseline,768,GW240629_145256-v1-L1-qscan,GW240629_145256,0.11188018321990967,3,0.11188018;0.02714227;0.01026177,30.033699999876262
baseline@768,baseline,768,GW240629_145256-v1-V1-qscan,GW240629_145256,0.0,0,,31.277199999749428
baseline@768,baseline,768,GW240630_101703-v1-H1-qscan,GW240630_101703,0.5303301215171814,2,0.53033012;0.01584063,31.98199999951612
baseline@768,baseline,768,GW240630_101703-v1-V1-qscan,GW240630_101703,0.0,0,,31.890199999907054
baseline@768,baseline,768,GW240630_115348-v1-H1-qscan,GW240630_115348,0.6159906983375549,5,0.61599070;0.06935439;0.03227425;0.03062429;0.01768103,28.342299999167153
baseline@768,baseline,768,GW240630_115348-v1-L1-qscan,GW240630_115348,0.8013582229614258,1,0.80135822,31.782799999746203
baseline@768,baseline,768,GW240630_115348-v1-V1-qscan,GW240630_115348,0.0,0,,30.917199999748846
baseline@768,baseline,768,GW240630_212937-v1-H1-qscan,GW240630_212937,0.0,0,,31.382400000438793
baseline@768,baseline,768,GW240630_212937-v1-L1-qscan,GW240630_212937,0.0,0,,31.778700000359095
baseline@768,baseline,768,GW240630_212937-v1-V1-qscan,GW240630_212937,0.0,0,,30.95149999990099
baseline@768,baseline,768,GW240701_011640-v1-H1-qscan,GW240701_011640,0.0,0,,30.60670000013488
baseline@768,baseline,768,GW240701_011640-v1-L1-qscan,GW240701_011640,0.0,0,,30.474200000753626
baseline@768,baseline,768,GW240701_011640-v1-V1-qscan,GW240701_011640,0.0,0,,31.664399999499437
baseline@768,baseline,768,GW240701_013826-v1-H1-qscan,GW240701_013826,0.0,0,,31.66259999943577
baseline@768,baseline,768,GW240701_013826-v1-L1-qscan,GW240701_013826,0.0,0,,26.67199999996228
baseline@768,baseline,768,GW240701_013826-v1-V1-qscan,GW240701_013826,0.5994093418121338,1,0.59940934,26.87190000051487
baseline@768,baseline,768,GW240701_203807-v1-H1-qscan,GW240701_203807,0.0,0,,29.968799999551266
baseline@768,baseline,768,GW240701_203807-v1-L1-qscan,GW240701_203807,0.0,0,,32.12510000048496
baseline@768,baseline,768,GW240701_203807-v1-V1-qscan,GW240701_203807,0.0,0,,30.838499999845226
baseline@768,baseline,768,GW240703_191355-v1-L1-qscan,GW240703_191355,0.23871704936027527,5,0.23871705;0.02443929;0.01864435;0.01344123;0.01041685,32.375900000261026
baseline@768,baseline,768,GW240703_191355-v1-V1-qscan,GW240703_191355,0.02526705525815487,3,0.02526706;0.02371482;0.01837300,27.479399999720044
baseline@768,baseline,768,GW240705_053215-v1-H1-qscan,GW240705_053215,0.325707346200943,8,0.32570735;0.26327068;0.07045836;0.05815087;0.05013984;0.04569102;0.03087276;0.01461945,31.650200000512996
baseline@768,baseline,768,GW240705_053215-v1-L1-qscan,GW240705_053215,0.5113829970359802,2,0.51138300;0.02881257,30.840299999908893
baseline@768,baseline,768,GW240705_053215-v1-V1-qscan,GW240705_053215,0.0,0,,30.858099999932165
baseline@768,baseline,768,GW240716_034900-v1-L1-qscan,GW240716_034900,0.9025737643241882,4,0.90257376;0.02629079;0.01383765;0.01297366,31.865599999946426
baseline@768,baseline,768,GW240716_034900-v1-V1-qscan,GW240716_034900,0.0,0,,27.71480000046722
baseline@768,baseline,768,GW240806_043539-v1-L1-qscan,GW240806_043539,0.0,0,,31.209599999783677
baseline@768,baseline,768,GW240806_043539-v1-V1-qscan,GW240806_043539,0.0,0,,29.9684999999954
baseline@768,baseline,768,GW240807_214559-v1-L1-qscan,GW240807_214559,0.0,0,,30.486100000416627
baseline@768,baseline,768,GW240807_214559-v1-V1-qscan,GW240807_214559,0.0,0,,31.718900000669237
baseline@768,baseline,768,GW240813_034548-v1-L1-qscan,GW240813_034548,0.0,0,,30.475399999886577
baseline@768,baseline,768,GW240813_034548-v1-V1-qscan,GW240813_034548,0.012235315516591072,1,0.01223532,27.988400000140246
baseline@768,baseline,768,GW240814_145043-v1-L1-qscan,GW240814_145043,0.05454404652118683,2,0.05454405;0.03940574,30.580599999666447
baseline@768,baseline,768,GW240814_145043-v1-V1-qscan,GW240814_145043,0.0,0,,30.93269999953918
baseline@768,baseline,768,GW240824_205609-v1-H1-qscan,GW240824_205609,0.253772497177124,3,0.25377250;0.11620511;0.04242427,31.865400000242516
baseline@768,baseline,768,GW240824_205609-v1-L1-qscan,GW240824_205609,0.0,0,,31.31020000000717
baseline@768,baseline,768,GW240824_205609-v1-V1-qscan,GW240824_205609,0.6927439570426941,1,0.69274396,27.37489999981335
baseline@768,baseline,768,GW240825_055146-v1-H1-qscan,GW240825_055146,0.0,0,,30.568700000003446
baseline@768,baseline,768,GW240825_055146-v1-L1-qscan,GW240825_055146,0.29257023334503174,4,0.29257023;0.14136034;0.09846335;0.01216585,30.138000000079046
baseline@768,baseline,768,GW240825_055146-v1-V1-qscan,GW240825_055146,0.0,0,,32.03880000000936
baseline@768,baseline,768,GW240828_102340-v1-H1-qscan,GW240828_102340,0.10212381929159164,2,0.10212382;0.02592875,32.05250000064552
baseline@768,baseline,768,GW240828_102340-v1-L1-qscan,GW240828_102340,0.012837568297982216,1,0.01283757,27.353800000128103
baseline@768,baseline,768,GW240828_102340-v1-V1-qscan,GW240828_102340,0.0,0,,29.871900000216556
baseline@768,baseline,768,GW240830_211120-v1-H1-qscan,GW240830_211120,0.0,0,,30.651699999907578
baseline@768,baseline,768,GW240830_211120-v1-L1-qscan,GW240830_211120,0.011934022419154644,1,0.01193402,31.93020000071556
baseline@768,baseline,768,GW240830_211120-v1-V1-qscan,GW240830_211120,0.0,0,,31.278200000087963
baseline@768,baseline,768,GW240901_195332-v1-H1-qscan,GW240901_195332,0.0,0,,31.186000000161584
baseline@768,baseline,768,GW240901_195332-v1-L1-qscan,GW240901_195332,0.0,0,,27.03120000023773
baseline@768,baseline,768,GW240901_195332-v1-V1-qscan,GW240901_195332,0.0,0,,30.755499999941094
baseline@768,baseline,768,GW240902_143306-v1-H1-qscan,GW240902_143306,0.2703585624694824,1,0.27035856,29.577299999800744
baseline@768,baseline,768,GW240902_143306-v1-L1-qscan,GW240902_143306,0.05859199911355972,5,0.05859200;0.03488508;0.01383158;0.01179120;0.01023062,31.5377000006265
baseline@768,baseline,768,GW240902_143306-v1-V1-qscan,GW240902_143306,0.2853747606277466,3,0.28537476;0.01648763;0.01644448,31.540700000732613
baseline@768,baseline,768,GW240907_092521-v1-H1-qscan,GW240907_092521,0.19684013724327087,3,0.19684014;0.03190347;0.02862640,28.715899999951944
baseline@768,baseline,768,GW240907_092521-v1-L1-qscan,GW240907_092521,0.0,0,,31.547999999929743
baseline@768,baseline,768,GW240907_092521-v1-V1-qscan,GW240907_092521,0.0,0,,31.3309000002846
baseline@768,baseline,768,GW240907_121650-v1-H1-qscan,GW240907_121650,0.10797692090272903,1,0.10797692,31.139700000494486
baseline@768,baseline,768,GW240907_121650-v1-L1-qscan,GW240907_121650,0.0,0,,29.264700000567245
baseline@768,baseline,768,GW240907_121650-v1-V1-qscan,GW240907_121650,0.40192079544067383,2,0.40192080;0.05143382,27.227100000345672
baseline@768,baseline,768,GW240907_153833-v1-H1-qscan,GW240907_153833,0.736522912979126,3,0.73652291;0.02655839;0.01200646,30.186600000888575
baseline@768,baseline,768,GW240907_153833-v1-L1-qscan,GW240907_153833,0.8717325329780579,1,0.87173253,30.9002000003602
baseline@768,baseline,768,GW240907_153833-v1-V1-qscan,GW240907_153833,0.2044823318719864,1,0.20448233,31.930300000567513
baseline@768,baseline,768,GW240908_082628-v1-H1-qscan,GW240908_082628,0.05021389573812485,3,0.05021390;0.01417503;0.01205193,31.02509999916947
baseline@768,baseline,768,GW240908_082628-v1-L1-qscan,GW240908_082628,0.200968399643898,2,0.20096840;0.14075683,26.456499999767402
baseline@768,baseline,768,GW240908_082628-v1-V1-qscan,GW240908_082628,0.03987670689821243,4,0.03987671;0.01810025;0.01321055;0.01129251,27.49390000008134
baseline@768,baseline,768,GW240908_125134-v1-H1-qscan,GW240908_125134,0.6584665179252625,2,0.65846652;0.07680012,31.38200000012148
baseline@768,baseline,768,GW240908_125134-v1-L1-qscan,GW240908_125134,0.09964817017316818,1,0.09964817,30.465400000139198
baseline@768,baseline,768,GW240908_125134-v1-V1-qscan,GW240908_125134,0.0,0,,32.302200000231096
baseline@768,baseline,768,GW240908_174149-v1-H1-qscan,GW240908_174149,0.049695901572704315,2,0.04969590;0.02807482,27.54819999972824
baseline@768,baseline,768,GW240908_174149-v1-L1-qscan,GW240908_174149,0.0,0,,27.506000000357744
baseline@768,baseline,768,GW240908_174149-v1-V1-qscan,GW240908_174149,0.0,0,,26.349100000516046
baseline@768,baseline,768,GW240910_103535-v1-H1-qscan,GW240910_103535,0.35228797793388367,2,0.35228798;0.01674435,27.015900000151305
baseline@768,baseline,768,GW240910_103535-v1-L1-qscan,GW240910_103535,0.13019698858261108,2,0.13019699;0.02271169,31.487799999922572
baseline@768,baseline,768,GW240913_111216-v1-H1-qscan,GW240913_111216,0.0,0,,31.749499999932596
baseline@768,baseline,768,GW240913_111216-v1-L1-qscan,GW240913_111216,0.0,0,,32.01999999964755
baseline@768,baseline,768,GW240913_111216-v1-V1-qscan,GW240913_111216,0.0,0,,27.741599999899336
baseline@768,baseline,768,GW240915_001357-v1-H1-qscan,GW240915_001357,0.4768105447292328,2,0.47681054;0.03068127,27.52539999983128
baseline@768,baseline,768,GW240915_001357-v1-L1-qscan,GW240915_001357,0.8241477012634277,2,0.82414770;0.02747760,31.39629999986937
baseline@768,baseline,768,GW240915_001357-v1-V1-qscan,GW240915_001357,0.0,0,,31.09909999966476
baseline@768,baseline,768,GW240915_045510-v1-H1-qscan,GW240915_045510,0.156832754611969,3,0.15683275;0.03304676;0.01099399,31.31889999986015
baseline@768,baseline,768,GW240915_045510-v1-L1-qscan,GW240915_045510,0.0,0,,27.967099999841594
baseline@768,baseline,768,GW240915_045510-v1-V1-qscan,GW240915_045510,0.9139295816421509,2,0.91392958;0.02148028,26.809200000570854
baseline@768,baseline,768,GW240915_105151-v1-H1-qscan,GW240915_105151,0.565944254398346,4,0.56594425;0.02362976;0.01745507;0.01301909,30.711800000062794
baseline@768,baseline,768,GW240915_105151-v1-V1-qscan,GW240915_105151,0.0,0,,31.721700000161945
baseline@768,baseline,768,GW240916_184352-v1-H1-qscan,GW240916_184352,0.0,0,,30.56419999938953
baseline@768,baseline,768,GW240916_184352-v1-L1-qscan,GW240916_184352,0.0,0,,32.191499999498774
baseline@768,baseline,768,GW240916_184352-v1-V1-qscan,GW240916_184352,0.04603093862533569,2,0.04603094;0.02098712,28.585499999280728
baseline@768,baseline,768,GW240917_130237-v1-H1-qscan,GW240917_130237,0.0,0,,29.893900000388385
baseline@768,baseline,768,GW240917_130237-v1-L1-qscan,GW240917_130237,0.0,0,,31.58849999999802
baseline@768,baseline,768,GW240919_061559-v1-H1-qscan,GW240919_061559,0.6698833703994751,2,0.66988337;0.08662523,30.31860000010056
baseline@768,baseline,768,GW240919_061559-v1-L1-qscan,GW240919_061559,0.8854470252990723,2,0.88544703;0.02885487,31.00720000020374
baseline@768,baseline,768,GW240919_061559-v1-V1-qscan,GW240919_061559,0.5582806468009949,1,0.55828065,31.962099999873317
baseline@768,baseline,768,GW240919_215453-v1-H1-qscan,GW240919_215453,0.0,0,,26.348399999733374
baseline@768,baseline,768,GW240919_215453-v1-L1-qscan,GW240919_215453,0.5396952033042908,2,0.53969520;0.15707837,30.852500000037253
baseline@768,baseline,768,GW240919_215453-v1-V1-qscan,GW240919_215453,0.0,0,,31.644900000173948
baseline@768,baseline,768,GW240920_073424-v1-H1-qscan,GW240920_073424,0.8329683542251587,1,0.83296835,30.415199999879405
baseline@768,baseline,768,GW240920_073424-v1-L1-qscan,GW240920_073424,0.6409692168235779,6,0.64096922;0.61525309;0.01701194;0.01618390;0.01461638;0.01133127,31.4131000004636
baseline@768,baseline,768,GW240920_073424-v1-V1-qscan,GW240920_073424,0.7287811040878296,3,0.72878110;0.08505209;0.01049418,29.242100000374194
baseline@768,baseline,768,GW240920_124024-v1-H1-qscan,GW240920_124024,0.915320873260498,1,0.91532087,30.21820000049047
baseline@768,baseline,768,GW240920_124024-v1-L1-qscan,GW240920_124024,0.7202054262161255,3,0.72020543;0.69284314;0.04101649,32.12890000031621
baseline@768,baseline,768,GW240921_201835-v1-L1-qscan,GW240921_201835,0.42097488045692444,3,0.42097488;0.13039801;0.04257785,32.9079000002821
baseline@768,baseline,768,GW240921_201835-v1-V1-qscan,GW240921_201835,0.0,0,,31.430699999873468
baseline@768,baseline,768,GW240923_000715-v1-H1-qscan,GW240923_000715,0.0,0,,26.83100000012928
baseline@768,baseline,768,GW240923_000715-v1-L1-qscan,GW240923_000715,0.0,0,,27.348600000550505
baseline@768,baseline,768,GW240923_000715-v1-V1-qscan,GW240923_000715,0.05444534122943878,2,0.05444534;0.01418802,30.983600000581646
baseline@768,baseline,768,GW240923_110846-v1-H1-qscan,GW240923_110846,0.839617133140564,2,0.83961713;0.72905242,29.8451999997269
baseline@768,baseline,768,GW240923_204006-v1-H1-qscan,GW240923_204006,0.04634677991271019,2,0.04634678;0.01764554,30.332399999679183
baseline@768,baseline,768,GW240923_204006-v1-L1-qscan,GW240923_204006,0.8140772581100464,1,0.81407726,32.35409999979311
baseline@768,baseline,768,GW240924_000316-v1-H1-qscan,GW240924_000316,0.4911021888256073,1,0.49110219,26.377200000752055
baseline@768,baseline,768,GW240924_000316-v1-L1-qscan,GW240924_000316,0.0,0,,28.565399999934016
baseline@768,baseline,768,GW240924_000316-v1-V1-qscan,GW240924_000316,0.0,0,,30.883899999935238
baseline@768,baseline,768,GW240925_000956-v1-H1-qscan,GW240925_000956,0.0,0,,30.397900000025402
baseline@768,baseline,768,GW240925_000956-v1-L1-qscan,GW240925_000956,0.0,0,,30.687999999827298
baseline@768,baseline,768,GW240925_000956-v1-V1-qscan,GW240925_000956,0.0,0,,31.05890000006184
baseline@768,baseline,768,GW240925_005809-v2-H1-qscan,GW240925_005809,0.8235355615615845,1,0.82353556,27.68579999974463
baseline@768,baseline,768,GW240925_005809-v2-L1-qscan,GW240925_005809,0.9181133508682251,1,0.91811335,27.543799999875773
baseline@768,baseline,768,GW240925_005809-v2-V1-qscan,GW240925_005809,0.0,0,,28.07310000025609
baseline@768,baseline,768,GW240930_035959-v1-H1-qscan,GW240930_035959,0.6770316958427429,1,0.67703170,35.39050000017596
baseline@768,baseline,768,GW240930_035959-v1-L1-qscan,GW240930_035959,0.5359697937965393,7,0.53596979;0.07738345;0.04970049;0.03545623;0.02345228;0.01270139;0.01020818,30.45010000005277
baseline@768,baseline,768,GW240930_035959-v1-V1-qscan,GW240930_035959,0.14379113912582397,1,0.14379114,31.38929999931861
baseline@768,baseline,768,GW240930_123408-v1-H1-qscan,GW240930_123408,0.1743302345275879,2,0.17433023;0.01011634,29.734700000517478
baseline@768,baseline,768,GW240930_123408-v1-L1-qscan,GW240930_123408,0.0,0,,31.40010000061011
baseline@768,baseline,768,GW240930_123408-v1-V1-qscan,GW240930_123408,0.0,0,,35.75799999998708
baseline@768,baseline,768,GW240930_234614-v1-H1-qscan,GW240930_234614,0.0,0,,31.288099999983388
baseline@768,baseline,768,GW240930_234614-v1-L1-qscan,GW240930_234614,0.284420907497406,3,0.28442091;0.02080727;0.01315073,31.510700000580982
baseline@768,baseline,768,GW240930_234614-v1-V1-qscan,GW240930_234614,0.0,0,,27.81059999961144
baseline@768,baseline,768,GW241002_030559-v1-L1-qscan,GW241002_030559,0.6818192601203918,1,0.68181926,31.57030000056693
baseline@768,baseline,768,GW241002_030559-v1-V1-qscan,GW241002_030559,0.0,0,,31.27440000025672
baseline@768,baseline,768,GW241006_015333-v1-H1-qscan,GW241006_015333,0.13880376517772675,3,0.13880377;0.11405698;0.01974121,31.465099999877566
baseline@768,baseline,768,GW241006_015333-v1-L1-qscan,GW241006_015333,0.8131624460220337,2,0.81316245;0.06976246,29.84790000027715
baseline@768,baseline,768,GW241006_015333-v1-V1-qscan,GW241006_015333,0.024409709498286247,5,0.02440971;0.02343465;0.01386961;0.01335575;0.01233118,29.33889999985695
baseline@768,baseline,768,GW241007_082943-v1-H1-qscan,GW241007_082943,0.34406551718711853,2,0.34406552;0.01566647,31.065699999999197
baseline@768,baseline,768,GW241007_082943-v1-L1-qscan,GW241007_082943,0.21202459931373596,1,0.21202460,31.431200000042736
baseline@768,baseline,768,GW241007_082943-v1-V1-qscan,GW241007_082943,0.0,0,,27.72099999947386
baseline@768,baseline,768,GW241009_022835-v1-H1-qscan,GW241009_022835,0.0,0,,27.75599999949918
baseline@768,baseline,768,GW241009_022835-v1-L1-qscan,GW241009_022835,0.4343661665916443,2,0.43436617;0.02404906,31.673999999838998
baseline@768,baseline,768,GW241009_022835-v1-V1-qscan,GW241009_022835,0.0,0,,30.99999999994907
baseline@768,baseline,768,GW241009_084816-v1-H1-qscan,GW241009_084816,0.014273102395236492,1,0.01427310,32.83689999989292
baseline@768,baseline,768,GW241009_084816-v1-L1-qscan,GW241009_084816,0.13110969960689545,3,0.13110970;0.09948777;0.03845562,28.73210000052495
baseline@768,baseline,768,GW241009_084816-v1-V1-qscan,GW241009_084816,0.0,0,,32.74619999956485
baseline@768,baseline,768,GW241009_220455-v1-H1-qscan,GW241009_220455,0.7470766305923462,1,0.74707663,32.129799999893294
baseline@768,baseline,768,GW241009_220455-v1-L1-qscan,GW241009_220455,0.0514984093606472,2,0.05149841;0.03565240,31.853100000262202
baseline@768,baseline,768,GW241009_220455-v1-V1-qscan,GW241009_220455,0.7078842520713806,1,0.70788425,27.2954000001846
baseline@768,baseline,768,GW241011_233834-v2-H1-qscan,GW241011_233834,0.9011951088905334,1,0.90119511,29.70980000009149
baseline@768,baseline,768,GW241011_233834-v2-V1-qscan,GW241011_233834,0.21549750864505768,2,0.21549751;0.01367371,33.27470000022004
baseline@768,baseline,768,GW241018_235402-v1-H1-qscan,GW241018_235402,0.44910135865211487,2,0.44910136;0.01738705,31.556699999782722
baseline@768,baseline,768,GW241018_235402-v1-V1-qscan,GW241018_235402,0.0,0,,31.65439999975206
baseline@768,baseline,768,GW241101_034726-v1-H1-qscan,GW241101_034726,0.0,0,,28.22640000067622
baseline@768,baseline,768,GW241101_034726-v1-L1-qscan,GW241101_034726,0.0,0,,31.057800000780844
baseline@768,baseline,768,GW241101_034726-v1-V1-qscan,GW241101_034726,0.0,0,,31.939100000272447
baseline@768,baseline,768,GW241101_220523-v1-L1-qscan,GW241101_220523,0.6779695153236389,1,0.67796952,32.45390000029147
baseline@768,baseline,768,GW241101_220523-v1-V1-qscan,GW241101_220523,0.0,0,,31.56070000022737
baseline@768,baseline,768,GW241102_124058-v1-H1-qscan,GW241102_124058,0.8720417022705078,3,0.87204170;0.69489479;0.01736690,26.36389999952371
baseline@768,baseline,768,GW241102_124058-v1-L1-qscan,GW241102_124058,0.5690923929214478,5,0.56909239;0.06966598;0.04632724;0.02324780;0.01542989,31.561199999487144
baseline@768,baseline,768,GW241102_124058-v1-V1-qscan,GW241102_124058,0.0,0,,32.16210000027786
baseline@768,baseline,768,GW241102_144729-v1-H1-qscan,GW241102_144729,0.22919999063014984,2,0.22919999;0.01037505,30.287099999441125
baseline@768,baseline,768,GW241102_144729-v1-L1-qscan,GW241102_144729,0.9322364926338196,1,0.93223649,31.644300000152725
baseline@768,baseline,768,GW241102_144729-v1-V1-qscan,GW241102_144729,0.0,0,,31.87340000022232
baseline@768,baseline,768,GW241106_110932-v1-H1-qscan,GW241106_110932,0.43924906849861145,2,0.43924907;0.32539964,31.874700000116718
baseline@768,baseline,768,GW241106_110932-v1-L1-qscan,GW241106_110932,0.01732751727104187,1,0.01732752,32.75789999952394
baseline@768,baseline,768,GW241106_110932-v1-V1-qscan,GW241106_110932,0.0,0,,31.669199999669218
baseline@768,baseline,768,GW241109_005349-v1-H1-qscan,GW241109_005349,0.0,0,,27.724100000341423
baseline@768,baseline,768,GW241109_005349-v1-L1-qscan,GW241109_005349,0.0,0,,28.36730000035459
baseline@768,baseline,768,GW241109_033317-v1-L1-qscan,GW241109_033317,0.7456368207931519,1,0.74563682,33.571500000107335
baseline@768,baseline,768,GW241109_033317-v1-V1-qscan,GW241109_033317,0.12785209715366364,2,0.12785210;0.01122867,31.311900000218884
baseline@768,baseline,768,GW241109_115924-v1-H1-qscan,GW241109_115924,0.03779285401105881,3,0.03779285;0.02403505;0.02077957,31.761399999595596
baseline@768,baseline,768,GW241109_115924-v1-V1-qscan,GW241109_115924,0.0,0,,27.484999999614956
baseline@768,baseline,768,GW241110_124123-v2-H1-qscan,GW241110_124123,0.013382934965193272,1,0.01338293,26.101000000380736
baseline@768,baseline,768,GW241110_124123-v2-L1-qscan,GW241110_124123,0.7499576807022095,2,0.74995768;0.01863771,27.724300000045332
baseline@768,baseline,768,GW241110_124123-v2-V1-qscan,GW241110_124123,0.0,0,,32.76480000022275
baseline@768,baseline,768,GW241111_111552-v1-H1-qscan,GW241111_111552,0.32133352756500244,3,0.32133353;0.06114979;0.01115664,30.988299999989977
baseline@768,baseline,768,GW241111_111552-v1-L1-qscan,GW241111_111552,0.06336279213428497,2,0.06336279;0.02442854,31.89580000071146
baseline@768,baseline,768,GW241113_163507-v1-L1-qscan,GW241113_163507,0.25511443614959717,4,0.25511444;0.10164207;0.01379834;0.01248461,28.72430000024906
baseline@768,baseline,768,GW241113_163507-v1-V1-qscan,GW241113_163507,0.0,0,,32.52169999996113
baseline@768,baseline,768,GW241114_024711-v1-H1-qscan,GW241114_024711,0.7168756723403931,3,0.71687567;0.47652805;0.05465562,32.30749999966065
baseline@768,baseline,768,GW241114_024711-v1-L1-qscan,GW241114_024711,0.0,0,,33.012600000802195
baseline@768,baseline,768,GW241114_024711-v1-V1-qscan,GW241114_024711,0.0,0,,27.003100000001723
baseline@768,baseline,768,GW241114_235258-v1-L1-qscan,GW241114_235258,0.0,0,,28.652100000726932
baseline@768,baseline,768,GW241114_235258-v1-V1-qscan,GW241114_235258,0.0,0,,31.699399999524758
baseline@768,baseline,768,GW241116_151753-v1-H1-qscan,GW241116_151753,0.021916300058364868,1,0.02191630,30.978800000411866
baseline@768,baseline,768,GW241116_151753-v1-L1-qscan,GW241116_151753,0.4602735936641693,1,0.46027359,31.978500000150234
baseline@768,baseline,768,GW241116_151753-v1-V1-qscan,GW241116_151753,0.0,0,,27.976700000181154
baseline@768,baseline,768,GW241124_024914-v1-H1-qscan,GW241124_024914,0.8890972137451172,1,0.88909721,26.532799999586132
baseline@768,baseline,768,GW241124_024914-v1-L1-qscan,GW241124_024914,0.06849066913127899,1,0.06849067,31.809499999326363
baseline@768,baseline,768,GW241124_024914-v1-V1-qscan,GW241124_024914,0.033099208027124405,1,0.03309921,30.755300000237185
baseline@768,baseline,768,GW241125_010116-v1-H1-qscan,GW241125_010116,0.030138662084937096,1,0.03013866,31.456200000320678
baseline@768,baseline,768,GW241125_010116-v1-L1-qscan,GW241125_010116,0.2717569172382355,1,0.27175692,31.18850000009843
baseline@768,baseline,768,GW241125_010116-v1-V1-qscan,GW241125_010116,0.0,0,,30.292399999780173
baseline@768,baseline,768,GW241127_061008-v1-H1-qscan,GW241127_061008,0.9118329882621765,1,0.91183299,33.37889999966137
baseline@768,baseline,768,GW241127_061008-v1-L1-qscan,GW241127_061008,0.8808571696281433,1,0.88085717,31.18969999923138
baseline@768,baseline,768,GW241127_061008-v1-V1-qscan,GW241127_061008,0.0,0,,27.72149999964313
baseline@768,baseline,768,GW241129_021832-v1-H1-qscan,GW241129_021832,0.39299237728118896,1,0.39299238,26.76549999978306
baseline@768,baseline,768,GW241129_021832-v1-L1-qscan,GW241129_021832,0.7338972091674805,1,0.73389721,31.66289999990113
baseline@768,baseline,768,GW241129_021832-v1-V1-qscan,GW241129_021832,0.015156963840126991,1,0.01515696,31.12139999939245
baseline@768,baseline,768,GW241129_140416-v1-H1-qscan,GW241129_140416,0.0,0,,32.166699999834236
baseline@768,baseline,768,GW241129_140416-v1-L1-qscan,GW241129_140416,0.0,0,,28.514699999504955
baseline@768,baseline,768,GW241130_034908-v1-H1-qscan,GW241130_034908,0.6223465800285339,3,0.62234658;0.01549539;0.01245050,26.568799999949988
baseline@768,baseline,768,GW241130_034908-v1-L1-qscan,GW241130_034908,0.7514519095420837,1,0.75145191,32.007599999815284
baseline@768,baseline,768,GW241130_034908-v1-V1-qscan,GW241130_034908,0.19256433844566345,2,0.19256434;0.05724789,31.078400000296824
baseline@768,baseline,768,GW241130_110422-v1-H1-qscan,GW241130_110422,0.012156947515904903,1,0.01215695,32.27539999988949
baseline@768,baseline,768,GW241130_110422-v1-L1-qscan,GW241130_110422,0.44468429684638977,2,0.44468430;0.07627430,32.55780000017694
baseline@768,baseline,768,GW241130_110422-v1-V1-qscan,GW241130_110422,0.0,0,,31.520300000011048
baseline@768,baseline,768,GW241201_055758-v1-H1-qscan,GW241201_055758,0.8362247943878174,2,0.83622479;0.08637381,31.395699999848148
baseline@768,baseline,768,GW241201_055758-v1-L1-qscan,GW241201_055758,0.0,0,,31.007499999759602
baseline@768,baseline,768,GW241201_055758-v1-V1-qscan,GW241201_055758,0.027712199836969376,2,0.02771220;0.02373279,27.721099999325816
baseline@768,baseline,768,GW241201_142737-v1-H1-qscan,GW241201_142737,0.0,0,,31.802299999981187
baseline@768,baseline,768,GW241201_142737-v1-L1-qscan,GW241201_142737,0.0,0,,32.61930000007851
baseline@768,baseline,768,GW241201_142737-v1-V1-qscan,GW241201_142737,0.304303377866745,1,0.30430338,31.972299999324605
baseline@768,baseline,768,GW241210_023335-v1-H1-qscan,GW241210_023335,0.010636793449521065,1,0.01063679,28.0890999993062
baseline@768,baseline,768,GW241210_023335-v1-L1-qscan,GW241210_023335,0.0,0,,28.373199999805365
baseline@768,baseline,768,GW241210_060606-v1-H1-qscan,GW241210_060606,0.24238955974578857,3,0.24238956;0.16264543;0.05405504,31.49900000062189
baseline@768,baseline,768,GW241210_060606-v1-L1-qscan,GW241210_060606,0.26443496346473694,1,0.26443496,30.552799999895797
baseline@768,baseline,768,GW241210_060606-v1-V1-qscan,GW241210_060606,0.08848593384027481,2,0.08848593;0.08703318,33.75839999989694
baseline@768,baseline,768,GW241210_120900-v1-H1-qscan,GW241210_120900,0.0,0,,31.352099999821803
baseline@768,baseline,768,GW241210_120900-v1-L1-qscan,GW241210_120900,0.8074425458908081,1,0.80744255,32.62960000029125
baseline@768,baseline,768,GW241219_222607-v1-H1-qscan,GW241219_222607,0.05024569854140282,2,0.05024570;0.01802855,30.742500000087603
baseline@768,baseline,768,GW241219_222607-v1-L1-qscan,GW241219_222607,0.0,0,,31.572400000186462
baseline@768,baseline,768,GW241220_062146-v1-H1-qscan,GW241220_062146,0.0,0,,27.52890000010666
baseline@768,baseline,768,GW241220_062146-v1-L1-qscan,GW241220_062146,0.0,0,,31.635499999538297
baseline@768,baseline,768,GW241225_042553-v1-L1-qscan,GW241225_042553,0.894566535949707,4,0.89456654;0.10214060;0.05634701;0.01460567,31.489500000134285
baseline@768,baseline,768,GW241225_042553-v1-V1-qscan,GW241225_042553,0.032159071415662766,2,0.03215907;0.02933219,31.61889999955747
baseline@768,baseline,768,GW241225_082815-v1-H1-qscan,GW241225_082815,0.9298471808433533,1,0.92984718,27.059099999860337
baseline@768,baseline,768,GW241225_082815-v1-L1-qscan,GW241225_082815,0.9214161038398743,2,0.92141610;0.16588849,26.09759999995731
baseline@768,baseline,768,GW241229_155844-v1-H1-qscan,GW241229_155844,0.878358006477356,1,0.87835801,31.742799999847193
baseline@768,baseline,768,GW241229_155844-v1-L1-qscan,GW241229_155844,0.014159660786390305,1,0.01415966,31.712299999526294
baseline@768,baseline,768,GW241229_155844-v1-V1-qscan,GW241229_155844,0.0,0,,32.87999999975
baseline@768,baseline,768,GW241230_084504-v1-L1-qscan,GW241230_084504,0.9312013387680054,1,0.93120134,28.33970000028785
baseline@768,baseline,768,GW241230_084504-v1-V1-qscan,GW241230_084504,0.3035256266593933,1,0.30352563,31.699099999968894
baseline@768,baseline,768,GW241230_233618-v1-H1-qscan,GW241230_233618,0.0,0,,32.34630000042671
baseline@768,baseline,768,GW241230_233618-v1-L1-qscan,GW241230_233618,0.885387122631073,1,0.88538712,31.623200000467477
baseline@768,baseline,768,GW241230_233618-v1-V1-qscan,GW241230_233618,0.0,0,,28.294000000641972
baseline@768,baseline,768,GW241231_054133-v1-H1-qscan,GW241231_054133,0.6919687390327454,1,0.69196874,27.985400000034133
baseline@768,baseline,768,GW241231_054133-v1-L1-qscan,GW241231_054133,0.06558649986982346,2,0.06558650;0.01940548,33.37490000012622
baseline@768,baseline,768,GW241231_054133-v1-V1-qscan,GW241231_054133,0.0,0,,34.38370000003488
baseline@768,baseline,768,GW250101_011205-v1-H1-qscan,GW250101_011205,0.8123997449874878,1,0.81239974,30.74930000002496
baseline@768,baseline,768,GW250101_011205-v1-L1-qscan,GW250101_011205,0.26328545808792114,2,0.26328546;0.20028555,28.46529999987979
baseline@768,baseline,768,GW250101_011205-v1-V1-qscan,GW250101_011205,0.0,0,,31.020700000226498
baseline@768,baseline,768,GW250104_015122-v1-H1-qscan,GW250104_015122,0.7683362364768982,1,0.76833624,32.41419999994832
baseline@768,baseline,768,GW250104_015122-v1-L1-qscan,GW250104_015122,0.4460298418998718,2,0.44602984;0.22742787,31.696699999884004
baseline@768,baseline,768,GW250104_015122-v1-V1-qscan,GW250104_015122,0.020791418850421906,1,0.02079142,28.359099999761384
baseline@768,baseline,768,GW250105_134047-v1-H1-qscan,GW250105_134047,0.0,0,,29.84199999991688
baseline@768,baseline,768,GW250105_134047-v1-L1-qscan,GW250105_134047,0.0,0,,32.06360000058339
baseline@768,baseline,768,GW250105_134047-v1-V1-qscan,GW250105_134047,0.0,0,,31.307500000366417
baseline@768,baseline,768,GW250108_152221-v1-H1-qscan,GW250108_152221,0.5297867655754089,2,0.52978677;0.26331896,31.01059999971767
baseline@768,baseline,768,GW250108_152221-v1-L1-qscan,GW250108_152221,0.7690061330795288,4,0.76900613;0.08582246;0.04801951;0.03164436,30.091400000856083
baseline@768,baseline,768,GW250108_152221-v1-V1-qscan,GW250108_152221,0.019008692353963852,1,0.01900869,29.37449999990349
baseline@768,baseline,768,GW250109_010541-v1-H1-qscan,GW250109_010541,0.4160265028476715,3,0.41602650;0.04736181;0.01810627,32.026300000325136
baseline@768,baseline,768,GW250109_010541-v1-L1-qscan,GW250109_010541,0.7167884111404419,2,0.71678841;0.33134714,32.261499999549414
baseline@768,baseline,768,GW250109_010541-v1-V1-qscan,GW250109_010541,0.3413587212562561,2,0.34135872;0.03546084,32.346099999813305
baseline@768,baseline,768,GW250109_074552-v1-H1-qscan,GW250109_074552,0.3544943928718567,3,0.35449439;0.07029206;0.01665130,31.909899999845948
baseline@768,baseline,768,GW250109_074552-v1-V1-qscan,GW250109_074552,0.0,0,,34.4613000006575
baseline@768,baseline,768,GW250109_083206-v1-H1-qscan,GW250109_083206,0.7838613986968994,2,0.78386140;0.05169266,31.49519999988115
baseline@768,baseline,768,GW250109_083206-v1-V1-qscan,GW250109_083206,0.0,0,,28.7213999999949
baseline@768,baseline,768,GW250114_082203-v2-H1-qscan,GW250114_082203,0.20598991215229034,3,0.20598991;0.02531479;0.02500555,27.383100000406557
baseline@768,baseline,768,GW250114_082203-v2-L1-qscan,GW250114_082203,0.2958144247531891,1,0.29581442,31.868500000200584
baseline@768,baseline,768,GW250116_015318-v1-H1-qscan,GW250116_015318,0.8396737575531006,2,0.83967376;0.19071709,30.64970000014
baseline@768,baseline,768,GW250116_015318-v1-L1-qscan,GW250116_015318,0.0,0,,31.86569999979838
baseline@768,baseline,768,GW250116_015318-v1-V1-qscan,GW250116_015318,0.0,0,,32.295300000441785
baseline@768,baseline,768,GW250116_051426-v1-H1-qscan,GW250116_051426,0.012652636505663395,2,0.01265264;0.01062710,32.105199999932665
baseline@768,baseline,768,GW250116_051426-v1-L1-qscan,GW250116_051426,0.0,0,,32.07800000018324
baseline@768,baseline,768,GW250118_023225-v1-H1-qscan,GW250118_023225,0.0958855077624321,2,0.09588551;0.08904105,31.202099999973143
baseline@768,baseline,768,GW250118_023225-v1-L1-qscan,GW250118_023225,0.7777383327484131,5,0.77773833;0.05244001;0.04889709;0.04632377;0.04407253,31.484899999668414
baseline@768,baseline,768,GW250118_023225-v1-V1-qscan,GW250118_023225,0.0,0,,29.832600000190723
baseline@768,baseline,768,GW250118_055802-v1-H1-qscan,GW250118_055802,0.053834691643714905,1,0.05383469,32.680899999832036
baseline@768,baseline,768,GW250118_055802-v1-L1-qscan,GW250118_055802,0.0,0,,32.59500000058324
baseline@768,baseline,768,GW250118_055802-v1-V1-qscan,GW250118_055802,0.0,0,,32.07210000073246
baseline@768,baseline,768,GW250118_170523-v1-H1-qscan,GW250118_170523,0.31116536259651184,9,0.31116536;0.10282542;0.06101367;0.04887718;0.02732634;0.01923246;0.01590723;0.01301580;0.01181115,27.394099999582977
baseline@768,baseline,768,GW250118_170523-v1-L1-qscan,GW250118_170523,0.8123477697372437,1,0.81234777,29.383900000539143
baseline@768,baseline,768,GW250119_025138-v1-H1-qscan,GW250119_025138,0.9256193041801453,1,0.92561930,31.94419999999809
baseline@768,baseline,768,GW250119_025138-v1-L1-qscan,GW250119_025138,0.2813452184200287,4,0.28134522;0.23484877;0.03365722;0.01954045,32.6625999996395
baseline@768,baseline,768,GW250119_025138-v1-V1-qscan,GW250119_025138,0.267503559589386,2,0.26750356;0.02092666,27.44929999971646
baseline@768,baseline,768,GW250119_190238-v1-H1-qscan,GW250119_190238,0.31620943546295166,4,0.31620944;0.07473686;0.03732152;0.02045810,27.390500000365137
baseline@768,baseline,768,GW250119_190238-v1-L1-qscan,GW250119_190238,0.05537360534071922,5,0.05537361;0.05483549;0.03401265;0.01903736;0.01215551,32.97349999957078
baseline@768,baseline,768,GW250119_190238-v1-V1-qscan,GW250119_190238,0.0,0,,30.49040000041714
baseline@768,baseline,768,GW250120_042414-v1-H1-qscan,GW250120_042414,0.0,0,,31.678899999860732
baseline@768,baseline,768,GW250120_042414-v1-L1-qscan,GW250120_042414,0.0,0,,27.54940000068018
baseline@768,baseline,768,GW250120_042414-v1-V1-qscan,GW250120_042414,0.0,0,,28.268399999433313
c2psa@512,c2psa,512,GW240406_062847-v1-H1-qscan,GW240406_062847,0.0,0,,23.810499999854073
c2psa@512,c2psa,512,GW240406_062847-v1-L1-qscan,GW240406_062847,0.0,0,,26.544499999545224
c2psa@512,c2psa,512,GW240407_040938-v1-H1-qscan,GW240407_040938,0.028021907433867455,1,0.02802191,25.98909999960597
c2psa@512,c2psa,512,GW240407_040938-v1-L1-qscan,GW240407_040938,0.011233481578528881,1,0.01123348,26.169100000515755
c2psa@512,c2psa,512,GW240407_040938-v1-V1-qscan,GW240407_040938,0.0,0,,25.70319999995263
c2psa@512,c2psa,512,GW240407_061416-v1-H1-qscan,GW240407_061416,0.15513445436954498,3,0.15513445;0.01049773;0.01042791,27.472799999486597
c2psa@512,c2psa,512,GW240407_061416-v1-L1-qscan,GW240407_061416,0.0,0,,25.282999999944877
c2psa@512,c2psa,512,GW240407_061416-v1-V1-qscan,GW240407_061416,0.0,0,,27.24540000053821
c2psa@512,c2psa,512,GW240407_214946-v1-H1-qscan,GW240407_214946,0.0,0,,26.426399999763817
c2psa@512,c2psa,512,GW240407_214946-v1-L1-qscan,GW240407_214946,0.0,0,,25.54039999995439
c2psa@512,c2psa,512,GW240407_214946-v1-V1-qscan,GW240407_214946,0.0,0,,27.7842999994391
c2psa@512,c2psa,512,GW240408_081753-v1-H1-qscan,GW240408_081753,0.0,0,,26.687300000048708
c2psa@512,c2psa,512,GW240408_081753-v1-L1-qscan,GW240408_081753,0.0,0,,25.75980000074196
c2psa@512,c2psa,512,GW240411_074140-v1-H1-qscan,GW240411_074140,0.0,0,,25.638400000389083
c2psa@512,c2psa,512,GW240411_074140-v1-L1-qscan,GW240411_074140,0.10476484894752502,5,0.10476485;0.02567592;0.02417621;0.02151907;0.01093188,25.332999999591266
c2psa@512,c2psa,512,GW240413_022019-v1-H1-qscan,GW240413_022019,0.0,0,,25.810899999669346
c2psa@512,c2psa,512,GW240413_022019-v1-L1-qscan,GW240413_022019,0.8708916902542114,1,0.87089169,24.642299999868555
c2psa@512,c2psa,512,GW240413_022019-v1-V1-qscan,GW240413_022019,0.0,0,,24.86270000008517
c2psa@512,c2psa,512,GW240414_054515-v1-H1-qscan,GW240414_054515,0.171952024102211,2,0.17195202;0.03086321,24.338100000022678
c2psa@512,c2psa,512,GW240414_054515-v1-V1-qscan,GW240414_054515,0.0,0,,23.65559999998368
c2psa@512,c2psa,512,GW240419_041206-v1-H1-qscan,GW240419_041206,0.02126859314739704,2,0.02126859;0.01418862,21.281200000885292
c2psa@512,c2psa,512,GW240419_041206-v1-L1-qscan,GW240419_041206,0.0,0,,21.960000000035507
c2psa@512,c2psa,512,GW240419_041206-v1-V1-qscan,GW240419_041206,0.16442421078681946,1,0.16442421,22.819600000730134
c2psa@512,c2psa,512,GW240420_175625-v1-H1-qscan,GW240420_175625,0.6189648509025574,3,0.61896485;0.43069479;0.01386169,23.687400000198977
c2psa@512,c2psa,512,GW240421_052935-v1-H1-qscan,GW240421_052935,0.30294981598854065,1,0.30294982,22.173299999849405
c2psa@512,c2psa,512,GW240421_052935-v1-L1-qscan,GW240421_052935,0.057436227798461914,1,0.05743623,29.51279999979306
c2psa@512,c2psa,512,GW240421_052935-v1-V1-qscan,GW240421_052935,0.0,0,,23.136699999668053
c2psa@512,c2psa,512,GW240426_031451-v1-H1-qscan,GW240426_031451,0.0,0,,23.261299999830953
c2psa@512,c2psa,512,GW240426_031451-v1-L1-qscan,GW240426_031451,0.1467723399400711,3,0.14677234;0.11733098;0.02790198,24.291299999276816
c2psa@512,c2psa,512,GW240426_085802-v1-H1-qscan,GW240426_085802,0.05267238989472389,3,0.05267239;0.04088159;0.01601137,25.387100000443752
c2psa@512,c2psa,512,GW240426_085802-v1-L1-qscan,GW240426_085802,0.0,0,,24.94750000005297
c2psa@512,c2psa,512,GW240426_085802-v1-V1-qscan,GW240426_085802,0.0,0,,24.60279999922932
c2psa@512,c2psa,512,GW240428_225440-v1-H1-qscan,GW240428_225440,0.8409746885299683,4,0.84097469;0.03499401;0.02543133;0.01676287,24.75270000013552
c2psa@512,c2psa,512,GW240428_225440-v1-V1-qscan,GW240428_225440,0.047642774879932404,1,0.04764277,24.696799999219365
c2psa@512,c2psa,512,GW240430_093517-v1-H1-qscan,GW240430_093517,0.0,0,,27.161299999534094
c2psa@512,c2psa,512,GW240430_093517-v1-L1-qscan,GW240430_093517,0.35972583293914795,2,0.35972583;0.30232710,23.945300000377756
c2psa@512,c2psa,512,GW240501_033534-v1-H1-qscan,GW240501_033534,0.9150614142417908,1,0.91506141,23.045700000693614
c2psa@512,c2psa,512,GW240501_033534-v1-L1-qscan,GW240501_033534,0.9002068638801575,2,0.90020686;0.01703298,20.69900000060443
c2psa@512,c2psa,512,GW240501_033534-v1-V1-qscan,GW240501_033534,0.0,0,,20.930300000145508
c2psa@512,c2psa,512,GW240505_133552-v1-H1-qscan,GW240505_133552,0.06683551520109177,2,0.06683552;0.02458501,23.486899999625166
c2psa@512,c2psa,512,GW240505_133552-v1-L1-qscan,GW240505_133552,0.22822311520576477,3,0.22822312;0.03259320;0.01589548,22.092000000156986
c2psa@512,c2psa,512,GW240505_133552-v1-V1-qscan,GW240505_133552,0.0,0,,22.565200000826735
c2psa@512,c2psa,512,GW240507_041632-v1-H1-qscan,GW240507_041632,0.034256286919116974,2,0.03425629;0.01209730,24.124900000060734
c2psa@512,c2psa,512,GW240507_041632-v1-L1-qscan,GW240507_041632,0.5888102054595947,3,0.58881021;0.06761991;0.03546453,25.320900000224356
c2psa@512,c2psa,512,GW240507_041632-v1-V1-qscan,GW240507_041632,0.0,0,,24.930999999924097
c2psa@512,c2psa,512,GW240509_102351-v1-H1-qscan,GW240509_102351,0.0,0,,25.22080000017013
c2psa@512,c2psa,512,GW240509_102351-v1-L1-qscan,GW240509_102351,0.020137229934334755,1,0.02013723,23.58619999995426
c2psa@512,c2psa,512,GW240509_102351-v1-V1-qscan,GW240509_102351,0.0,0,,23.0055000001812
c2psa@512,c2psa,512,GW240511_031507-v1-H1-qscan,GW240511_031507,0.4546048045158386,2,0.45460480;0.13465308,19.789500000115368
c2psa@512,c2psa,512,GW240511_031507-v1-L1-qscan,GW240511_031507,0.8789910674095154,1,0.87899107,21.490600000106497
c2psa@512,c2psa,512,GW240511_031507-v1-V1-qscan,GW240511_031507,0.0,0,,22.521199999573582
c2psa@512,c2psa,512,GW240512_024139-v1-H1-qscan,GW240512_024139,0.03164727985858917,1,0.03164728,24.016600000322796
c2psa@512,c2psa,512,GW240512_024139-v1-L1-qscan,GW240512_024139,0.24638259410858154,4,0.24638259;0.01826204;0.01585227;0.01386986,22.80350000000908
c2psa@512,c2psa,512,GW240512_024139-v1-V1-qscan,GW240512_024139,0.0,0,,24.433200000203215
c2psa@512,c2psa,512,GW240512_051606-v1-H1-qscan,GW240512_051606,0.0,0,,23.78850000059174
c2psa@512,c2psa,512,GW240512_051606-v1-L1-qscan,GW240512_051606,0.0,0,,24.015299999518902
c2psa@512,c2psa,512,GW240512_051606-v1-V1-qscan,GW240512_051606,0.0,0,,19.809499999610125
c2psa@512,c2psa,512,GW240513_183302-v1-H1-qscan,GW240513_183302,0.9339838027954102,1,0.93398380,21.6880999996647
c2psa@512,c2psa,512,GW240513_183302-v1-L1-qscan,GW240513_183302,0.438786119222641,3,0.43878612;0.17330679;0.01206614,21.931400000539725
c2psa@512,c2psa,512,GW240513_183302-v1-V1-qscan,GW240513_183302,0.0,0,,23.68560000013531
c2psa@512,c2psa,512,GW240514_121713-v1-H1-qscan,GW240514_121713,0.14135466516017914,2,0.14135467;0.11024868,23.70269999937591
c2psa@512,c2psa,512,GW240514_121713-v1-L1-qscan,GW240514_121713,0.14351040124893188,1,0.14351040,24.306799999976647
c2psa@512,c2psa,512,GW240514_121713-v1-V1-qscan,GW240514_121713,0.0,0,,26.199300000371295
c2psa@512,c2psa,512,GW240515_005301-v1-H1-qscan,GW240515_005301,0.5409277081489563,3,0.54092771;0.27407569;0.04000753,24.47790000042005
c2psa@512,c2psa,512,GW240515_005301-v1-L1-qscan,GW240515_005301,0.6968005895614624,5,0.69680059;0.09213448;0.05081947;0.02373016;0.01156834,24.68750000025466
c2psa@512,c2psa,512,GW240515_005301-v1-V1-qscan,GW240515_005301,0.0,0,,23.188300000583695
c2psa@512,c2psa,512,GW240516_041939-v1-H1-qscan,GW240516_041939,0.0,0,,19.818599999780417
c2psa@512,c2psa,512,GW240516_041939-v1-L1-qscan,GW240516_041939,0.0,0,,21.793600000819424
c2psa@512,c2psa,512,GW240516_041939-v1-V1-qscan,GW240516_041939,0.015611403621733189,2,0.01561140;0.01006419,23.005100000773382
c2psa@512,c2psa,512,GW240519_012815-v1-L1-qscan,GW240519_012815,0.24682754278182983,2,0.24682754;0.02919301,23.703399999249086
c2psa@512,c2psa,512,GW240519_012815-v1-V1-qscan,GW240519_012815,0.541243314743042,2,0.54124331;0.02727827,24.221900000156893
c2psa@512,c2psa,512,GW240520_213616-v1-H1-qscan,GW240520_213616,0.10358694195747375,2,0.10358694;0.09344568,24.10969999982626
c2psa@512,c2psa,512,GW240520_213616-v1-L1-qscan,GW240520_213616,0.21539005637168884,1,0.21539006,25.456999999732943
c2psa@512,c2psa,512,GW240520_213616-v1-V1-qscan,GW240520_213616,0.0,0,,24.961300000541087
c2psa@512,c2psa,512,GW240525_031210-v1-H1-qscan,GW240525_031210,0.8212857246398926,1,0.82128572,24.790700000266952
c2psa@512,c2psa,512,GW240525_031210-v1-L1-qscan,GW240525_031210,0.8487526774406433,1,0.84875268,23.81500000046799
c2psa@512,c2psa,512,GW240525_031210-v1-V1-qscan,GW240525_031210,0.0,0,,23.828999999750522
c2psa@512,c2psa,512,GW240525_201644-v1-H1-qscan,GW240525_201644,0.0,0,,21.044399999482266
c2psa@512,c2psa,512,GW240525_201644-v1-L1-qscan,GW240525_201644,0.0,0,,21.927099999629718
c2psa@512,c2psa,512,GW240525_201644-v1-V1-qscan,GW240525_201644,0.0,0,,20.1759999999922
c2psa@512,c2psa,512,GW240526_093944-v1-H1-qscan,GW240526_093944,0.028848374262452126,4,0.02884837;0.02670570;0.01528353;0.01268023,22.669399999358575
c2psa@512,c2psa,512,GW240526_093944-v1-L1-qscan,GW240526_093944,0.0,0,,26.695599999584374
c2psa@512,c2psa,512,GW240526_093944-v1-V1-qscan,GW240526_093944,0.0,0,,23.03550000033283
c2psa@512,c2psa,512,GW240527_150907-v1-H1-qscan,GW240527_150907,0.0,0,,23.6706999994567
c2psa@512,c2psa,512,GW240527_150907-v1-L1-qscan,GW240527_150907,0.0,0,,23.559400000522146
c2psa@512,c2psa,512,GW240527_150907-v1-V1-qscan,GW240527_150907,0.0,0,,19.389899999623594
c2psa@512,c2psa,512,GW240527_183429-v1-H1-qscan,GW240527_183429,0.7463175654411316,1,0.74631757,21.301199999470555
c2psa@512,c2psa,512,GW240527_183429-v1-L1-qscan,GW240527_183429,0.16270478069782257,2,0.16270478;0.10718150,24.25169999969512
c2psa@512,c2psa,512,GW240527_183429-v1-V1-qscan,GW240527_183429,0.0,0,,23.20309999959136
c2psa@512,c2psa,512,GW240527_230910-v1-H1-qscan,GW240527_230910,0.6347565054893494,2,0.63475651;0.01336369,23.00199999990582
c2psa@512,c2psa,512,GW240527_230910-v1-L1-qscan,GW240527_230910,0.01556507870554924,1,0.01556508,22.850800000014715
c2psa@512,c2psa,512,GW240527_230910-v1-V1-qscan,GW240527_230910,0.0,0,,22.776199999498203
c2psa@512,c2psa,512,GW240530_012417-v1-H1-qscan,GW240530_012417,0.04715747758746147,2,0.04715748;0.04499395,19.911600000341423
c2psa@512,c2psa,512,GW240530_012417-v1-L1-qscan,GW240530_012417,0.6077558398246765,2,0.60775584;0.01336962,20.140499999797612
c2psa@512,c2psa,512,GW240530_012417-v1-V1-qscan,GW240530_012417,0.0,0,,21.841000000677013
c2psa@512,c2psa,512,GW240531_040326-v1-H1-qscan,GW240531_040326,0.10013598948717117,5,0.10013599;0.04230935;0.03366951;0.01257457;0.01111052,23.660699999709323
c2psa@512,c2psa,512,GW240531_040326-v1-L1-qscan,GW240531_040326,0.0,0,,23.956999999427353
c2psa@512,c2psa,512,GW240531_040326-v1-V1-qscan,GW240531_040326,0.0,0,,23.717000000033295
c2psa@512,c2psa,512,GW240531_075248-v1-H1-qscan,GW240531_075248,0.0,0,,23.27919999970618
c2psa@512,c2psa,512,GW240531_075248-v1-L1-qscan,GW240531_075248,0.9356613159179688,1,0.93566132,20.92460000039864
c2psa@512,c2psa,512,GW240531_075248-v1-V1-qscan,GW240531_075248,0.0,0,,19.62470000034955
c2psa@512,c2psa,512,GW240601_061200-v1-H1-qscan,GW240601_061200,0.2484777271747589,1,0.24847773,19.297000000733533
c2psa@512,c2psa,512,GW240601_061200-v1-L1-qscan,GW240601_061200,0.08252596110105515,2,0.08252596;0.05897847,22.79889999954321
c2psa@512,c2psa,512,GW240601_061200-v1-V1-qscan,GW240601_061200,0.0,0,,25.301800000306685
c2psa@512,c2psa,512,GW240601_231004-v1-H1-qscan,GW240601_231004,0.0,0,,23.08389999961946
c2psa@512,c2psa,512,GW240601_231004-v1-L1-qscan,GW240601_231004,0.0,0,,23.410300000250572
c2psa@512,c2psa,512,GW240601_231004-v1-V1-qscan,GW240601_231004,0.01641484536230564,1,0.01641485,23.54419999937818
c2psa@512,c2psa,512,GW240611_214835-v1-L1-qscan,GW240611_214835,0.16408662497997284,2,0.16408662;0.01006337,20.75940000031551
c2psa@512,c2psa,512,GW240611_214835-v1-V1-qscan,GW240611_214835,0.0,0,,19.89159999993717
c2psa@512,c2psa,512,GW240612_081540-v1-H1-qscan,GW240612_081540,0.34364044666290283,1,0.34364045,19.940899999710382
c2psa@512,c2psa,512,GW240612_081540-v1-L1-qscan,GW240612_081540,0.0,0,,22.505300000375428
c2psa@512,c2psa,512,GW240612_081540-v1-V1-qscan,GW240612_081540,0.0,0,,23.934700000609155
c2psa@512,c2psa,512,GW240613_011503-v1-H1-qscan,GW240613_011503,0.0,0,,22.87620000060997
c2psa@512,c2psa,512,GW240613_011503-v1-L1-qscan,GW240613_011503,0.022529788315296173,1,0.02252979,23.047300000143878
c2psa@512,c2psa,512,GW240613_011503-v1-V1-qscan,GW240613_011503,0.0,0,,19.381199999770615
c2psa@512,c2psa,512,GW240615_113620-v1-H1-qscan,GW240615_113620,0.9056445956230164,1,0.90564460,20.398100000420527
c2psa@512,c2psa,512,GW240615_113620-v1-L1-qscan,GW240615_113620,0.8787767887115479,1,0.87877679,23.989500000425323
c2psa@512,c2psa,512,GW240615_113620-v1-V1-qscan,GW240615_113620,0.0,0,,24.16129999983241
c2psa@512,c2psa,512,GW240615_160735-v1-H1-qscan,GW240615_160735,0.6893768906593323,4,0.68937689;0.11421426;0.09815025;0.03113064,22.760800000469317
c2psa@512,c2psa,512,GW240615_160735-v1-L1-qscan,GW240615_160735,0.7712205052375793,3,0.77122051;0.15970570;0.04428059,22.788500000388012
c2psa@512,c2psa,512,GW240615_160735-v1-V1-qscan,GW240615_160735,0.0,0,,22.94869999968796
c2psa@512,c2psa,512,GW240618_071627-v1-H1-qscan,GW240618_071627,0.5099977254867554,2,0.50999773;0.01563962,24.144399999386223
c2psa@512,c2psa,512,GW240618_071627-v1-L1-qscan,GW240618_071627,0.16986657679080963,1,0.16986658,20.80980000027921
c2psa@512,c2psa,512,GW240619_044535-v1-H1-qscan,GW240619_044535,0.045324817299842834,2,0.04532482;0.02140491,19.496500000059314
c2psa@512,c2psa,512,GW240619_044535-v1-L1-qscan,GW240619_044535,0.0,0,,19.158600000082515
c2psa@512,c2psa,512,GW240619_044535-v1-V1-qscan,GW240619_044535,0.0,0,,22.312000000056287
c2psa@512,c2psa,512,GW240619_212357-v1-H1-qscan,GW240619_212357,0.9163699150085449,1,0.91636992,23.285900000701076
c2psa@512,c2psa,512,GW240619_212357-v1-L1-qscan,GW240619_212357,0.0,0,,24.154700000508456
c2psa@512,c2psa,512,GW240619_212357-v1-V1-qscan,GW240619_212357,0.01099347323179245,1,0.01099347,22.322399999211484
c2psa@512,c2psa,512,GW240620_094631-v1-H1-qscan,GW240620_094631,0.0,0,,23.924999999508145
c2psa@512,c2psa,512,GW240620_094631-v1-L1-qscan,GW240620_094631,0.0,0,,20.00670000052196
c2psa@512,c2psa,512,GW240620_094631-v1-V1-qscan,GW240620_094631,0.0,0,,20.07560000038211
c2psa@512,c2psa,512,GW240621_103457-v1-H1-qscan,GW240621_103457,0.010114869102835655,1,0.01011487,22.23039999989851
c2psa@512,c2psa,512,GW240621_103457-v1-L1-qscan,GW240621_103457,0.0,0,,23.102099999960046
c2psa@512,c2psa,512,GW240621_103457-v1-V1-qscan,GW240621_103457,0.0556802935898304,3,0.05568029;0.04481734;0.02307263,23.481600000195613
c2psa@512,c2psa,512,GW240621_195059-v1-H1-qscan,GW240621_195059,0.916109025478363,3,0.91610903;0.03318769;0.01942793,23.33619999990333
c2psa@512,c2psa,512,GW240621_195059-v1-L1-qscan,GW240621_195059,0.8939172625541687,1,0.89391726,21.040200000243203
c2psa@512,c2psa,512,GW240621_195059-v1-V1-qscan,GW240621_195059,0.16544513404369354,2,0.16544513;0.07948216,20.149899999523768
c2psa@512,c2psa,512,GW240621_200935-v1-H1-qscan,GW240621_200935,0.368856281042099,3,0.36885628;0.34540039;0.01021844,20.7405999999537
c2psa@512,c2psa,512,GW240621_200935-v1-L1-qscan,GW240621_200935,0.23812517523765564,3,0.23812518;0.06732346;0.04689040,23.180500000307802
c2psa@512,c2psa,512,GW240621_200935-v1-V1-qscan,GW240621_200935,0.0,0,,22.34740000039892
c2psa@512,c2psa,512,GW240621_214041-v1-H1-qscan,GW240621_214041,0.016202643513679504,1,0.01620264,23.904299999230716
c2psa@512,c2psa,512,GW240621_214041-v1-L1-qscan,GW240621_214041,0.43505725264549255,4,0.43505725;0.24061680;0.02347496;0.01813299,23.288200000024517
c2psa@512,c2psa,512,GW240621_214041-v1-V1-qscan,GW240621_214041,0.0,0,,22.62609999979759
c2psa@512,c2psa,512,GW240622_004008-v1-H1-qscan,GW240622_004008,0.5842347741127014,3,0.58423477;0.04977060;0.02390905,18.97610000014538
c2psa@512,c2psa,512,GW240622_004008-v1-L1-qscan,GW240622_004008,0.6700000166893005,3,0.67000002;0.52634645;0.02812936,19.798100000116392
c2psa@512,c2psa,512,GW240622_004008-v1-V1-qscan,GW240622_004008,0.0,0,,21.193000000494067
c2psa@512,c2psa,512,GW240625_073331-v1-H1-qscan,GW240625_073331,0.011324816383421421,1,0.01132482,22.56519999991724
c2psa@512,c2psa,512,GW240625_073331-v1-L1-qscan,GW240625_073331,0.0,0,,22.880500000610482
c2psa@512,c2psa,512,GW240627_131622-v1-H1-qscan,GW240627_131622,0.037240371108055115,6,0.03724037;0.02248641;0.01666298;0.01657822;0.01630098;0.01336225,23.39010000014241
c2psa@512,c2psa,512,GW240627_131622-v1-L1-qscan,GW240627_131622,0.017008086666464806,2,0.01700809;0.01463116,23.205800000141608
c2psa@512,c2psa,512,GW240627_131622-v1-V1-qscan,GW240627_131622,0.0,0,,21.66179999949236
c2psa@512,c2psa,512,GW240629_145256-v1-H1-qscan,GW240629_145256,0.058842193335294724,2,0.05884219;0.03185793,20.059999999830325
c2psa@512,c2psa,512,GW240629_145256-v1-L1-qscan,GW240629_145256,0.6841906905174255,1,0.68419069,20.922499999869615
c2psa@512,c2psa,512,GW240629_145256-v1-V1-qscan,GW240629_145256,0.014275779947638512,1,0.01427578,23.759400000017195
c2psa@512,c2psa,512,GW240630_101703-v1-H1-qscan,GW240630_101703,0.8417850136756897,4,0.84178501;0.24367952;0.02538649;0.02336467,23.01979999992909
c2psa@512,c2psa,512,GW240630_101703-v1-V1-qscan,GW240630_101703,0.0,0,,23.488300000281015
c2psa@512,c2psa,512,GW240630_115348-v1-H1-qscan,GW240630_115348,0.3368915617465973,5,0.33689156;0.20227441;0.09691589;0.07670305;0.02158320,25.43260000038572
c2psa@512,c2psa,512,GW240630_115348-v1-L1-qscan,GW240630_115348,0.44452640414237976,2,0.44452640;0.03789305,25.722700000187615
c2psa@512,c2psa,512,GW240630_115348-v1-V1-qscan,GW240630_115348,0.04629514366388321,2,0.04629514;0.02857409,25.943999999981315
c2psa@512,c2psa,512,GW240630_212937-v1-H1-qscan,GW240630_212937,0.16748172044754028,4,0.16748172;0.02481738;0.01998135;0.01132170,25.0330999997459
c2psa@512,c2psa,512,GW240630_212937-v1-L1-qscan,GW240630_212937,0.0,0,,23.051099999975122
c2psa@512,c2psa,512,GW240630_212937-v1-V1-qscan,GW240630_212937,0.0,0,,23.160600000665
c2psa@512,c2psa,512,GW240701_011640-v1-H1-qscan,GW240701_011640,0.7040413022041321,1,0.70404130,18.835800000488234
c2psa@512,c2psa,512,GW240701_011640-v1-L1-qscan,GW240701_011640,0.012401584535837173,1,0.01240158,20.27730000008887
c2psa@512,c2psa,512,GW240701_011640-v1-V1-qscan,GW240701_011640,0.0,0,,23.86350000051607
c2psa@512,c2psa,512,GW240701_013826-v1-H1-qscan,GW240701_013826,0.0,0,,23.37210000041523
c2psa@512,c2psa,512,GW240701_013826-v1-L1-qscan,GW240701_013826,0.0,0,,23.76049999929819
c2psa@512,c2psa,512,GW240701_013826-v1-V1-qscan,GW240701_013826,0.0,0,,21.356700000069395
c2psa@512,c2psa,512,GW240701_203807-v1-H1-qscan,GW240701_203807,0.0,0,,18.64599999953498
c2psa@512,c2psa,512,GW240701_203807-v1-L1-qscan,GW240701_203807,0.0,0,,20.951200000126846
c2psa@512,c2psa,512,GW240701_203807-v1-V1-qscan,GW240701_203807,0.0,0,,22.70559999942634
c2psa@512,c2psa,512,GW240703_191355-v1-L1-qscan,GW240703_191355,0.5815886855125427,3,0.58158869;0.02697900;0.02657086,22.87770000020828
c2psa@512,c2psa,512,GW240703_191355-v1-V1-qscan,GW240703_191355,0.0,0,,23.950300000251445
c2psa@512,c2psa,512,GW240705_053215-v1-H1-qscan,GW240705_053215,0.9545941948890686,1,0.95459419,23.58170000024984
c2psa@512,c2psa,512,GW240705_053215-v1-L1-qscan,GW240705_053215,0.08418814092874527,2,0.08418814;0.01310998,23.69159999943804
c2psa@512,c2psa,512,GW240705_053215-v1-V1-qscan,GW240705_053215,0.0,0,,22.200100000191014
c2psa@512,c2psa,512,GW240716_034900-v1-L1-qscan,GW240716_034900,0.9388459324836731,1,0.93884593,19.55699999962235
c2psa@512,c2psa,512,GW240716_034900-v1-V1-qscan,GW240716_034900,0.0,0,,19.730300000446732
c2psa@512,c2psa,512,GW240806_043539-v1-L1-qscan,GW240806_043539,0.0,0,,21.484500000042317
c2psa@512,c2psa,512,GW240806_043539-v1-V1-qscan,GW240806_043539,0.0,0,,24.041399999987334
c2psa@512,c2psa,512,GW240807_214559-v1-L1-qscan,GW240807_214559,0.0,0,,23.309799999879033
c2psa@512,c2psa,512,GW240807_214559-v1-V1-qscan,GW240807_214559,0.0,0,,22.918599999684375
c2psa@512,c2psa,512,GW240813_034548-v1-L1-qscan,GW240813_034548,0.0,0,,21.758900000349968
c2psa@512,c2psa,512,GW240813_034548-v1-V1-qscan,GW240813_034548,0.0,0,,19.24799999960669
c2psa@512,c2psa,512,GW240814_145043-v1-L1-qscan,GW240814_145043,0.04351108893752098,2,0.04351109;0.03029230,19.053600000006554
c2psa@512,c2psa,512,GW240814_145043-v1-V1-qscan,GW240814_145043,0.0,0,,24.63309999984631
c2psa@512,c2psa,512,GW240824_205609-v1-H1-qscan,GW240824_205609,0.24163545668125153,2,0.24163546;0.06269550,26.341499999944062
c2psa@512,c2psa,512,GW240824_205609-v1-L1-qscan,GW240824_205609,0.0,0,,24.08850000028906
c2psa@512,c2psa,512,GW240824_205609-v1-V1-qscan,GW240824_205609,0.019947446882724762,1,0.01994745,26.428500000292843
c2psa@512,c2psa,512,GW240825_055146-v1-H1-qscan,GW240825_055146,0.18457524478435516,4,0.18457524;0.06318308;0.05807100;0.01134773,25.859300000774965
c2psa@512,c2psa,512,GW240825_055146-v1-L1-qscan,GW240825_055146,0.1308276504278183,2,0.13082765;0.03937320,25.943599999664002
c2psa@512,c2psa,512,GW240825_055146-v1-V1-qscan,GW240825_055146,0.0,0,,27.48890000020765
c2psa@512,c2psa,512,GW240828_102340-v1-H1-qscan,GW240828_102340,0.0,0,,25.575499999831663
c2psa@512,c2psa,512,GW240828_102340-v1-L1-qscan,GW240828_102340,0.012039999477565289,1,0.01204000,27.077400000052876
c2psa@512,c2psa,512,GW240828_102340-v1-V1-qscan,GW240828_102340,0.0,0,,25.63440000085393
c2psa@512,c2psa,512,GW240830_211120-v1-H1-qscan,GW240830_211120,0.0,0,,26.143900000533904
c2psa@512,c2psa,512,GW240830_211120-v1-L1-qscan,GW240830_211120,0.315684050321579,5,0.31568405;0.01804436;0.01752659;0.01300535;0.01129314,26.917300000604882
c2psa@512,c2psa,512,GW240830_211120-v1-V1-qscan,GW240830_211120,0.0,0,,27.19009999964328
c2psa@512,c2psa,512,GW240901_195332-v1-H1-qscan,GW240901_195332,0.0,0,,26.32290000019566
c2psa@512,c2psa,512,GW240901_195332-v1-L1-qscan,GW240901_195332,0.0,0,,25.715800000398303
c2psa@512,c2psa,512,GW240901_195332-v1-V1-qscan,GW240901_195332,0.029483875259757042,2,0.02948388;0.01502175,25.76669999962178
c2psa@512,c2psa,512,GW240902_143306-v1-H1-qscan,GW240902_143306,0.8234328031539917,3,0.82343280;0.24458733;0.01028776,25.154800000564137
c2psa@512,c2psa,512,GW240902_143306-v1-L1-qscan,GW240902_143306,0.08116855472326279,2,0.08116855;0.01385968,29.057900000225345
c2psa@512,c2psa,512,GW240902_143306-v1-V1-qscan,GW240902_143306,0.0,0,,29.33409999968717
c2psa@512,c2psa,512,GW240907_092521-v1-H1-qscan,GW240907_092521,0.590106725692749,1,0.59010673,27.48539999993227
c2psa@512,c2psa,512,GW240907_092521-v1-L1-qscan,GW240907_092521,0.0,0,,25.200100000802195
c2psa@512,c2psa,512,GW240907_092521-v1-V1-qscan,GW240907_092521,0.0,0,,25.8350000003702
c2psa@512,c2psa,512,GW240907_121650-v1-H1-qscan,GW240907_121650,0.013374664820730686,1,0.01337466,28.530999999929918
c2psa@512,c2psa,512,GW240907_121650-v1-L1-qscan,GW240907_121650,0.014024559408426285,1,0.01402456,24.958500000138883
c2psa@512,c2psa,512,GW240907_121650-v1-V1-qscan,GW240907_121650,0.17706570029258728,2,0.17706570;0.05277596,23.437799999555864
c2psa@512,c2psa,512,GW240907_153833-v1-H1-qscan,GW240907_153833,0.07847617566585541,2,0.07847618;0.03837832,23.55249999982334
c2psa@512,c2psa,512,GW240907_153833-v1-L1-qscan,GW240907_153833,0.0487574078142643,2,0.04875741;0.03254371,26.179700000284356
c2psa@512,c2psa,512,GW240907_153833-v1-V1-qscan,GW240907_153833,0.42904505133628845,1,0.42904505,23.973400000613765
c2psa@512,c2psa,512,GW240908_082628-v1-H1-qscan,GW240908_082628,0.13748818635940552,2,0.13748819;0.09746528,23.76860000003944
c2psa@512,c2psa,512,GW240908_082628-v1-L1-qscan,GW240908_082628,0.25522834062576294,4,0.25522834;0.02217185;0.01693649;0.01548208,24.577299999691604
c2psa@512,c2psa,512,GW240908_082628-v1-V1-qscan,GW240908_082628,0.0,0,,25.320900000224356
c2psa@512,c2psa,512,GW240908_125134-v1-H1-qscan,GW240908_125134,0.0,0,,27.234199999838893
c2psa@512,c2psa,512,GW240908_125134-v1-L1-qscan,GW240908_125134,0.0,0,,24.432100000012724
c2psa@512,c2psa,512,GW240908_125134-v1-V1-qscan,GW240908_125134,0.0,0,,24.315300000125717
c2psa@512,c2psa,512,GW240908_174149-v1-H1-qscan,GW240908_174149,0.0,0,,25.86700000028941
c2psa@512,c2psa,512,GW240908_174149-v1-L1-qscan,GW240908_174149,0.0,0,,24.815700000544894
c2psa@512,c2psa,512,GW240908_174149-v1-V1-qscan,GW240908_174149,0.0,0,,25.296099999650323
c2psa@512,c2psa,512,GW240910_103535-v1-H1-qscan,GW240910_103535,0.13040514290332794,3,0.13040514;0.07118618;0.01229301,21.89650000036636
c2psa@512,c2psa,512,GW240910_103535-v1-L1-qscan,GW240910_103535,0.20557531714439392,3,0.20557532;0.04312603;0.04268943,20.66079999985959
c2psa@512,c2psa,512,GW240913_111216-v1-H1-qscan,GW240913_111216,0.023052453994750977,3,0.02305245;0.01472983;0.01397285,21.480600000359118
c2psa@512,c2psa,512,GW240913_111216-v1-L1-qscan,GW240913_111216,0.0,0,,24.521599999388854
c2psa@512,c2psa,512,GW240913_111216-v1-V1-qscan,GW240913_111216,0.0,0,,23.539000000710075
c2psa@512,c2psa,512,GW240915_001357-v1-H1-qscan,GW240915_001357,0.06449391692876816,6,0.06449392;0.04131996;0.03658702;0.02800009;0.01670944;0.01226065,25.794300000598014
c2psa@512,c2psa,512,GW240915_001357-v1-L1-qscan,GW240915_001357,0.9133065342903137,2,0.91330653;0.01219480,24.749700000029407
c2psa@512,c2psa,512,GW240915_001357-v1-V1-qscan,GW240915_001357,0.0,0,,25.902499999574502
c2psa@512,c2psa,512,GW240915_045510-v1-H1-qscan,GW240915_045510,0.08660339564085007,4,0.08660340;0.05262932;0.02306750;0.01072182,26.637799999662093
c2psa@512,c2psa,512,GW240915_045510-v1-L1-qscan,GW240915_045510,0.0,0,,26.590200000100594
c2psa@512,c2psa,512,GW240915_045510-v1-V1-qscan,GW240915_045510,0.24352295696735382,2,0.24352296;0.03501181,26.543400000264228
c2psa@512,c2psa,512,GW240915_105151-v1-H1-qscan,GW240915_105151,0.7891892194747925,1,0.78918922,26.37349999986327
c2psa@512,c2psa,512,GW240915_105151-v1-V1-qscan,GW240915_105151,0.0,0,,26.557099999990896
c2psa@512,c2psa,512,GW240916_184352-v1-H1-qscan,GW240916_184352,0.0,0,,25.691599999845494
c2psa@512,c2psa,512,GW240916_184352-v1-L1-qscan,GW240916_184352,0.0,0,,25.467999999818858
c2psa@512,c2psa,512,GW240916_184352-v1-V1-qscan,GW240916_184352,0.0,0,,24.701000000277418
c2psa@512,c2psa,512,GW240917_130237-v1-H1-qscan,GW240917_130237,0.0,0,,24.30499999991298
c2psa@512,c2psa,512,GW240917_130237-v1-L1-qscan,GW240917_130237,0.0,0,,24.938799999290495
c2psa@512,c2psa,512,GW240919_061559-v1-H1-qscan,GW240919_061559,0.6352226734161377,2,0.63522267;0.09964783,22.770399999899382
c2psa@512,c2psa,512,GW240919_061559-v1-L1-qscan,GW240919_061559,0.6450489163398743,3,0.64504892;0.12911175;0.06611093,27.306799999678333
c2psa@512,c2psa,512,GW240919_061559-v1-V1-qscan,GW240919_061559,0.9359680414199829,2,0.93596804;0.15478349,29.231000000436325
c2psa@512,c2psa,512,GW240919_215453-v1-H1-qscan,GW240919_215453,0.0,0,,27.749599999879138
c2psa@512,c2psa,512,GW240919_215453-v1-L1-qscan,GW240919_215453,0.5849242210388184,3,0.58492422;0.01621072;0.01423389,22.915999999895575
c2psa@512,c2psa,512,GW240919_215453-v1-V1-qscan,GW240919_215453,0.0,0,,25.034600000253704
c2psa@512,c2psa,512,GW240920_073424-v1-H1-qscan,GW240920_073424,0.7435839176177979,1,0.74358392,19.82250000037311
c2psa@512,c2psa,512,GW240920_073424-v1-L1-qscan,GW240920_073424,0.49030032753944397,7,0.49030033;0.18036820;0.17035691;0.10172283;0.02637670;0.02371830;0.02266938,20.720600000458944
c2psa@512,c2psa,512,GW240920_073424-v1-V1-qscan,GW240920_073424,0.0,0,,23.53990000028716
c2psa@512,c2psa,512,GW240920_124024-v1-H1-qscan,GW240920_124024,0.8560079336166382,2,0.85600793;0.03384865,25.75059999981022
c2psa@512,c2psa,512,GW240920_124024-v1-L1-qscan,GW240920_124024,0.9094507098197937,1,0.90945071,24.39180000055785
c2psa@512,c2psa,512,GW240921_201835-v1-L1-qscan,GW240921_201835,0.6652357578277588,2,0.66523576;0.01618907,24.990199999592733
c2psa@512,c2psa,512,GW240921_201835-v1-V1-qscan,GW240921_201835,0.0,0,,24.98070000001462
c2psa@512,c2psa,512,GW240923_000715-v1-H1-qscan,GW240923_000715,0.0,0,,27.298399999381218
c2psa@512,c2psa,512,GW240923_000715-v1-L1-qscan,GW240923_000715,0.0,0,,25.220100000296952
c2psa@512,c2psa,512,GW240923_000715-v1-V1-qscan,GW240923_000715,0.011837436817586422,1,0.01183744,26.717700000517652
c2psa@512,c2psa,512,GW240923_110846-v1-H1-qscan,GW240923_110846,0.5875797271728516,5,0.58757973;0.37102136;0.28546959;0.04010597;0.02681945,24.282299999867973
c2psa@512,c2psa,512,GW240923_204006-v1-H1-qscan,GW240923_204006,0.6794514656066895,1,0.67945147,24.53629999945406
c2psa@512,c2psa,512,GW240923_204006-v1-L1-qscan,GW240923_204006,0.9100292921066284,2,0.91002929;0.02273876,25.013100000251143
c2psa@512,c2psa,512,GW240924_000316-v1-H1-qscan,GW240924_000316,0.45446574687957764,2,0.45446575;0.02159724,22.80719999998837
c2psa@512,c2psa,512,GW240924_000316-v1-L1-qscan,GW240924_000316,0.28995388746261597,1,0.28995389,21.845500000381435
c2psa@512,c2psa,512,GW240924_000316-v1-V1-qscan,GW240924_000316,0.0,0,,25.142399999822374
c2psa@512,c2psa,512,GW240925_000956-v1-H1-qscan,GW240925_000956,0.0,0,,21.179299999857903
c2psa@512,c2psa,512,GW240925_000956-v1-L1-qscan,GW240925_000956,0.0,0,,24.31499999966036
c2psa@512,c2psa,512,GW240925_000956-v1-V1-qscan,GW240925_000956,0.05545888468623161,4,0.05545888;0.03006828;0.02136981;0.01801726,25.844400000096357
c2psa@512,c2psa,512,GW240925_005809-v2-H1-qscan,GW240925_005809,0.33341798186302185,4,0.33341798;0.09568092;0.03200512;0.01960902,27.38000000044849
c2psa@512,c2psa,512,GW240925_005809-v2-L1-qscan,GW240925_005809,0.8336487412452698,2,0.83364874;0.01106219,24.055300000327406
c2psa@512,c2psa,512,GW240925_005809-v2-V1-qscan,GW240925_005809,0.0,0,,25.18839999993361
c2psa@512,c2psa,512,GW240930_035959-v1-H1-qscan,GW240930_035959,0.8857408761978149,2,0.88574088;0.08041383,24.780500000815664
c2psa@512,c2psa,512,GW240930_035959-v1-L1-qscan,GW240930_035959,0.5040557980537415,5,0.50405580;0.09605864;0.02586269;0.01883503;0.01198087,26.871400000345602
c2psa@512,c2psa,512,GW240930_035959-v1-V1-qscan,GW240930_035959,0.0,0,,24.94860000024346
c2psa@512,c2psa,512,GW240930_123408-v1-H1-qscan,GW240930_123408,0.7149982452392578,2,0.71499825;0.02404122,24.9033000000054
c2psa@512,c2psa,512,GW240930_123408-v1-L1-qscan,GW240930_123408,0.0,0,,24.654199999531556
c2psa@512,c2psa,512,GW240930_123408-v1-V1-qscan,GW240930_123408,0.0,0,,24.39890000005107
c2psa@512,c2psa,512,GW240930_234614-v1-H1-qscan,GW240930_234614,0.0,0,,23.10880000004545
c2psa@512,c2psa,512,GW240930_234614-v1-L1-qscan,GW240930_234614,0.6412754058837891,3,0.64127541;0.24475884;0.14661016,21.096000000397908
c2psa@512,c2psa,512,GW240930_234614-v1-V1-qscan,GW240930_234614,0.0,0,,21.538799999689218
c2psa@512,c2psa,512,GW241002_030559-v1-L1-qscan,GW241002_030559,0.20489919185638428,3,0.20489919;0.08522137;0.01438685,21.191499999986263
c2psa@512,c2psa,512,GW241002_030559-v1-V1-qscan,GW241002_030559,0.04070410504937172,2,0.04070411;0.01939183,25.035100000422972
c2psa@512,c2psa,512,GW241006_015333-v1-H1-qscan,GW241006_015333,0.777026355266571,3,0.77702636;0.23811358;0.08063594,27.358999999705702
c2psa@512,c2psa,512,GW241006_015333-v1-L1-qscan,GW241006_015333,0.6637410521507263,2,0.66374105;0.10191584,24.699800000234973
c2psa@512,c2psa,512,GW241006_015333-v1-V1-qscan,GW241006_015333,0.02235926128923893,1,0.02235926,26.192799999989802
c2psa@512,c2psa,512,GW241007_082943-v1-H1-qscan,GW241007_082943,0.7920434474945068,2,0.79204345;0.07592647,24.420499999905587
c2psa@512,c2psa,512,GW241007_082943-v1-L1-qscan,GW241007_082943,0.0,0,,23.72209999975894
c2psa@512,c2psa,512,GW241007_082943-v1-V1-qscan,GW241007_082943,0.0,0,,23.65269999972952
c2psa@512,c2psa,512,GW241009_022835-v1-H1-qscan,GW241009_022835,0.0,0,,25.470700000369106
c2psa@512,c2psa,512,GW241009_022835-v1-L1-qscan,GW241009_022835,0.043715350329875946,5,0.04371535;0.03127095;0.02037480;0.01856053;0.01513658,26.474899999811896
c2psa@512,c2psa,512,GW241009_022835-v1-V1-qscan,GW241009_022835,0.0,0,,25.500800000372692
c2psa@512,c2psa,512,GW241009_084816-v1-H1-qscan,GW241009_084816,0.8485941886901855,1,0.84859419,23.8576000001558
c2psa@512,c2psa,512,GW241009_084816-v1-L1-qscan,GW241009_084816,0.07739067077636719,1,0.07739067,24.83879999999772
c2psa@512,c2psa,512,GW241009_084816-v1-V1-qscan,GW241009_084816,0.0,0,,23.967000000084226
c2psa@512,c2psa,512,GW241009_220455-v1-H1-qscan,GW241009_220455,0.3699641823768616,6,0.36996418;0.21269390;0.10106293;0.03143962;0.01268059;0.01004412,21.084399999381276
c2psa@512,c2psa,512,GW241009_220455-v1-L1-qscan,GW241009_220455,0.12641502916812897,3,0.12641503;0.06003221;0.01807723,20.824899999752233
c2psa@512,c2psa,512,GW241009_220455-v1-V1-qscan,GW241009_220455,0.10617778450250626,1,0.10617778,23.262799999429262
c2psa@512,c2psa,512,GW241011_233834-v2-H1-qscan,GW241011_233834,0.9364830851554871,1,0.93648309,24.220600000262493
c2psa@512,c2psa,512,GW241011_233834-v2-V1-qscan,GW241011_233834,0.12026562541723251,3,0.12026563;0.10446464;0.09581245,24.291400000038266
c2psa@512,c2psa,512,GW241018_235402-v1-H1-qscan,GW241018_235402,0.8283866047859192,1,0.82838660,24.7706999998627
c2psa@512,c2psa,512,GW241018_235402-v1-V1-qscan,GW241018_235402,0.0,0,,25.627199999689765
c2psa@512,c2psa,512,GW241101_034726-v1-H1-qscan,GW241101_034726,0.0,0,,24.27429999988817
c2psa@512,c2psa,512,GW241101_034726-v1-L1-qscan,GW241101_034726,0.034332532435655594,5,0.03433253;0.01328383;0.01230812;0.01052582;0.01051787,21.142300000065006
c2psa@512,c2psa,512,GW241101_034726-v1-V1-qscan,GW241101_034726,0.07693696022033691,2,0.07693696;0.06337738,21.480200000041805
c2psa@512,c2psa,512,GW241101_220523-v1-L1-qscan,GW241101_220523,0.6376779675483704,4,0.63767797;0.18972436;0.18911199;0.02248656,21.140899999409157
c2psa@512,c2psa,512,GW241101_220523-v1-V1-qscan,GW241101_220523,0.0,0,,23.248399999829417
c2psa@512,c2psa,512,GW241102_124058-v1-H1-qscan,GW241102_124058,0.8135547041893005,4,0.81355470;0.04402924;0.03212847;0.01661145,23.85649999996531
c2psa@512,c2psa,512,GW241102_124058-v1-L1-qscan,GW241102_124058,0.810748279094696,1,0.81074828,24.855800000295858
c2psa@512,c2psa,512,GW241102_124058-v1-V1-qscan,GW241102_124058,0.0,0,,23.82930000021588
c2psa@512,c2psa,512,GW241102_144729-v1-H1-qscan,GW241102_144729,0.6782160997390747,3,0.67821610;0.06319541;0.01479459,22.83620000071096
c2psa@512,c2psa,512,GW241102_144729-v1-L1-qscan,GW241102_144729,0.9050049185752869,1,0.90500492,21.567699999650358
c2psa@512,c2psa,512,GW241102_144729-v1-V1-qscan,GW241102_144729,0.0,0,,21.029399999861198
c2psa@512,c2psa,512,GW241106_110932-v1-H1-qscan,GW241106_110932,0.0,0,,19.588199999816425
c2psa@512,c2psa,512,GW241106_110932-v1-L1-qscan,GW241106_110932,0.012013665400445461,1,0.01201367,23.9504000001034
c2psa@512,c2psa,512,GW241106_110932-v1-V1-qscan,GW241106_110932,0.0,0,,23.945800000547024
c2psa@512,c2psa,512,GW241109_005349-v1-H1-qscan,GW241109_005349,0.0,0,,24.913399999604735
c2psa@512,c2psa,512,GW241109_005349-v1-L1-qscan,GW241109_005349,0.0,0,,24.13390000037907
c2psa@512,c2psa,512,GW241109_033317-v1-L1-qscan,GW241109_033317,0.1079159677028656,2,0.10791597;0.01527014,22.895200000675686
c2psa@512,c2psa,512,GW241109_033317-v1-V1-qscan,GW241109_033317,0.0,0,,19.903700000213576
c2psa@512,c2psa,512,GW241109_115924-v1-H1-qscan,GW241109_115924,0.12044365704059601,4,0.12044366;0.04344367;0.01650976;0.01347608,20.985099999961676
c2psa@512,c2psa,512,GW241109_115924-v1-V1-qscan,GW241109_115924,0.0,0,,24.763800000073388
c2psa@512,c2psa,512,GW241110_124123-v2-H1-qscan,GW241110_124123,0.3446637988090515,5,0.34466380;0.24481541;0.09460588;0.07961389;0.01185868,26.071600000250328
c2psa@512,c2psa,512,GW241110_124123-v2-L1-qscan,GW241110_124123,0.19587339460849762,3,0.19587339;0.10861946;0.01313609,24.69840000048862
c2psa@512,c2psa,512,GW241110_124123-v2-V1-qscan,GW241110_124123,0.05131792277097702,2,0.05131792;0.01229852,25.349999999889405
c2psa@512,c2psa,512,GW241111_111552-v1-H1-qscan,GW241111_111552,0.8875761032104492,1,0.88757610,24.831700000504497
c2psa@512,c2psa,512,GW241111_111552-v1-L1-qscan,GW241111_111552,0.0,0,,25.776200000109384
c2psa@512,c2psa,512,GW241113_163507-v1-L1-qscan,GW241113_163507,0.2666776776313782,4,0.26667768;0.19547160;0.03137846;0.02963549,24.432899999737856
c2psa@512,c2psa,512,GW241113_163507-v1-V1-qscan,GW241113_163507,0.0,0,,24.505200000021432
c2psa@512,c2psa,512,GW241114_024711-v1-H1-qscan,GW241114_024711,0.7775155305862427,2,0.77751553;0.02314963,20.885299999463314
c2psa@512,c2psa,512,GW241114_024711-v1-L1-qscan,GW241114_024711,0.17446568608283997,2,0.17446569;0.03408593,20.978599999580183
c2psa@512,c2psa,512,GW241114_024711-v1-V1-qscan,GW241114_024711,0.0,0,,20.301399999880232
c2psa@512,c2psa,512,GW241114_235258-v1-L1-qscan,GW241114_235258,0.0179134514182806,2,0.01791345;0.01083375,24.78049999990617
c2psa@512,c2psa,512,GW241114_235258-v1-V1-qscan,GW241114_235258,0.0,0,,25.17379999972036
c2psa@512,c2psa,512,GW241116_151753-v1-H1-qscan,GW241116_151753,0.16935965418815613,3,0.16935965;0.08469455;0.01155763,23.601599999892642
c2psa@512,c2psa,512,GW241116_151753-v1-L1-qscan,GW241116_151753,0.04114952310919762,1,0.04114952,24.870799999916926
c2psa@512,c2psa,512,GW241116_151753-v1-V1-qscan,GW241116_151753,0.0,0,,23.506600000473554
c2psa@512,c2psa,512,GW241124_024914-v1-H1-qscan,GW241124_024914,0.9237245917320251,1,0.92372459,24.100999999973283
c2psa@512,c2psa,512,GW241124_024914-v1-L1-qscan,GW241124_024914,0.4042986333370209,3,0.40429863;0.25485182;0.07472730,23.979099999451137
c2psa@512,c2psa,512,GW241124_024914-v1-V1-qscan,GW241124_024914,0.0,0,,20.827899999858346
c2psa@512,c2psa,512,GW241125_010116-v1-H1-qscan,GW241125_010116,0.05224315822124481,2,0.05224316;0.01612797,21.601600000394683
c2psa@512,c2psa,512,GW241125_010116-v1-L1-qscan,GW241125_010116,0.7981618642807007,1,0.79816186,21.04869999948278
c2psa@512,c2psa,512,GW241125_010116-v1-V1-qscan,GW241125_010116,0.0,0,,26.156400000218127
c2psa@512,c2psa,512,GW241127_061008-v1-H1-qscan,GW241127_061008,0.6713822484016418,3,0.67138225;0.57764292;0.01732391,23.727900000267255
c2psa@512,c2psa,512,GW241127_061008-v1-L1-qscan,GW241127_061008,0.767825722694397,3,0.76782572;0.66275656;0.15776165,24.434799999653478
c2psa@512,c2psa,512,GW241127_061008-v1-V1-qscan,GW241127_061008,0.0,0,,24.461400000291178
c2psa@512,c2psa,512,GW241129_021832-v1-H1-qscan,GW241129_021832,0.2665645480155945,3,0.26656455;0.17760399;0.01342378,24.318299999322335
c2psa@512,c2psa,512,GW241129_021832-v1-L1-qscan,GW241129_021832,0.5898107290267944,3,0.58981073;0.41001105;0.06424001,24.46909999980562
c2psa@512,c2psa,512,GW241129_021832-v1-V1-qscan,GW241129_021832,0.0,0,,23.485400000026857
c2psa@512,c2psa,512,GW241129_140416-v1-H1-qscan,GW241129_140416,0.0,0,,20.227599999998347
c2psa@512,c2psa,512,GW241129_140416-v1-L1-qscan,GW241129_140416,0.025727059692144394,2,0.02572706;0.01375815,19.839999999931024
c2psa@512,c2psa,512,GW241130_034908-v1-H1-qscan,GW241130_034908,0.6598278880119324,1,0.65982789,24.590600000010454
c2psa@512,c2psa,512,GW241130_034908-v1-L1-qscan,GW241130_034908,0.6408812999725342,2,0.64088130;0.01853692,24.60590000009688
c2psa@512,c2psa,512,GW241130_034908-v1-V1-qscan,GW241130_034908,0.0,0,,24.719500000173866
c2psa@512,c2psa,512,GW241130_110422-v1-H1-qscan,GW241130_110422,0.106255903840065,3,0.10625590;0.01156972;0.01002481,24.69420000034006
c2psa@512,c2psa,512,GW241130_110422-v1-L1-qscan,GW241130_110422,0.0,0,,23.916299999655166
c2psa@512,c2psa,512,GW241130_110422-v1-V1-qscan,GW241130_110422,0.0,0,,24.491699999998673
c2psa@512,c2psa,512,GW241201_055758-v1-H1-qscan,GW241201_055758,0.9012033343315125,1,0.90120333,20.15320000009524
c2psa@512,c2psa,512,GW241201_055758-v1-L1-qscan,GW241201_055758,0.0,0,,21.501300000636547
c2psa@512,c2psa,512,GW241201_055758-v1-V1-qscan,GW241201_055758,0.0,0,,25.624000000789238
c2psa@512,c2psa,512,GW241201_142737-v1-H1-qscan,GW241201_142737,0.46729567646980286,2,0.46729568;0.01089328,25.034999999661522
c2psa@512,c2psa,512,GW241201_142737-v1-L1-qscan,GW241201_142737,0.05466288700699806,2,0.05466289;0.01505800,23.539599999821803
c2psa@512,c2psa,512,GW241201_142737-v1-V1-qscan,GW241201_142737,0.4969213008880615,2,0.49692130;0.01837640,24.757600000157254
c2psa@512,c2psa,512,GW241210_023335-v1-H1-qscan,GW241210_023335,0.0,0,,24.315499999829626
c2psa@512,c2psa,512,GW241210_023335-v1-L1-qscan,GW241210_023335,0.17167159914970398,2,0.17167160;0.10467996,24.23200000066572
c2psa@512,c2psa,512,GW241210_060606-v1-H1-qscan,GW241210_060606,0.21701447665691376,6,0.21701448;0.08125816;0.04212864;0.01870592;0.01624641;0.01131977,24.790800000118907
c2psa@512,c2psa,512,GW241210_060606-v1-L1-qscan,GW241210_060606,0.38933178782463074,6,0.38933179;0.18825483;0.09245362;0.03112459;0.01144299;0.01089628,24.913500000366184
c2psa@512,c2psa,512,GW241210_060606-v1-V1-qscan,GW241210_060606,0.047160904854536057,1,0.04716090,24.97529999982362
c2psa@512,c2psa,512,GW241210_120900-v1-H1-qscan,GW241210_120900,0.0,0,,20.603400000254624
c2psa@512,c2psa,512,GW241210_120900-v1-L1-qscan,GW241210_120900,0.9396822452545166,1,0.93968225,20.818899999540008
c2psa@512,c2psa,512,GW241219_222607-v1-H1-qscan,GW241219_222607,0.019225824624300003,2,0.01922582;0.01388486,23.857899999711663
c2psa@512,c2psa,512,GW241219_222607-v1-L1-qscan,GW241219_222607,0.0,0,,23.989199999959965
c2psa@512,c2psa,512,GW241220_062146-v1-H1-qscan,GW241220_062146,0.0,0,,24.00720000059664
c2psa@512,c2psa,512,GW241220_062146-v1-L1-qscan,GW241220_062146,0.010307317599654198,1,0.01030732,25.13269999963086
c2psa@512,c2psa,512,GW241225_042553-v1-L1-qscan,GW241225_042553,0.406344473361969,3,0.40634447;0.20627677;0.16722219,24.456899999677262
c2psa@512,c2psa,512,GW241225_042553-v1-V1-qscan,GW241225_042553,0.015280022285878658,1,0.01528002,24.24220000011701
c2psa@512,c2psa,512,GW241225_082815-v1-H1-qscan,GW241225_082815,0.22949691116809845,1,0.22949691,25.048399999832327
c2psa@512,c2psa,512,GW241225_082815-v1-L1-qscan,GW241225_082815,0.7403111457824707,2,0.74031115;0.46065000,23.231199999827368
c2psa@512,c2psa,512,GW241229_155844-v1-H1-qscan,GW241229_155844,0.6934009790420532,1,0.69340098,20.067600000402308
c2psa@512,c2psa,512,GW241229_155844-v1-L1-qscan,GW241229_155844,0.0,0,,20.418099999915285
c2psa@512,c2psa,512,GW241229_155844-v1-V1-qscan,GW241229_155844,0.0,0,,24.937499999396096
c2psa@512,c2psa,512,GW241230_084504-v1-L1-qscan,GW241230_084504,0.0,0,,23.569900000438793
c2psa@512,c2psa,512,GW241230_084504-v1-V1-qscan,GW241230_084504,0.0,0,,23.21329999995214
c2psa@512,c2psa,512,GW241230_233618-v1-H1-qscan,GW241230_233618,0.0,0,,23.819199999707052
c2psa@512,c2psa,512,GW241230_233618-v1-L1-qscan,GW241230_233618,0.6868321299552917,2,0.68683213;0.07762483,23.46490000036283
c2psa@512,c2psa,512,GW241230_233618-v1-V1-qscan,GW241230_233618,0.0,0,,23.417999999765016
c2psa@512,c2psa,512,GW241231_054133-v1-H1-qscan,GW241231_054133,0.8908442258834839,1,0.89084423,20.755600000484264
c2psa@512,c2psa,512,GW241231_054133-v1-L1-qscan,GW241231_054133,0.3972058892250061,4,0.39720589;0.03150069;0.03027857;0.01767933,21.126099999492
c2psa@512,c2psa,512,GW241231_054133-v1-V1-qscan,GW241231_054133,0.0,0,,24.653399999806425
c2psa@512,c2psa,512,GW250101_011205-v1-H1-qscan,GW250101_011205,0.15620461106300354,1,0.15620461,26.564000000689703
c2psa@512,c2psa,512,GW250101_011205-v1-L1-qscan,GW250101_011205,0.19855381548404694,4,0.19855382;0.03993880;0.01633504;0.01123882,24.127900000166846
c2psa@512,c2psa,512,GW250101_011205-v1-V1-qscan,GW250101_011205,0.0,0,,23.366800000076182
c2psa@512,c2psa,512,GW250104_015122-v1-H1-qscan,GW250104_015122,0.21523472666740417,2,0.21523473;0.01018035,26.69430000059947
c2psa@512,c2psa,512,GW250104_015122-v1-L1-qscan,GW250104_015122,0.03792811557650566,2,0.03792812;0.03073221,25.74430000004213
c2psa@512,c2psa,512,GW250104_015122-v1-V1-qscan,GW250104_015122,0.0,0,,23.952599999574886
c2psa@512,c2psa,512,GW250105_134047-v1-H1-qscan,GW250105_134047,0.0,0,,25.160000000141736
c2psa@512,c2psa,512,GW250105_134047-v1-L1-qscan,GW250105_134047,0.0,0,,20.81330000055459
c2psa@512,c2psa,512,GW250105_134047-v1-V1-qscan,GW250105_134047,0.0,0,,21.11940000031609
c2psa@512,c2psa,512,GW250108_152221-v1-H1-qscan,GW250108_152221,0.1333167850971222,2,0.13331679;0.05300053,21.83419999983016
c2psa@512,c2psa,512,GW250108_152221-v1-L1-qscan,GW250108_152221,0.9153795838356018,1,0.91537958,24.866499999916414
c2psa@512,c2psa,512,GW250108_152221-v1-V1-qscan,GW250108_152221,0.048651229590177536,2,0.04865123;0.01730722,24.233799999819894
c2psa@512,c2psa,512,GW250109_010541-v1-H1-qscan,GW250109_010541,0.23656532168388367,1,0.23656532,24.893499999961932
c2psa@512,c2psa,512,GW250109_010541-v1-L1-qscan,GW250109_010541,0.8886675834655762,1,0.88866758,24.339399999917077
c2psa@512,c2psa,512,GW250109_010541-v1-V1-qscan,GW250109_010541,0.5344855785369873,3,0.53448558;0.01625270;0.01133584,23.204799999803072
c2psa@512,c2psa,512,GW250109_074552-v1-H1-qscan,GW250109_074552,0.809053361415863,3,0.80905336;0.07896520;0.03183342,23.13730000059877
c2psa@512,c2psa,512,GW250109_074552-v1-V1-qscan,GW250109_074552,0.0,0,,24.422800000138523
c2psa@512,c2psa,512,GW250109_083206-v1-H1-qscan,GW250109_083206,0.3400300443172455,4,0.34003004;0.31037095;0.04914834;0.01457113,20.496299999649636
c2psa@512,c2psa,512,GW250109_083206-v1-V1-qscan,GW250109_083206,0.0,0,,21.609100000205217
c2psa@512,c2psa,512,GW250114_082203-v2-H1-qscan,GW250114_082203,0.22979800403118134,4,0.22979800;0.20731305;0.06262497;0.01430994,24.151399999936984
c2psa@512,c2psa,512,GW250114_082203-v2-L1-qscan,GW250114_082203,0.8019906282424927,1,0.80199063,25.449400000070455
c2psa@512,c2psa,512,GW250116_015318-v1-H1-qscan,GW250116_015318,0.5336873531341553,4,0.53368735;0.39406794;0.09175345;0.02064655,25.49009999984264
c2psa@512,c2psa,512,GW250116_015318-v1-L1-qscan,GW250116_015318,0.0,0,,24.047300000347605
c2psa@512,c2psa,512,GW250116_015318-v1-V1-qscan,GW250116_015318,0.0,0,,24.963300000308664
c2psa@512,c2psa,512,GW250116_051426-v1-H1-qscan,GW250116_051426,0.0,0,,24.298999999700754
c2psa@512,c2psa,512,GW250116_051426-v1-L1-qscan,GW250116_051426,0.0,0,,23.938299999826995
c2psa@512,c2psa,512,GW250118_023225-v1-H1-qscan,GW250118_023225,0.23651649057865143,1,0.23651649,23.3938000001217
c2psa@512,c2psa,512,GW250118_023225-v1-L1-qscan,GW250118_023225,0.46671217679977417,2,0.46671218;0.01929052,21.003599999858125
c2psa@512,c2psa,512,GW250118_023225-v1-V1-qscan,GW250118_023225,0.0,0,,21.12779999970371
c2psa@512,c2psa,512,GW250118_055802-v1-H1-qscan,GW250118_055802,0.04137023165822029,1,0.04137023,21.51190000040515
c2psa@512,c2psa,512,GW250118_055802-v1-L1-qscan,GW250118_055802,0.0,0,,24.878899999748683
c2psa@512,c2psa,512,GW250118_055802-v1-V1-qscan,GW250118_055802,0.0,0,,24.71400000013091
c2psa@512,c2psa,512,GW250118_170523-v1-H1-qscan,GW250118_170523,0.6824406385421753,2,0.68244064;0.08401257,23.14810000007128
c2psa@512,c2psa,512,GW250118_170523-v1-L1-qscan,GW250118_170523,0.324687123298645,2,0.32468712;0.01091507,25.22210000006453
c2psa@512,c2psa,512,GW250119_025138-v1-H1-qscan,GW250119_025138,0.0,0,,24.209500000324624
c2psa@512,c2psa,512,GW250119_025138-v1-L1-qscan,GW250119_025138,0.4766205847263336,5,0.47662058;0.04756680;0.03803670;0.03584026;0.01329732,25.120700000115903
c2psa@512,c2psa,512,GW250119_025138-v1-V1-qscan,GW250119_025138,0.1891191601753235,1,0.18911916,23.11710000049061
c2psa@512,c2psa,512,GW250119_190238-v1-H1-qscan,GW250119_190238,0.39487868547439575,3,0.39487869;0.02286401;0.01020677,21.379499999966356
c2psa@512,c2psa,512,GW250119_190238-v1-L1-qscan,GW250119_190238,0.5258694887161255,4,0.52586949;0.17744477;0.04120191;0.03144144,21.500099999684608
c2psa@512,c2psa,512,GW250119_190238-v1-V1-qscan,GW250119_190238,0.0,0,,21.942099999250786
c2psa@512,c2psa,512,GW250120_042414-v1-H1-qscan,GW250120_042414,0.014877976849675179,1,0.01487798,23.41450000039913
c2psa@512,c2psa,512,GW250120_042414-v1-L1-qscan,GW250120_042414,0.0,0,,23.757400000249618
c2psa@512,c2psa,512,GW250120_042414-v1-V1-qscan,GW250120_042414,0.0,0,,24.489100000209874
c2psa@640,c2psa,640,GW240406_062847-v1-H1-qscan,GW240406_062847,0.0,0,,42.930900000101246
c2psa@640,c2psa,640,GW240406_062847-v1-L1-qscan,GW240406_062847,0.0,0,,40.705500000512984
c2psa@640,c2psa,640,GW240407_040938-v1-H1-qscan,GW240407_040938,0.033659059554338455,2,0.03365906;0.02233100,45.069199999488774
c2psa@640,c2psa,640,GW240407_040938-v1-L1-qscan,GW240407_040938,0.0,0,,39.72109999995155
c2psa@640,c2psa,640,GW240407_040938-v1-V1-qscan,GW240407_040938,0.05626882612705231,1,0.05626883,39.32780000013736
c2psa@640,c2psa,640,GW240407_061416-v1-H1-qscan,GW240407_061416,0.8127669095993042,3,0.81276691;0.08273052;0.03871706,40.44640000029176
c2psa@640,c2psa,640,GW240407_061416-v1-L1-qscan,GW240407_061416,0.019449617713689804,1,0.01944962,40.18660000019736
c2psa@640,c2psa,640,GW240407_061416-v1-V1-qscan,GW240407_061416,0.0,0,,39.50840000015887
c2psa@640,c2psa,640,GW240407_214946-v1-H1-qscan,GW240407_214946,0.0,0,,41.01439999976719
c2psa@640,c2psa,640,GW240407_214946-v1-L1-qscan,GW240407_214946,0.0,0,,43.93919999984064
c2psa@640,c2psa,640,GW240407_214946-v1-V1-qscan,GW240407_214946,0.0,0,,41.77909999998519
c2psa@640,c2psa,640,GW240408_081753-v1-H1-qscan,GW240408_081753,0.0,0,,41.64250000030734
c2psa@640,c2psa,640,GW240408_081753-v1-L1-qscan,GW240408_081753,0.0,0,,39.76350000084494
c2psa@640,c2psa,640,GW240411_074140-v1-H1-qscan,GW240411_074140,0.022337883710861206,1,0.02233788,40.54010000072594
c2psa@640,c2psa,640,GW240411_074140-v1-L1-qscan,GW240411_074140,0.11943181604146957,2,0.11943182;0.02466962,40.76309999982186
c2psa@640,c2psa,640,GW240413_022019-v1-H1-qscan,GW240413_022019,0.0,0,,40.74330000003101
c2psa@640,c2psa,640,GW240413_022019-v1-L1-qscan,GW240413_022019,0.26754364371299744,2,0.26754364;0.04359290,44.823600000199804
c2psa@640,c2psa,640,GW240413_022019-v1-V1-qscan,GW240413_022019,0.0,0,,40.68509999979142
c2psa@640,c2psa,640,GW240414_054515-v1-H1-qscan,GW240414_054515,0.4820203483104706,3,0.48202035;0.13671422;0.03543466,45.25290000037785
c2psa@640,c2psa,640,GW240414_054515-v1-V1-qscan,GW240414_054515,0.0,0,,41.35870000027353
c2psa@640,c2psa,640,GW240419_041206-v1-H1-qscan,GW240419_041206,0.023232121020555496,1,0.02323212,45.826400000805734
c2psa@640,c2psa,640,GW240419_041206-v1-L1-qscan,GW240419_041206,0.011700313538312912,1,0.01170031,40.71310000017547
c2psa@640,c2psa,640,GW240419_041206-v1-V1-qscan,GW240419_041206,0.026320796459913254,1,0.02632080,44.530399999530346
c2psa@640,c2psa,640,GW240420_175625-v1-H1-qscan,GW240420_175625,0.31833842396736145,7,0.31833842;0.23130605;0.17062633;0.04518517;0.03827829;0.02902079;0.01287534,40.08200000043871
c2psa@640,c2psa,640,GW240421_052935-v1-H1-qscan,GW240421_052935,0.24630452692508698,3,0.24630453;0.07451318;0.01904938,43.534899999940535
c2psa@640,c2psa,640,GW240421_052935-v1-L1-qscan,GW240421_052935,0.0,0,,40.037699999629695
c2psa@640,c2psa,640,GW240421_052935-v1-V1-qscan,GW240421_052935,0.0,0,,43.64690000056726
c2psa@640,c2psa,640,GW240426_031451-v1-H1-qscan,GW240426_031451,0.0,0,,40.028800000072806
c2psa@640,c2psa,640,GW240426_031451-v1-L1-qscan,GW240426_031451,0.40682122111320496,1,0.40682122,43.798900000183494
c2psa@640,c2psa,640,GW240426_085802-v1-H1-qscan,GW240426_085802,0.3740732967853546,2,0.37407330;0.01907813,40.32580000057351
c2psa@640,c2psa,640,GW240426_085802-v1-L1-qscan,GW240426_085802,0.0,0,,44.88560000027064
c2psa@640,c2psa,640,GW240426_085802-v1-V1-qscan,GW240426_085802,0.0,0,,39.631099999496655
c2psa@640,c2psa,640,GW240428_225440-v1-H1-qscan,GW240428_225440,0.8856828808784485,2,0.88568288;0.07660154,41.09560000051715
c2psa@640,c2psa,640,GW240428_225440-v1-V1-qscan,GW240428_225440,0.0,0,,39.778400000614056
c2psa@640,c2psa,640,GW240430_093517-v1-H1-qscan,GW240430_093517,0.0,0,,40.955700000267825
c2psa@640,c2psa,640,GW240430_093517-v1-L1-qscan,GW240430_093517,0.1782274842262268,2,0.17822748;0.12006138,43.133600000146544
c2psa@640,c2psa,640,GW240501_033534-v1-H1-qscan,GW240501_033534,0.9061710834503174,2,0.90617108;0.07794451,41.57430000032036
c2psa@640,c2psa,640,GW240501_033534-v1-L1-qscan,GW240501_033534,0.5088753700256348,3,0.50887537;0.19347896;0.06419052,43.225299999903655
c2psa@640,c2psa,640,GW240501_033534-v1-V1-qscan,GW240501_033534,0.0,0,,41.04689999985567
c2psa@640,c2psa,640,GW240505_133552-v1-H1-qscan,GW240505_133552,0.21725399792194366,1,0.21725400,44.78170000038517
c2psa@640,c2psa,640,GW240505_133552-v1-L1-qscan,GW240505_133552,0.5827630758285522,2,0.58276308;0.04868077,41.42570000021806
c2psa@640,c2psa,640,GW240505_133552-v1-V1-qscan,GW240505_133552,0.0,0,,43.21090000030381
c2psa@640,c2psa,640,GW240507_041632-v1-H1-qscan,GW240507_041632,0.19588647782802582,2,0.19588648;0.06221047,41.5525999997044
c2psa@640,c2psa,640,GW240507_041632-v1-L1-qscan,GW240507_041632,0.2494572252035141,1,0.24945723,44.82499999994616
c2psa@640,c2psa,640,GW240507_041632-v1-V1-qscan,GW240507_041632,0.0,0,,41.42599999977392
c2psa@640,c2psa,640,GW240509_102351-v1-H1-qscan,GW240509_102351,0.0,0,,44.20699999991484
c2psa@640,c2psa,640,GW240509_102351-v1-L1-qscan,GW240509_102351,0.015584992244839668,1,0.01558499,40.101900000081514
c2psa@640,c2psa,640,GW240509_102351-v1-V1-qscan,GW240509_102351,0.0,0,,45.252899999468355
c2psa@640,c2psa,640,GW240511_031507-v1-H1-qscan,GW240511_031507,0.24040843546390533,4,0.24040844;0.07675949;0.04834939;0.01144958,41.40060000008816
c2psa@640,c2psa,640,GW240511_031507-v1-L1-qscan,GW240511_031507,0.9351291656494141,1,0.93512917,44.92819999995845
c2psa@640,c2psa,640,GW240511_031507-v1-V1-qscan,GW240511_031507,0.056188683956861496,1,0.05618868,39.97590000017226
c2psa@640,c2psa,640,GW240512_024139-v1-H1-qscan,GW240512_024139,0.0,0,,45.13860000042769
c2psa@640,c2psa,640,GW240512_024139-v1-L1-qscan,GW240512_024139,0.1421312838792801,4,0.14213128;0.10549201;0.01921596;0.01198926,40.68279999955848
c2psa@640,c2psa,640,GW240512_024139-v1-V1-qscan,GW240512_024139,0.0,0,,44.30959999990591
c2psa@640,c2psa,640,GW240512_051606-v1-H1-qscan,GW240512_051606,0.0,0,,40.71890000068379
c2psa@640,c2psa,640,GW240512_051606-v1-L1-qscan,GW240512_051606,0.0,0,,44.63339999983873
c2psa@640,c2psa,640,GW240512_051606-v1-V1-qscan,GW240512_051606,0.0,0,,39.605500000106986
c2psa@640,c2psa,640,GW240513_183302-v1-H1-qscan,GW240513_183302,0.872667133808136,2,0.87266713;0.02563303,40.10490000018763
c2psa@640,c2psa,640,GW240513_183302-v1-L1-qscan,GW240513_183302,0.3707480728626251,5,0.37074807;0.07987388;0.07522789;0.03707893;0.02011313,40.476500000295346
c2psa@640,c2psa,640,GW240513_183302-v1-V1-qscan,GW240513_183302,0.0,0,,40.85229999964213
c2psa@640,c2psa,640,GW240514_121713-v1-H1-qscan,GW240514_121713,0.16989004611968994,2,0.16989005;0.02553880,40.795100000650564
c2psa@640,c2psa,640,GW240514_121713-v1-L1-qscan,GW240514_121713,0.34588250517845154,4,0.34588251;0.09636910;0.01184754;0.01110686,40.374100000008184
c2psa@640,c2psa,640,GW240514_121713-v1-V1-qscan,GW240514_121713,0.0,0,,45.69829999945796
c2psa@640,c2psa,640,GW240515_005301-v1-H1-qscan,GW240515_005301,0.6973984241485596,4,0.69739842;0.52121365;0.02502744;0.01128722,40.103000000272004
c2psa@640,c2psa,640,GW240515_005301-v1-L1-qscan,GW240515_005301,0.7493606209754944,2,0.74936062;0.01127522,45.318200000110664
c2psa@640,c2psa,640,GW240515_005301-v1-V1-qscan,GW240515_005301,0.0,0,,41.79970000041067
c2psa@640,c2psa,640,GW240516_041939-v1-H1-qscan,GW240516_041939,0.0,0,,44.143399999484245
c2psa@640,c2psa,640,GW240516_041939-v1-L1-qscan,GW240516_041939,0.0,0,,40.22439999971539
c2psa@640,c2psa,640,GW240516_041939-v1-V1-qscan,GW240516_041939,0.0,0,,41.83429999920918
c2psa@640,c2psa,640,GW240519_012815-v1-L1-qscan,GW240519_012815,0.5948085784912109,2,0.59480858;0.01108336,39.2346999997244
c2psa@640,c2psa,640,GW240519_012815-v1-V1-qscan,GW240519_012815,0.5035340189933777,2,0.50353402;0.43249121,41.259599999648344
c2psa@640,c2psa,640,GW240520_213616-v1-H1-qscan,GW240520_213616,0.31691133975982666,2,0.31691134;0.12901141,40.38849999960803
c2psa@640,c2psa,640,GW240520_213616-v1-L1-qscan,GW240520_213616,0.03363749757409096,2,0.03363750;0.02986805,40.41589999997086
c2psa@640,c2psa,640,GW240520_213616-v1-V1-qscan,GW240520_213616,0.0,0,,40.33730000082869
c2psa@640,c2psa,640,GW240525_031210-v1-H1-qscan,GW240525_031210,0.13748078048229218,3,0.13748078;0.04703182;0.02787161,42.89310000058322
c2psa@640,c2psa,640,GW240525_031210-v1-L1-qscan,GW240525_031210,0.7777884602546692,2,0.77778846;0.03467705,40.731699999923876
c2psa@640,c2psa,640,GW240525_031210-v1-V1-qscan,GW240525_031210,0.0,0,,40.398199999799544
c2psa@640,c2psa,640,GW240525_201644-v1-H1-qscan,GW240525_201644,0.0,0,,44.60110000036366
c2psa@640,c2psa,640,GW240525_201644-v1-L1-qscan,GW240525_201644,0.0,0,,40.84540000076231
c2psa@640,c2psa,640,GW240525_201644-v1-V1-qscan,GW240525_201644,0.0,0,,40.37479999988136
c2psa@640,c2psa,640,GW240526_093944-v1-H1-qscan,GW240526_093944,0.4588833451271057,4,0.45888335;0.24249953;0.07911430;0.03701819,41.029200000593846
c2psa@640,c2psa,640,GW240526_093944-v1-L1-qscan,GW240526_093944,0.0,0,,40.89209999983723
c2psa@640,c2psa,640,GW240526_093944-v1-V1-qscan,GW240526_093944,0.0,0,,39.933400000336405
c2psa@640,c2psa,640,GW240527_150907-v1-H1-qscan,GW240527_150907,0.0,0,,41.5990999999849
c2psa@640,c2psa,640,GW240527_150907-v1-L1-qscan,GW240527_150907,0.0,0,,43.636399999741116
c2psa@640,c2psa,640,GW240527_150907-v1-V1-qscan,GW240527_150907,0.0,0,,41.12940000050003
c2psa@640,c2psa,640,GW240527_183429-v1-H1-qscan,GW240527_183429,0.8292379975318909,1,0.82923800,44.44890000013402
c2psa@640,c2psa,640,GW240527_183429-v1-L1-qscan,GW240527_183429,0.10028858482837677,1,0.10028858,40.01010000047245
c2psa@640,c2psa,640,GW240527_183429-v1-V1-qscan,GW240527_183429,0.0,0,,41.194200000063574
c2psa@640,c2psa,640,GW240527_230910-v1-H1-qscan,GW240527_230910,0.07240905612707138,3,0.07240906;0.03600528;0.01661458,39.49000000011438
c2psa@640,c2psa,640,GW240527_230910-v1-L1-qscan,GW240527_230910,0.011811500415205956,1,0.01181150,40.25279999950726
c2psa@640,c2psa,640,GW240527_230910-v1-V1-qscan,GW240527_230910,0.08942628651857376,1,0.08942629,40.36369999994349
c2psa@640,c2psa,640,GW240530_012417-v1-H1-qscan,GW240530_012417,0.044558096677064896,2,0.04455810;0.02000928,39.85319999992498
c2psa@640,c2psa,640,GW240530_012417-v1-L1-qscan,GW240530_012417,0.8629174828529358,2,0.86291748;0.71332401,44.52250000031199
c2psa@640,c2psa,640,GW240530_012417-v1-V1-qscan,GW240530_012417,0.0,0,,40.83809999974619
c2psa@640,c2psa,640,GW240531_040326-v1-H1-qscan,GW240531_040326,0.6792890429496765,2,0.67928904;0.02887600,45.89099999975588
c2psa@640,c2psa,640,GW240531_040326-v1-L1-qscan,GW240531_040326,0.0,0,,40.8065000001443
c2psa@640,c2psa,640,GW240531_040326-v1-V1-qscan,GW240531_040326,0.0,0,,43.832299999849056
c2psa@640,c2psa,640,GW240531_075248-v1-H1-qscan,GW240531_075248,0.0,0,,40.08810000050289
c2psa@640,c2psa,640,GW240531_075248-v1-L1-qscan,GW240531_075248,0.9230532050132751,2,0.92305321;0.58485907,44.230500000594475
c2psa@640,c2psa,640,GW240531_075248-v1-V1-qscan,GW240531_075248,0.0,0,,40.38409999975556
c2psa@640,c2psa,640,GW240601_061200-v1-H1-qscan,GW240601_061200,0.047346923500299454,1,0.04734692,45.386999999209365
c2psa@640,c2psa,640,GW240601_061200-v1-L1-qscan,GW240601_061200,0.291311115026474,2,0.29131112;0.13518050,40.839499999492546
c2psa@640,c2psa,640,GW240601_061200-v1-V1-qscan,GW240601_061200,0.0,0,,44.96930000004795
c2psa@640,c2psa,640,GW240601_231004-v1-H1-qscan,GW240601_231004,0.0,0,,41.53370000040013
c2psa@640,c2psa,640,GW240601_231004-v1-L1-qscan,GW240601_231004,0.0,0,,42.71580000022368
c2psa@640,c2psa,640,GW240601_231004-v1-V1-qscan,GW240601_231004,0.02938941866159439,1,0.02938942,39.96060000008583
c2psa@640,c2psa,640,GW240611_214835-v1-L1-qscan,GW240611_214835,0.2880634367465973,3,0.28806344;0.01694143;0.01386276,43.283099999825936
c2psa@640,c2psa,640,GW240611_214835-v1-V1-qscan,GW240611_214835,0.0,0,,39.66039999977511
c2psa@640,c2psa,640,GW240612_081540-v1-H1-qscan,GW240612_081540,0.2699795663356781,1,0.26997957,39.68910000003234
c2psa@640,c2psa,640,GW240612_081540-v1-L1-qscan,GW240612_081540,0.0,0,,39.53230000024632
c2psa@640,c2psa,640,GW240612_081540-v1-V1-qscan,GW240612_081540,0.0,0,,40.61790000014298
c2psa@640,c2psa,640,GW240613_011503-v1-H1-qscan,GW240613_011503,0.0,0,,44.442200000048615
c2psa@640,c2psa,640,GW240613_011503-v1-L1-qscan,GW240613_011503,0.0712556317448616,1,0.07125563,41.1497999994026
c2psa@640,c2psa,640,GW240613_011503-v1-V1-qscan,GW240613_011503,0.0,0,,45.06810000020778
c2psa@640,c2psa,640,GW240615_113620-v1-H1-qscan,GW240615_113620,0.8434132933616638,2,0.84341329;0.29040825,39.76820000025327
c2psa@640,c2psa,640,GW240615_113620-v1-L1-qscan,GW240615_113620,0.9290520548820496,1,0.92905205,45.55359999994835
c2psa@640,c2psa,640,GW240615_113620-v1-V1-qscan,GW240615_113620,0.0,0,,40.90780000024097
c2psa@640,c2psa,640,GW240615_160735-v1-H1-qscan,GW240615_160735,0.6896555423736572,2,0.68965554;0.02279152,44.17669999929785
c2psa@640,c2psa,640,GW240615_160735-v1-L1-qscan,GW240615_160735,0.2857967019081116,4,0.28579670;0.06100752;0.05927634;0.05570388,40.50879999977042
c2psa@640,c2psa,640,GW240615_160735-v1-V1-qscan,GW240615_160735,0.0,0,,44.50879999967583
c2psa@640,c2psa,640,GW240618_071627-v1-H1-qscan,GW240618_071627,0.06411296874284744,2,0.06411297;0.05803168,40.45529999984865
c2psa@640,c2psa,640,GW240618_071627-v1-L1-qscan,GW240618_071627,0.0,0,,42.14070000034553
c2psa@640,c2psa,640,GW240619_044535-v1-H1-qscan,GW240619_044535,0.010740597732365131,1,0.01074060,40.787400000226626
c2psa@640,c2psa,640,GW240619_044535-v1-L1-qscan,GW240619_044535,0.0,0,,41.022399999746995
c2psa@640,c2psa,640,GW240619_044535-v1-V1-qscan,GW240619_044535,0.0,0,,40.46809999999823
c2psa@640,c2psa,640,GW240619_212357-v1-H1-qscan,GW240619_212357,0.881754994392395,1,0.88175499,41.39960000065912
c2psa@640,c2psa,640,GW240619_212357-v1-L1-qscan,GW240619_212357,0.0,0,,43.90179999973043
c2psa@640,c2psa,640,GW240619_212357-v1-V1-qscan,GW240619_212357,0.012931820005178452,1,0.01293182,41.77189999973052
c2psa@640,c2psa,640,GW240620_094631-v1-H1-qscan,GW240620_094631,0.0,0,,45.37880000043515
c2psa@640,c2psa,640,GW240620_094631-v1-L1-qscan,GW240620_094631,0.0,0,,41.204600000128266
c2psa@640,c2psa,640,GW240620_094631-v1-V1-qscan,GW240620_094631,0.0,0,,44.06219999964378
c2psa@640,c2psa,640,GW240621_103457-v1-H1-qscan,GW240621_103457,0.07168912887573242,1,0.07168913,40.24130000016157
c2psa@640,c2psa,640,GW240621_103457-v1-L1-qscan,GW240621_103457,0.03714611381292343,1,0.03714611,43.08149999997113
c2psa@640,c2psa,640,GW240621_103457-v1-V1-qscan,GW240621_103457,0.01659679040312767,2,0.01659679;0.01328950,41.23350000008941
c2psa@640,c2psa,640,GW240621_195059-v1-H1-qscan,GW240621_195059,0.898210883140564,2,0.89821088;0.01700888,39.50970000005327
c2psa@640,c2psa,640,GW240621_195059-v1-L1-qscan,GW240621_195059,0.7160474061965942,3,0.71604741;0.40664256;0.06027148,40.660900000148104
c2psa@640,c2psa,640,GW240621_195059-v1-V1-qscan,GW240621_195059,0.0,0,,41.052399999898626
c2psa@640,c2psa,640,GW240621_200935-v1-H1-qscan,GW240621_200935,0.3022828698158264,4,0.30228287;0.07802337;0.06460290;0.01298172,39.007800000035786
c2psa@640,c2psa,640,GW240621_200935-v1-L1-qscan,GW240621_200935,0.32195237278938293,4,0.32195237;0.09076681;0.02731300;0.01135457,40.71449999992183
c2psa@640,c2psa,640,GW240621_200935-v1-V1-qscan,GW240621_200935,0.0,0,,42.17869999956747
c2psa@640,c2psa,640,GW240621_214041-v1-H1-qscan,GW240621_214041,0.0,0,,40.5771999994613
c2psa@640,c2psa,640,GW240621_214041-v1-L1-qscan,GW240621_214041,0.7927765250205994,2,0.79277653;0.02689921,44.47040000013658
c2psa@640,c2psa,640,GW240621_214041-v1-V1-qscan,GW240621_214041,0.0,0,,41.529300000547664
c2psa@640,c2psa,640,GW240622_004008-v1-H1-qscan,GW240622_004008,0.12882056832313538,3,0.12882057;0.06685846;0.01336545,44.21759999968344
c2psa@640,c2psa,640,GW240622_004008-v1-L1-qscan,GW240622_004008,0.9398146271705627,2,0.93981463;0.84639704,40.87800000070274
c2psa@640,c2psa,640,GW240622_004008-v1-V1-qscan,GW240622_004008,0.0,0,,44.18280000027153
c2psa@640,c2psa,640,GW240625_073331-v1-H1-qscan,GW240625_073331,0.0961630791425705,1,0.09616308,41.1642999997639
c2psa@640,c2psa,640,GW240625_073331-v1-L1-qscan,GW240625_073331,0.0,0,,44.36409999925672
c2psa@640,c2psa,640,GW240627_131622-v1-H1-qscan,GW240627_131622,0.5336348414421082,3,0.53363484;0.02259924;0.01629968,40.04499999973632
c2psa@640,c2psa,640,GW240627_131622-v1-L1-qscan,GW240627_131622,0.0,0,,41.16769999927783
c2psa@640,c2psa,640,GW240627_131622-v1-V1-qscan,GW240627_131622,0.04239095374941826,1,0.04239095,39.63560000011057
c2psa@640,c2psa,640,GW240629_145256-v1-H1-qscan,GW240629_145256,0.15526869893074036,1,0.15526870,40.123200000380166
c2psa@640,c2psa,640,GW240629_145256-v1-L1-qscan,GW240629_145256,0.6267463564872742,1,0.62674636,40.533700000196404
c2psa@640,c2psa,640,GW240629_145256-v1-V1-qscan,GW240629_145256,0.020760297775268555,1,0.02076030,43.762100000094506
c2psa@640,c2psa,640,GW240630_101703-v1-H1-qscan,GW240630_101703,0.520762026309967,2,0.52076203;0.09192039,39.67509999984031
c2psa@640,c2psa,640,GW240630_101703-v1-V1-qscan,GW240630_101703,0.0,0,,43.766900000264286
c2psa@640,c2psa,640,GW240630_115348-v1-H1-qscan,GW240630_115348,0.20544569194316864,2,0.20544569;0.07571216,42.451100000107544
c2psa@640,c2psa,640,GW240630_115348-v1-L1-qscan,GW240630_115348,0.055603865534067154,3,0.05560387;0.03474965;0.02679367,43.17280000032042
c2psa@640,c2psa,640,GW240630_115348-v1-V1-qscan,GW240630_115348,0.10125690698623657,2,0.10125691;0.02536809,40.89199999998527
c2psa@640,c2psa,640,GW240630_212937-v1-H1-qscan,GW240630_212937,0.02936139889061451,1,0.02936140,40.38310000032652
c2psa@640,c2psa,640,GW240630_212937-v1-L1-qscan,GW240630_212937,0.0,0,,45.15770000034536
c2psa@640,c2psa,640,GW240630_212937-v1-V1-qscan,GW240630_212937,0.0,0,,40.844499999366235
c2psa@640,c2psa,640,GW240701_011640-v1-H1-qscan,GW240701_011640,0.14340874552726746,3,0.14340875;0.02476625;0.01101713,42.62680000010732
c2psa@640,c2psa,640,GW240701_011640-v1-L1-qscan,GW240701_011640,0.0,0,,40.28999999991356
c2psa@640,c2psa,640,GW240701_011640-v1-V1-qscan,GW240701_011640,0.0,0,,40.02479999962816
c2psa@640,c2psa,640,GW240701_013826-v1-H1-qscan,GW240701_013826,0.0,0,,40.338800000427
c2psa@640,c2psa,640,GW240701_013826-v1-L1-qscan,GW240701_013826,0.0,0,,39.852600000813254
c2psa@640,c2psa,640,GW240701_013826-v1-V1-qscan,GW240701_013826,0.1717899739742279,1,0.17178997,44.35659999944619
c2psa@640,c2psa,640,GW240701_203807-v1-H1-qscan,GW240701_203807,0.0,0,,41.091200000664685
c2psa@640,c2psa,640,GW240701_203807-v1-L1-qscan,GW240701_203807,0.0,0,,43.37889999987965
c2psa@640,c2psa,640,GW240701_203807-v1-V1-qscan,GW240701_203807,0.0,0,,41.84850000001461
c2psa@640,c2psa,640,GW240703_191355-v1-L1-qscan,GW240703_191355,0.5657264590263367,2,0.56572646;0.05978557,48.11390000031679
c2psa@640,c2psa,640,GW240703_191355-v1-V1-qscan,GW240703_191355,0.0,0,,41.138100000353006
c2psa@640,c2psa,640,GW240705_053215-v1-H1-qscan,GW240705_053215,0.9569945931434631,1,0.95699459,45.816500000000815
c2psa@640,c2psa,640,GW240705_053215-v1-L1-qscan,GW240705_053215,0.5242758989334106,1,0.52427590,40.53650000059861
c2psa@640,c2psa,640,GW240705_053215-v1-V1-qscan,GW240705_053215,0.0,0,,41.50260000005801
c2psa@640,c2psa,640,GW240716_034900-v1-L1-qscan,GW240716_034900,0.9398602247238159,1,0.93986022,41.18509999989328
c2psa@640,c2psa,640,GW240716_034900-v1-V1-qscan,GW240716_034900,0.0,0,,43.76739999952406
c2psa@640,c2psa,640,GW240806_043539-v1-L1-qscan,GW240806_043539,0.0,0,,41.78479999973206
c2psa@640,c2psa,640,GW240806_043539-v1-V1-qscan,GW240806_043539,0.0,0,,44.29230000005191
c2psa@640,c2psa,640,GW240807_214559-v1-L1-qscan,GW240807_214559,0.0,0,,39.96999999981199
c2psa@640,c2psa,640,GW240807_214559-v1-V1-qscan,GW240807_214559,0.0,0,,42.762799999763956
c2psa@640,c2psa,640,GW240813_034548-v1-L1-qscan,GW240813_034548,0.0,0,,40.697200000067824
c2psa@640,c2psa,640,GW240813_034548-v1-V1-qscan,GW240813_034548,0.0,0,,43.34300000027724
c2psa@640,c2psa,640,GW240814_145043-v1-L1-qscan,GW240814_145043,0.0,0,,40.39769999963028
c2psa@640,c2psa,640,GW240814_145043-v1-V1-qscan,GW240814_145043,0.0,0,,39.33740000047692
c2psa@640,c2psa,640,GW240824_205609-v1-H1-qscan,GW240824_205609,0.048189036548137665,2,0.04818904;0.02114150,39.37539999969886
c2psa@640,c2psa,640,GW240824_205609-v1-L1-qscan,GW240824_205609,0.04250771179795265,1,0.04250771,40.918100000453705
c2psa@640,c2psa,640,GW240824_205609-v1-V1-qscan,GW240824_205609,0.6618989706039429,3,0.66189897;0.04104356;0.01522797,44.26150000017515
c2psa@640,c2psa,640,GW240825_055146-v1-H1-qscan,GW240825_055146,0.28058645129203796,2,0.28058645;0.01943824,41.27100000005157
c2psa@640,c2psa,640,GW240825_055146-v1-L1-qscan,GW240825_055146,0.2195582091808319,2,0.21955821;0.04596228,42.20010000062757
c2psa@640,c2psa,640,GW240825_055146-v1-V1-qscan,GW240825_055146,0.0,0,,41.006299999935436
c2psa@640,c2psa,640,GW240828_102340-v1-H1-qscan,GW240828_102340,0.0,0,,44.527000000016415
c2psa@640,c2psa,640,GW240828_102340-v1-L1-qscan,GW240828_102340,0.10023567080497742,5,0.10023567;0.08764296;0.03290293;0.03006000;0.01731329,38.80650000064634
c2psa@640,c2psa,640,GW240828_102340-v1-V1-qscan,GW240828_102340,0.0,0,,42.4671999999191
c2psa@640,c2psa,640,GW240830_211120-v1-H1-qscan,GW240830_211120,0.01288046408444643,1,0.01288046,40.99250000035681
c2psa@640,c2psa,640,GW240830_211120-v1-L1-qscan,GW240830_211120,0.44754987955093384,5,0.44754988;0.07695977;0.02928364;0.02312256;0.02102595,39.87330000018119
c2psa@640,c2psa,640,GW240830_211120-v1-V1-qscan,GW240830_211120,0.0,0,,41.00579999976617
c2psa@640,c2psa,640,GW240901_195332-v1-H1-qscan,GW240901_195332,0.0,0,,39.37240000050224
c2psa@640,c2psa,640,GW240901_195332-v1-L1-qscan,GW240901_195332,0.0,0,,40.549499999542604
c2psa@640,c2psa,640,GW240901_195332-v1-V1-qscan,GW240901_195332,0.0,0,,41.205900000022666
c2psa@640,c2psa,640,GW240902_143306-v1-H1-qscan,GW240902_143306,0.7282637357711792,2,0.72826374;0.01322079,45.02719999982219
c2psa@640,c2psa,640,GW240902_143306-v1-L1-qscan,GW240902_143306,0.011271029710769653,1,0.01127103,41.314799999781826
c2psa@640,c2psa,640,GW240902_143306-v1-V1-qscan,GW240902_143306,0.0,0,,43.96379999980127
c2psa@640,c2psa,640,GW240907_092521-v1-H1-qscan,GW240907_092521,0.0,0,,39.967499999875145
c2psa@640,c2psa,640,GW240907_092521-v1-L1-qscan,GW240907_092521,0.0,0,,41.61889999977575
c2psa@640,c2psa,640,GW240907_092521-v1-V1-qscan,GW240907_092521,0.0,0,,39.66519999994489
c2psa@640,c2psa,640,GW240907_121650-v1-H1-qscan,GW240907_121650,0.04365432634949684,1,0.04365433,40.32589999951597
c2psa@640,c2psa,640,GW240907_121650-v1-L1-qscan,GW240907_121650,0.0,0,,39.25260000050912
c2psa@640,c2psa,640,GW240907_121650-v1-V1-qscan,GW240907_121650,0.11424002051353455,3,0.11424002;0.07127034;0.01788185,41.88309999972262
c2psa@640,c2psa,640,GW240907_153833-v1-H1-qscan,GW240907_153833,0.26353979110717773,1,0.26353979,43.63869999997405
c2psa@640,c2psa,640,GW240907_153833-v1-L1-qscan,GW240907_153833,0.04846903309226036,1,0.04846903,40.210499999375315
c2psa@640,c2psa,640,GW240907_153833-v1-V1-qscan,GW240907_153833,0.027600636705756187,2,0.02760064;0.01524673,44.7572000002765
c2psa@640,c2psa,640,GW240908_082628-v1-H1-qscan,GW240908_082628,0.06067902222275734,3,0.06067902;0.02856338;0.01149299,39.654000000155065
c2psa@640,c2psa,640,GW240908_082628-v1-L1-qscan,GW240908_082628,0.7576088905334473,4,0.75760889;0.03050184;0.01763716;0.01346443,45.032500000161235
c2psa@640,c2psa,640,GW240908_082628-v1-V1-qscan,GW240908_082628,0.02137921191751957,1,0.02137921,41.64100000070903
c2psa@640,c2psa,640,GW240908_125134-v1-H1-qscan,GW240908_125134,0.0,0,,45.477600000594975
c2psa@640,c2psa,640,GW240908_125134-v1-L1-qscan,GW240908_125134,0.0,0,,41.946700000153214
c2psa@640,c2psa,640,GW240908_125134-v1-V1-qscan,GW240908_125134,0.0,0,,44.415399999707006
c2psa@640,c2psa,640,GW240908_174149-v1-H1-qscan,GW240908_174149,0.0,0,,39.91370000039751
c2psa@640,c2psa,640,GW240908_174149-v1-L1-qscan,GW240908_174149,0.0,0,,46.080399999482324
c2psa@640,c2psa,640,GW240908_174149-v1-V1-qscan,GW240908_174149,0.0,0,,40.59529999994993
c2psa@640,c2psa,640,GW240910_103535-v1-H1-qscan,GW240910_103535,0.5147116780281067,2,0.51471168;0.04914591,44.459200000346755
c2psa@640,c2psa,640,GW240910_103535-v1-L1-qscan,GW240910_103535,0.0,0,,41.2053999998534
c2psa@640,c2psa,640,GW240913_111216-v1-H1-qscan,GW240913_111216,0.027965763583779335,1,0.02796576,46.89039999993838
c2psa@640,c2psa,640,GW240913_111216-v1-L1-qscan,GW240913_111216,0.0,0,,39.22839999995631
c2psa@640,c2psa,640,GW240913_111216-v1-V1-qscan,GW240913_111216,0.0,0,,43.72190000049159
c2psa@640,c2psa,640,GW240915_001357-v1-H1-qscan,GW240915_001357,0.10554391145706177,3,0.10554391;0.06565568;0.01228466,40.974999999889405
c2psa@640,c2psa,640,GW240915_001357-v1-L1-qscan,GW240915_001357,0.9414931535720825,3,0.94149315;0.03130535;0.01119690,45.850200000131736
c2psa@640,c2psa,640,GW240915_001357-v1-V1-qscan,GW240915_001357,0.0,0,,41.21460000078514
c2psa@640,c2psa,640,GW240915_045510-v1-H1-qscan,GW240915_045510,0.015512477606534958,2,0.01551248;0.01097786,46.3900000004287
c2psa@640,c2psa,640,GW240915_045510-v1-L1-qscan,GW240915_045510,0.0,0,,40.27770000084274
c2psa@640,c2psa,640,GW240915_045510-v1-V1-qscan,GW240915_045510,0.3509773313999176,1,0.35097733,45.76210000050196
c2psa@640,c2psa,640,GW240915_105151-v1-H1-qscan,GW240915_105151,0.17750121653079987,2,0.17750122;0.09594493,42.1357999994143
c2psa@640,c2psa,640,GW240915_105151-v1-V1-qscan,GW240915_105151,0.022916976362466812,1,0.02291698,45.14539999945555
c2psa@640,c2psa,640,GW240916_184352-v1-H1-qscan,GW240916_184352,0.0,0,,41.15099999944505
c2psa@640,c2psa,640,GW240916_184352-v1-L1-qscan,GW240916_184352,0.0,0,,44.83669999990525
c2psa@640,c2psa,640,GW240916_184352-v1-V1-qscan,GW240916_184352,0.0,0,,40.49300000042422
c2psa@640,c2psa,640,GW240917_130237-v1-H1-qscan,GW240917_130237,0.0,0,,45.771899999635934
c2psa@640,c2psa,640,GW240917_130237-v1-L1-qscan,GW240917_130237,0.0,0,,40.93350000039209
c2psa@640,c2psa,640,GW240919_061559-v1-H1-qscan,GW240919_061559,0.014323526993393898,1,0.01432353,45.734299999821815
c2psa@640,c2psa,640,GW240919_061559-v1-L1-qscan,GW240919_061559,0.8495969772338867,3,0.84959698;0.10149179;0.02585329,41.89239999959682
c2psa@640,c2psa,640,GW240919_061559-v1-V1-qscan,GW240919_061559,0.62581467628479,3,0.62581468;0.06340589;0.01918728,45.584299999973155
c2psa@640,c2psa,640,GW240919_215453-v1-H1-qscan,GW240919_215453,0.0,0,,40.55969999990339
c2psa@640,c2psa,640,GW240919_215453-v1-L1-qscan,GW240919_215453,0.6768723130226135,1,0.67687231,45.59909999989031
c2psa@640,c2psa,640,GW240919_215453-v1-V1-qscan,GW240919_215453,0.013643153943121433,1,0.01364315,42.00769999988552
c2psa@640,c2psa,640,GW240920_073424-v1-H1-qscan,GW240920_073424,0.8735154271125793,2,0.87351543;0.01873434,43.3896000004097
c2psa@640,c2psa,640,GW240920_073424-v1-L1-qscan,GW240920_073424,0.6621671915054321,2,0.66216719;0.62463397,40.328000000044995
c2psa@640,c2psa,640,GW240920_073424-v1-V1-qscan,GW240920_073424,0.4434000849723816,1,0.44340008,44.9228999996194
c2psa@640,c2psa,640,GW240920_124024-v1-H1-qscan,GW240920_124024,0.9537262320518494,1,0.95372623,39.43359999993845
c2psa@640,c2psa,640,GW240920_124024-v1-L1-qscan,GW240920_124024,0.837456464767456,2,0.83745646;0.65900928,45.13409999981377
c2psa@640,c2psa,640,GW240921_201835-v1-L1-qscan,GW240921_201835,0.33966055512428284,3,0.33966056;0.05575082;0.02267739,39.77690000010625
c2psa@640,c2psa,640,GW240921_201835-v1-V1-qscan,GW240921_201835,0.0,0,,44.95589999987715
c2psa@640,c2psa,640,GW240923_000715-v1-H1-qscan,GW240923_000715,0.0,0,,40.42269999990822
c2psa@640,c2psa,640,GW240923_000715-v1-L1-qscan,GW240923_000715,0.0,0,,44.023399999787216
c2psa@640,c2psa,640,GW240923_000715-v1-V1-qscan,GW240923_000715,0.0,0,,39.638299999751325
c2psa@640,c2psa,640,GW240923_110846-v1-H1-qscan,GW240923_110846,0.8802185654640198,2,0.88021857;0.29999423,39.69570000026579
c2psa@640,c2psa,640,GW240923_204006-v1-H1-qscan,GW240923_204006,0.2536522448062897,1,0.25365224,40.302800000063144
c2psa@640,c2psa,640,GW240923_204006-v1-L1-qscan,GW240923_204006,0.655627965927124,5,0.65562797;0.58412844;0.07307731;0.03239993;0.03154480,40.97439999986818
c2psa@640,c2psa,640,GW240924_000316-v1-H1-qscan,GW240924_000316,0.8779637217521667,2,0.87796372;0.05905582,39.379799999551324
c2psa@640,c2psa,640,GW240924_000316-v1-L1-qscan,GW240924_000316,0.08662168681621552,1,0.08662169,40.97439999986818
c2psa@640,c2psa,640,GW240924_000316-v1-V1-qscan,GW240924_000316,0.0,0,,44.67620000013994
c2psa@640,c2psa,640,GW240925_000956-v1-H1-qscan,GW240925_000956,0.0,0,,39.60379999989527
c2psa@640,c2psa,640,GW240925_000956-v1-L1-qscan,GW240925_000956,0.0,0,,45.888700000432436
c2psa@640,c2psa,640,GW240925_000956-v1-V1-qscan,GW240925_000956,0.03264046087861061,2,0.03264046;0.03090390,41.160499999932654
c2psa@640,c2psa,640,GW240925_005809-v2-H1-qscan,GW240925_005809,0.8609493374824524,4,0.86094934;0.05990444;0.04278593;0.03456514,42.66790000019682
c2psa@640,c2psa,640,GW240925_005809-v2-L1-qscan,GW240925_005809,0.8299035429954529,1,0.82990354,40.321899999980815
c2psa@640,c2psa,640,GW240925_005809-v2-V1-qscan,GW240925_005809,0.0,0,,38.72620000038296
c2psa@640,c2psa,640,GW240930_035959-v1-H1-qscan,GW240930_035959,0.34824153780937195,3,0.34824154;0.32128352;0.14879616,39.45519999979297
c2psa@640,c2psa,640,GW240930_035959-v1-L1-qscan,GW240930_035959,0.27374452352523804,4,0.27374452;0.05837058;0.03267499;0.02412781,39.96530000040366
c2psa@640,c2psa,640,GW240930_035959-v1-V1-qscan,GW240930_035959,0.0,0,,44.12940000020171
c2psa@640,c2psa,640,GW240930_123408-v1-H1-qscan,GW240930_123408,0.6441701650619507,4,0.64417017;0.18416910;0.06181512;0.02655878,40.88529999989987
c2psa@640,c2psa,640,GW240930_123408-v1-L1-qscan,GW240930_123408,0.0,0,,44.36910000003991
c2psa@640,c2psa,640,GW240930_123408-v1-V1-qscan,GW240930_123408,0.0,0,,38.61999999935506
c2psa@640,c2psa,640,GW240930_234614-v1-H1-qscan,GW240930_234614,0.0,0,,39.61280000021361
c2psa@640,c2psa,640,GW240930_234614-v1-L1-qscan,GW240930_234614,0.27182894945144653,4,0.27182895;0.22392489;0.09702801;0.03432465,39.03529999934108
c2psa@640,c2psa,640,GW240930_234614-v1-V1-qscan,GW240930_234614,0.0,0,,40.04010000062408
c2psa@640,c2psa,640,GW241002_030559-v1-L1-qscan,GW241002_030559,0.728462815284729,1,0.72846282,45.43370000010327
c2psa@640,c2psa,640,GW241002_030559-v1-V1-qscan,GW241002_030559,0.036949463188648224,1,0.03694946,40.99450000012439
c2psa@640,c2psa,640,GW241006_015333-v1-H1-qscan,GW241006_015333,0.8624286651611328,4,0.86242867;0.02834797;0.02804103;0.02260516,45.02619999948365
c2psa@640,c2psa,640,GW241006_015333-v1-L1-qscan,GW241006_015333,0.8912777304649353,2,0.89127773;0.01077425,39.40770000008342
c2psa@640,c2psa,640,GW241006_015333-v1-V1-qscan,GW241006_015333,0.0277993343770504,1,0.02779933,43.934400000580354
c2psa@640,c2psa,640,GW241007_082943-v1-H1-qscan,GW241007_082943,0.9155174493789673,1,0.91551745,41.92949999924167
c2psa@640,c2psa,640,GW241007_082943-v1-L1-qscan,GW241007_082943,0.0187264084815979,1,0.01872641,43.55750000013359
c2psa@640,c2psa,640,GW241007_082943-v1-V1-qscan,GW241007_082943,0.0,0,,41.09669999979815
c2psa@640,c2psa,640,GW241009_022835-v1-H1-qscan,GW241009_022835,0.0,0,,43.17160000027798
c2psa@640,c2psa,640,GW241009_022835-v1-L1-qscan,GW241009_022835,0.038265813142061234,1,0.03826581,39.14249999979802
c2psa@640,c2psa,640,GW241009_022835-v1-V1-qscan,GW241009_022835,0.0,0,,43.34130000006553
c2psa@640,c2psa,640,GW241009_084816-v1-H1-qscan,GW241009_084816,0.48386329412460327,4,0.48386329;0.34540147;0.07727899;0.06021472,39.34029999982158
c2psa@640,c2psa,640,GW241009_084816-v1-L1-qscan,GW241009_084816,0.0,0,,40.16389999924286
c2psa@640,c2psa,640,GW241009_084816-v1-V1-qscan,GW241009_084816,0.0,0,,40.57829999965179
c2psa@640,c2psa,640,GW241009_220455-v1-H1-qscan,GW241009_220455,0.15501320362091064,2,0.15501320;0.13775836,40.8279000002949
c2psa@640,c2psa,640,GW241009_220455-v1-L1-qscan,GW241009_220455,0.022766167297959328,1,0.02276617,44.726299999638286
c2psa@640,c2psa,640,GW241009_220455-v1-V1-qscan,GW241009_220455,0.6985279321670532,1,0.69852793,43.01500000019587
c2psa@640,c2psa,640,GW241011_233834-v2-H1-qscan,GW241011_233834,0.9580327868461609,1,0.95803279,40.71250000015425
c2psa@640,c2psa,640,GW241011_233834-v2-V1-qscan,GW241011_233834,0.14853018522262573,1,0.14853019,41.44929999984015
c2psa@640,c2psa,640,GW241018_235402-v1-H1-qscan,GW241018_235402,0.16098839044570923,2,0.16098839;0.02091826,45.73149999941961
c2psa@640,c2psa,640,GW241018_235402-v1-V1-qscan,GW241018_235402,0.0,0,,41.03020000002289
c2psa@640,c2psa,640,GW241101_034726-v1-H1-qscan,GW241101_034726,0.0,0,,45.803500000147324
c2psa@640,c2psa,640,GW241101_034726-v1-L1-qscan,GW241101_034726,0.03878375515341759,3,0.03878376;0.03393841;0.01680702,46.63929999969696
c2psa@640,c2psa,640,GW241101_034726-v1-V1-qscan,GW241101_034726,0.029456939548254013,1,0.02945694,50.14920000030543
c2psa@640,c2psa,640,GW241101_220523-v1-L1-qscan,GW241101_220523,0.8529842495918274,3,0.85298425;0.04542312;0.03708376,53.9998000003834
c2psa@640,c2psa,640,GW241101_220523-v1-V1-qscan,GW241101_220523,0.0,0,,43.21819999950094
c2psa@640,c2psa,640,GW241102_124058-v1-H1-qscan,GW241102_124058,0.06358989328145981,3,0.06358989;0.05167398;0.03649564,42.11219999979221
c2psa@640,c2psa,640,GW241102_124058-v1-L1-qscan,GW241102_124058,0.6925306916236877,2,0.69253069;0.04023246,40.88540000066132
c2psa@640,c2psa,640,GW241102_124058-v1-V1-qscan,GW241102_124058,0.013450021855533123,1,0.01345002,40.055499999652966
c2psa@640,c2psa,640,GW241102_144729-v1-H1-qscan,GW241102_144729,0.8579868078231812,2,0.85798681;0.07665649,40.403799999694456
c2psa@640,c2psa,640,GW241102_144729-v1-L1-qscan,GW241102_144729,0.39967021346092224,2,0.39967021;0.02444172,40.25809999984631
c2psa@640,c2psa,640,GW241102_144729-v1-V1-qscan,GW241102_144729,0.0,0,,44.08259999945585
c2psa@640,c2psa,640,GW241106_110932-v1-H1-qscan,GW241106_110932,0.0,0,,44.32089999954769
c2psa@640,c2psa,640,GW241106_110932-v1-L1-qscan,GW241106_110932,0.0,0,,41.92109999985405
c2psa@640,c2psa,640,GW241106_110932-v1-V1-qscan,GW241106_110932,0.0,0,,42.68270000011398
c2psa@640,c2psa,640,GW241109_005349-v1-H1-qscan,GW241109_005349,0.0,0,,44.990299999881245
c2psa@640,c2psa,640,GW241109_005349-v1-L1-qscan,GW241109_005349,0.0,0,,43.661900000188325
c2psa@640,c2psa,640,GW241109_033317-v1-L1-qscan,GW241109_033317,0.12015996128320694,1,0.12015996,51.393499999903725
c2psa@640,c2psa,640,GW241109_033317-v1-V1-qscan,GW241109_033317,0.02921067364513874,1,0.02921067,40.08049999993091
c2psa@640,c2psa,640,GW241109_115924-v1-H1-qscan,GW241109_115924,0.7478237748146057,1,0.74782377,45.85920000045007
c2psa@640,c2psa,640,GW241109_115924-v1-V1-qscan,GW241109_115924,0.0,0,,40.70400000000518
c2psa@640,c2psa,640,GW241110_124123-v2-H1-qscan,GW241110_124123,0.5248908996582031,5,0.52489090;0.23393795;0.11403708;0.06351417;0.02380002,45.51350000019738
c2psa@640,c2psa,640,GW241110_124123-v2-L1-qscan,GW241110_124123,0.06934785842895508,3,0.06934786;0.03161619;0.01422759,42.9997999999614
c2psa@640,c2psa,640,GW241110_124123-v2-V1-qscan,GW241110_124123,0.2760525643825531,1,0.27605256,47.473599999648286
c2psa@640,c2psa,640,GW241111_111552-v1-H1-qscan,GW241111_111552,0.7999791502952576,4,0.79997915;0.33523843;0.06639612;0.06314722,40.39620000003197
c2psa@640,c2psa,640,GW241111_111552-v1-L1-qscan,GW241111_111552,0.022958382964134216,2,0.02295838;0.01150183,42.96229999999923
c2psa@640,c2psa,640,GW241113_163507-v1-L1-qscan,GW241113_163507,0.8533245921134949,2,0.85332459;0.14323539,42.28460000013001
c2psa@640,c2psa,640,GW241113_163507-v1-V1-qscan,GW241113_163507,0.018062200397253036,1,0.01806220,41.25469999962661
c2psa@640,c2psa,640,GW241114_024711-v1-H1-qscan,GW241114_024711,0.27833572030067444,3,0.27833572;0.05334710;0.04446689,40.66719999991619
c2psa@640,c2psa,640,GW241114_024711-v1-L1-qscan,GW241114_024711,0.36012834310531616,3,0.36012834;0.18179391;0.02189669,44.62779999994382
c2psa@640,c2psa,640,GW241114_024711-v1-V1-qscan,GW241114_024711,0.0,0,,39.42360000019107
c2psa@640,c2psa,640,GW241114_235258-v1-L1-qscan,GW241114_235258,0.02220834791660309,1,0.02220835,44.38860000027489
c2psa@640,c2psa,640,GW241114_235258-v1-V1-qscan,GW241114_235258,0.0,0,,40.77240000060556
c2psa@640,c2psa,640,GW241116_151753-v1-H1-qscan,GW241116_151753,0.12119385600090027,2,0.12119386;0.08443590,44.99390000000858
c2psa@640,c2psa,640,GW241116_151753-v1-L1-qscan,GW241116_151753,0.0,0,,40.966400000797876
c2psa@640,c2psa,640,GW241116_151753-v1-V1-qscan,GW241116_151753,0.0,0,,45.33460000038758
c2psa@640,c2psa,640,GW241124_024914-v1-H1-qscan,GW241124_024914,0.9301706552505493,1,0.93017066,41.195300000254065
c2psa@640,c2psa,640,GW241124_024914-v1-L1-qscan,GW241124_024914,0.46475735306739807,3,0.46475735;0.36887705;0.11505959,44.667199999821605
c2psa@640,c2psa,640,GW241124_024914-v1-V1-qscan,GW241124_024914,0.0,0,,40.715999999520136
c2psa@640,c2psa,640,GW241125_010116-v1-H1-qscan,GW241125_010116,0.11857185512781143,3,0.11857186;0.02652650;0.02206022,45.30159999922034
c2psa@640,c2psa,640,GW241125_010116-v1-L1-qscan,GW241125_010116,0.5954818725585938,1,0.59548187,40.87179999987711
c2psa@640,c2psa,640,GW241125_010116-v1-V1-qscan,GW241125_010116,0.0,0,,43.78110000016022
c2psa@640,c2psa,640,GW241127_061008-v1-H1-qscan,GW241127_061008,0.8173543810844421,2,0.81735438;0.01354660,40.28590000052645
c2psa@640,c2psa,640,GW241127_061008-v1-L1-qscan,GW241127_061008,0.9186616539955139,1,0.91866165,45.72239999924932
c2psa@640,c2psa,640,GW241127_061008-v1-V1-qscan,GW241127_061008,0.01791018806397915,1,0.01791019,41.87000000001717
c2psa@640,c2psa,640,GW241129_021832-v1-H1-qscan,GW241129_021832,0.9229763150215149,1,0.92297632,45.4197999997632
c2psa@640,c2psa,640,GW241129_021832-v1-L1-qscan,GW241129_021832,0.893298864364624,1,0.89329886,42.682999999669846
c2psa@640,c2psa,640,GW241129_021832-v1-V1-qscan,GW241129_021832,0.0,0,,42.31239999990066
c2psa@640,c2psa,640,GW241129_140416-v1-H1-qscan,GW241129_140416,0.0,0,,40.34790000059729
c2psa@640,c2psa,640,GW241129_140416-v1-L1-qscan,GW241129_140416,0.16064688563346863,1,0.16064689,45.040099999823724
c2psa@640,c2psa,640,GW241130_034908-v1-H1-qscan,GW241130_034908,0.6723612546920776,3,0.67236125;0.19190313;0.06766461,42.67980000076932
c2psa@640,c2psa,640,GW241130_034908-v1-L1-qscan,GW241130_034908,0.4899602234363556,2,0.48996022;0.12446865,43.97750000043743
c2psa@640,c2psa,640,GW241130_034908-v1-V1-qscan,GW241130_034908,0.0,0,,43.695499999557796
c2psa@640,c2psa,640,GW241130_110422-v1-H1-qscan,GW241130_110422,0.07802166789770126,3,0.07802167;0.03702751;0.01618681,43.01220000070316
c2psa@640,c2psa,640,GW241130_110422-v1-L1-qscan,GW241130_110422,0.0,0,,42.65119999945455
c2psa@640,c2psa,640,GW241130_110422-v1-V1-qscan,GW241130_110422,0.0,0,,40.08460000022751
c2psa@640,c2psa,640,GW241201_055758-v1-H1-qscan,GW241201_055758,0.7573896050453186,2,0.75738961;0.28101468,42.144899999584595
c2psa@640,c2psa,640,GW241201_055758-v1-L1-qscan,GW241201_055758,0.0,0,,39.77080000004207
c2psa@640,c2psa,640,GW241201_055758-v1-V1-qscan,GW241201_055758,0.0,0,,40.42459999982384
c2psa@640,c2psa,640,GW241201_142737-v1-H1-qscan,GW241201_142737,0.0,0,,45.31349999979284
c2psa@640,c2psa,640,GW241201_142737-v1-L1-qscan,GW241201_142737,0.09691939502954483,2,0.09691940;0.06589948,40.43399999955
c2psa@640,c2psa,640,GW241201_142737-v1-V1-qscan,GW241201_142737,0.29225924611091614,2,0.29225925;0.03764543,45.16310000053636
c2psa@640,c2psa,640,GW241210_023335-v1-H1-qscan,GW241210_023335,0.0,0,,41.21159999976953
c2psa@640,c2psa,640,GW241210_023335-v1-L1-qscan,GW241210_023335,0.30324283242225647,1,0.30324283,44.85530000056315
c2psa@640,c2psa,640,GW241210_060606-v1-H1-qscan,GW241210_060606,0.3640900254249573,3,0.36409003;0.20676295;0.01021592,40.779299999485374
c2psa@640,c2psa,640,GW241210_060606-v1-L1-qscan,GW241210_060606,0.5588425397872925,3,0.55884254;0.52044010;0.21413448,44.22369999974762
c2psa@640,c2psa,640,GW241210_060606-v1-V1-qscan,GW241210_060606,0.23217105865478516,2,0.23217106;0.15965477,40.62659999999596
c2psa@640,c2psa,640,GW241210_120900-v1-H1-qscan,GW241210_120900,0.0,0,,43.95250000015949
c2psa@640,c2psa,640,GW241210_120900-v1-L1-qscan,GW241210_120900,0.8853767514228821,2,0.88537675;0.04588575,39.978000000701286
c2psa@640,c2psa,640,GW241219_222607-v1-H1-qscan,GW241219_222607,0.0,0,,42.15639999983978
c2psa@640,c2psa,640,GW241219_222607-v1-L1-qscan,GW241219_222607,0.012626970186829567,1,0.01262697,40.15030000027764
c2psa@640,c2psa,640,GW241220_062146-v1-H1-qscan,GW241220_062146,0.0,0,,40.18959999939398
c2psa@640,c2psa,640,GW241220_062146-v1-L1-qscan,GW241220_062146,0.0,0,,39.251100000001315
c2psa@640,c2psa,640,GW241225_042553-v1-L1-qscan,GW241225_042553,0.8485637307167053,4,0.84856373;0.48103717;0.19258080;0.05565704,40.2646000002278
c2psa@640,c2psa,640,GW241225_042553-v1-V1-qscan,GW241225_042553,0.015159876085817814,2,0.01515988;0.01323213,44.555899999977555
c2psa@640,c2psa,640,GW241225_082815-v1-H1-qscan,GW241225_082815,0.4753696024417877,2,0.47536960;0.02749703,40.603800000099
c2psa@640,c2psa,640,GW241225_082815-v1-L1-qscan,GW241225_082815,0.8560991883277893,2,0.85609919;0.14370926,46.50300000048446
c2psa@640,c2psa,640,GW241229_155844-v1-H1-qscan,GW241229_155844,0.15591560304164886,2,0.15591560;0.04853247,44.08939999939321
c2psa@640,c2psa,640,GW241229_155844-v1-L1-qscan,GW241229_155844,0.01947428286075592,1,0.01947428,42.911800000183575
c2psa@640,c2psa,640,GW241229_155844-v1-V1-qscan,GW241229_155844,0.0,0,,42.3612000004141
c2psa@640,c2psa,640,GW241230_084504-v1-L1-qscan,GW241230_084504,0.8082090616226196,3,0.80820906;0.06642929;0.01315078,44.97670000000653
c2psa@640,c2psa,640,GW241230_084504-v1-V1-qscan,GW241230_084504,0.0,0,,47.19990000012331
c2psa@640,c2psa,640,GW241230_233618-v1-H1-qscan,GW241230_233618,0.015085794031620026,1,0.01508579,40.308799999365874
c2psa@640,c2psa,640,GW241230_233618-v1-L1-qscan,GW241230_233618,0.67933189868927,5,0.67933190;0.58114827;0.08977574;0.03554129;0.01238295,45.8838000004107
c2psa@640,c2psa,640,GW241230_233618-v1-V1-qscan,GW241230_233618,0.0,0,,40.49680000025546
c2psa@640,c2psa,640,GW241231_054133-v1-H1-qscan,GW241231_054133,0.7717233300209045,1,0.77172333,44.1659999996773
c2psa@640,c2psa,640,GW241231_054133-v1-L1-qscan,GW241231_054133,0.07113233953714371,2,0.07113234;0.06330439,41.74669999974867
c2psa@640,c2psa,640,GW241231_054133-v1-V1-qscan,GW241231_054133,0.0,0,,44.91890000008425
c2psa@640,c2psa,640,GW250101_011205-v1-H1-qscan,GW250101_011205,0.0880245715379715,2,0.08802457;0.01239299,40.75290000037057
c2psa@640,c2psa,640,GW250101_011205-v1-L1-qscan,GW250101_011205,0.7551818490028381,2,0.75518185;0.01065608,44.49230000045645
c2psa@640,c2psa,640,GW250101_011205-v1-V1-qscan,GW250101_011205,0.0,0,,40.00799999994342
c2psa@640,c2psa,640,GW250104_015122-v1-H1-qscan,GW250104_015122,0.07604150474071503,2,0.07604150;0.02199446,43.76779999984137
c2psa@640,c2psa,640,GW250104_015122-v1-L1-qscan,GW250104_015122,0.2630214989185333,3,0.26302150;0.03412094;0.01154703,40.79730000012205
c2psa@640,c2psa,640,GW250104_015122-v1-V1-qscan,GW250104_015122,0.0,0,,43.931700000030105
c2psa@640,c2psa,640,GW250105_134047-v1-H1-qscan,GW250105_134047,0.0,0,,39.908000000650645
c2psa@640,c2psa,640,GW250105_134047-v1-L1-qscan,GW250105_134047,0.0,0,,42.65190000023722
c2psa@640,c2psa,640,GW250105_134047-v1-V1-qscan,GW250105_134047,0.0,0,,40.92510000009497
c2psa@640,c2psa,640,GW250108_152221-v1-H1-qscan,GW250108_152221,0.5554769039154053,3,0.55547690;0.16038710;0.01697792,41.264399999818124
c2psa@640,c2psa,640,GW250108_152221-v1-L1-qscan,GW250108_152221,0.7917312383651733,1,0.79173124,42.546800000309304
c2psa@640,c2psa,640,GW250108_152221-v1-V1-qscan,GW250108_152221,0.04348916560411453,1,0.04348917,44.2693999993935
c2psa@640,c2psa,640,GW250109_010541-v1-H1-qscan,GW250109_010541,0.15708842873573303,2,0.15708843;0.14568625,43.37589999977354
c2psa@640,c2psa,640,GW250109_010541-v1-L1-qscan,GW250109_010541,0.11229010671377182,3,0.11229011;0.10337076;0.03048780,42.10440000042581
c2psa@640,c2psa,640,GW250109_010541-v1-V1-qscan,GW250109_010541,0.5326551795005798,2,0.53265518;0.01134701,45.13860000042769
c2psa@640,c2psa,640,GW250109_074552-v1-H1-qscan,GW250109_074552,0.8987622261047363,1,0.89876223,41.23890000028041
c2psa@640,c2psa,640,GW250109_074552-v1-V1-qscan,GW250109_074552,0.035419803112745285,2,0.03541980;0.01172107,43.71809999975085
c2psa@640,c2psa,640,GW250109_083206-v1-H1-qscan,GW250109_083206,0.7358109354972839,3,0.73581094;0.13201031;0.10183721,42.39969999980531
c2psa@640,c2psa,640,GW250109_083206-v1-V1-qscan,GW250109_083206,0.0,0,,43.046099999628495
c2psa@640,c2psa,640,GW250114_082203-v2-H1-qscan,GW250114_082203,0.0,0,,41.22109999934764
c2psa@640,c2psa,640,GW250114_082203-v2-L1-qscan,GW250114_082203,0.018767453730106354,1,0.01876745,44.41469999983383
c2psa@640,c2psa,640,GW250116_015318-v1-H1-qscan,GW250116_015318,0.4090200364589691,4,0.40902004;0.36320937;0.24227959;0.01157729,41.68579999986832
c2psa@640,c2psa,640,GW250116_015318-v1-L1-qscan,GW250116_015318,0.0,0,,48.15899999994144
c2psa@640,c2psa,640,GW250116_015318-v1-V1-qscan,GW250116_015318,0.0,0,,43.286999999509135
c2psa@640,c2psa,640,GW250116_051426-v1-H1-qscan,GW250116_051426,0.020229704678058624,1,0.02022970,42.57430000052409
c2psa@640,c2psa,640,GW250116_051426-v1-L1-qscan,GW250116_051426,0.0,0,,42.54019999916636
c2psa@640,c2psa,640,GW250118_023225-v1-H1-qscan,GW250118_023225,0.5787525773048401,2,0.57875258;0.04324184,42.586300000039046
c2psa@640,c2psa,640,GW250118_023225-v1-L1-qscan,GW250118_023225,0.495938777923584,2,0.49593878;0.31454176,41.63369999969291
c2psa@640,c2psa,640,GW250118_023225-v1-V1-qscan,GW250118_023225,0.0,0,,40.70880000017496
c2psa@640,c2psa,640,GW250118_055802-v1-H1-qscan,GW250118_055802,0.34424203634262085,1,0.34424204,41.4427000005162
c2psa@640,c2psa,640,GW250118_055802-v1-L1-qscan,GW250118_055802,0.07510443031787872,2,0.07510443;0.02887377,38.66139999990992
c2psa@640,c2psa,640,GW250118_055802-v1-V1-qscan,GW250118_055802,0.0,0,,42.15620000013587
c2psa@640,c2psa,640,GW250118_170523-v1-H1-qscan,GW250118_170523,0.90240478515625,2,0.90240479;0.04029984,42.16749999977765
c2psa@640,c2psa,640,GW250118_170523-v1-L1-qscan,GW250118_170523,0.11790989339351654,5,0.11790989;0.04067154;0.02894154;0.01440835;0.01369587,40.71539999949891
c2psa@640,c2psa,640,GW250119_025138-v1-H1-qscan,GW250119_025138,0.5991583466529846,2,0.59915835;0.34284955,41.2359000001743
c2psa@640,c2psa,640,GW250119_025138-v1-L1-qscan,GW250119_025138,0.6377280950546265,3,0.63772810;0.13535714;0.06750061,40.72289999930945
c2psa@640,c2psa,640,GW250119_025138-v1-V1-qscan,GW250119_025138,0.0,0,,42.868300000009185
c2psa@640,c2psa,640,GW250119_190238-v1-H1-qscan,GW250119_190238,0.432632714509964,1,0.43263271,40.587999999843305
c2psa@640,c2psa,640,GW250119_190238-v1-L1-qscan,GW250119_190238,0.13384094834327698,1,0.13384095,45.40350000024773
c2psa@640,c2psa,640,GW250119_190238-v1-V1-qscan,GW250119_190238,0.0,0,,39.76220000004105
c2psa@640,c2psa,640,GW250120_042414-v1-H1-qscan,GW250120_042414,0.011873193085193634,1,0.01187319,44.50809999980265
c2psa@640,c2psa,640,GW250120_042414-v1-L1-qscan,GW250120_042414,0.0,0,,41.918900000382564
c2psa@640,c2psa,640,GW250120_042414-v1-V1-qscan,GW250120_042414,0.08220277726650238,1,0.08220278,44.61569999966741
c2psa@768,c2psa,768,GW240406_062847-v1-H1-qscan,GW240406_062847,0.0,0,,62.698599999748694
c2psa@768,c2psa,768,GW240406_062847-v1-L1-qscan,GW240406_062847,0.0,0,,61.1362999998164
c2psa@768,c2psa,768,GW240407_040938-v1-H1-qscan,GW240407_040938,0.16688869893550873,3,0.16688870;0.01828453;0.01599070,59.57269999998971
c2psa@768,c2psa,768,GW240407_040938-v1-L1-qscan,GW240407_040938,0.0,0,,60.878799999954936
c2psa@768,c2psa,768,GW240407_040938-v1-V1-qscan,GW240407_040938,0.04955505207180977,2,0.04955505;0.03938906,57.723900000382855
c2psa@768,c2psa,768,GW240407_061416-v1-H1-qscan,GW240407_061416,0.8042671084403992,2,0.80426711;0.59939307,60.52980000004027
c2psa@768,c2psa,768,GW240407_061416-v1-L1-qscan,GW240407_061416,0.03754987567663193,2,0.03754988;0.03575232,58.912899999995716
c2psa@768,c2psa,768,GW240407_061416-v1-V1-qscan,GW240407_061416,0.0,0,,77.24529999995866
c2psa@768,c2psa,768,GW240407_214946-v1-H1-qscan,GW240407_214946,0.0,0,,71.93420000021433
c2psa@768,c2psa,768,GW240407_214946-v1-L1-qscan,GW240407_214946,0.0,0,,70.96780000028957
c2psa@768,c2psa,768,GW240407_214946-v1-V1-qscan,GW240407_214946,0.0,0,,68.80720000026486
c2psa@768,c2psa,768,GW240408_081753-v1-H1-qscan,GW240408_081753,0.015337865799665451,1,0.01533787,71.07080000059796
c2psa@768,c2psa,768,GW240408_081753-v1-L1-qscan,GW240408_081753,0.0,0,,69.47130000025936
c2psa@768,c2psa,768,GW240411_074140-v1-H1-qscan,GW240411_074140,0.022995971143245697,1,0.02299597,72.07310000012512
c2psa@768,c2psa,768,GW240411_074140-v1-L1-qscan,GW240411_074140,0.1585542857646942,1,0.15855429,71.02720000057161
c2psa@768,c2psa,768,GW240413_022019-v1-H1-qscan,GW240413_022019,0.0,0,,77.5273000008383
c2psa@768,c2psa,768,GW240413_022019-v1-L1-qscan,GW240413_022019,0.49998021125793457,1,0.49998021,73.41959999939718
c2psa@768,c2psa,768,GW240413_022019-v1-V1-qscan,GW240413_022019,0.0,0,,66.6919000004782
c2psa@768,c2psa,768,GW240414_054515-v1-H1-qscan,GW240414_054515,0.835238516330719,3,0.83523852;0.62187308;0.06890782,69.98939999994036
c2psa@768,c2psa,768,GW240414_054515-v1-V1-qscan,GW240414_054515,0.1582081913948059,4,0.15820819;0.02526392;0.01786067;0.01118080,67.51259999964532
c2psa@768,c2psa,768,GW240419_041206-v1-H1-qscan,GW240419_041206,0.1128067672252655,2,0.11280677;0.01341622,67.20880000011675
c2psa@768,c2psa,768,GW240419_041206-v1-L1-qscan,GW240419_041206,0.02641213685274124,2,0.02641214;0.01738139,64.78949999927863
c2psa@768,c2psa,768,GW240419_041206-v1-V1-qscan,GW240419_041206,0.012330936267971992,1,0.01233094,67.83760000053007
c2psa@768,c2psa,768,GW240420_175625-v1-H1-qscan,GW240420_175625,0.72515869140625,4,0.72515869;0.25697729;0.03929340;0.02308039,66.71300000016345
c2psa@768,c2psa,768,GW240421_052935-v1-H1-qscan,GW240421_052935,0.4288574457168579,3,0.42885745;0.06535055;0.05357635,67.31709999985469
c2psa@768,c2psa,768,GW240421_052935-v1-L1-qscan,GW240421_052935,0.0,0,,68.91270000051009
c2psa@768,c2psa,768,GW240421_052935-v1-V1-qscan,GW240421_052935,0.0,0,,65.81749999986641
c2psa@768,c2psa,768,GW240426_031451-v1-H1-qscan,GW240426_031451,0.0,0,,68.75680000030115
c2psa@768,c2psa,768,GW240426_031451-v1-L1-qscan,GW240426_031451,0.15586848556995392,1,0.15586849,68.29469999956927
c2psa@768,c2psa,768,GW240426_085802-v1-H1-qscan,GW240426_085802,0.12973399460315704,3,0.12973399;0.08485522;0.02655101,70.71180000002641
c2psa@768,c2psa,768,GW240426_085802-v1-L1-qscan,GW240426_085802,0.0,0,,68.32810000014433
c2psa@768,c2psa,768,GW240426_085802-v1-V1-qscan,GW240426_085802,0.0,0,,68.99829999929352
c2psa@768,c2psa,768,GW240428_225440-v1-H1-qscan,GW240428_225440,0.6549955606460571,3,0.65499556;0.44836068;0.01135644,66.80669999968813
c2psa@768,c2psa,768,GW240428_225440-v1-V1-qscan,GW240428_225440,0.05777985602617264,1,0.05777986,68.63780000003317
c2psa@768,c2psa,768,GW240430_093517-v1-H1-qscan,GW240430_093517,0.0,0,,66.88990000020567
c2psa@768,c2psa,768,GW240430_093517-v1-L1-qscan,GW240430_093517,0.35267144441604614,5,0.35267144;0.16535684;0.03861899;0.03205693;0.02919598,66.50480000007519
c2psa@768,c2psa,768,GW240501_033534-v1-H1-qscan,GW240501_033534,0.8929222226142883,2,0.89292222;0.09759855,68.3273000004192
c2psa@768,c2psa,768,GW240501_033534-v1-L1-qscan,GW240501_033534,0.8325897455215454,4,0.83258975;0.02635448;0.01105389;0.01056727,69.5529999993596
c2psa@768,c2psa,768,GW240501_033534-v1-V1-qscan,GW240501_033534,0.0,0,,70.11010000042006
c2psa@768,c2psa,768,GW240505_133552-v1-H1-qscan,GW240505_133552,0.020738596096634865,1,0.02073860,68.57690000015282
c2psa@768,c2psa,768,GW240505_133552-v1-L1-qscan,GW240505_133552,0.5813539028167725,4,0.58135390;0.17857787;0.02080560;0.01952361,67.98549999984971
c2psa@768,c2psa,768,GW240505_133552-v1-V1-qscan,GW240505_133552,0.0,0,,68.98929999988468
c2psa@768,c2psa,768,GW240507_041632-v1-H1-qscan,GW240507_041632,0.3416460156440735,1,0.34164602,68.56379999953788
c2psa@768,c2psa,768,GW240507_041632-v1-L1-qscan,GW240507_041632,0.5743913650512695,3,0.57439137;0.09002757;0.01399837,67.35900000057882
c2psa@768,c2psa,768,GW240507_041632-v1-V1-qscan,GW240507_041632,0.0,0,,69.92090000039752
c2psa@768,c2psa,768,GW240509_102351-v1-H1-qscan,GW240509_102351,0.0,0,,67.16779999987921
c2psa@768,c2psa,768,GW240509_102351-v1-L1-qscan,GW240509_102351,0.018461281433701515,1,0.01846128,66.07139999960054
c2psa@768,c2psa,768,GW240509_102351-v1-V1-qscan,GW240509_102351,0.0,0,,65.9512000001996
c2psa@768,c2psa,768,GW240511_031507-v1-H1-qscan,GW240511_031507,0.8854359984397888,2,0.88543600;0.22659038,67.01419999990321
c2psa@768,c2psa,768,GW240511_031507-v1-L1-qscan,GW240511_031507,0.7698332667350769,1,0.76983327,66.37599999976374
c2psa@768,c2psa,768,GW240511_031507-v1-V1-qscan,GW240511_031507,0.06330283731222153,3,0.06330284;0.03670787;0.03104887,66.76650000008522
c2psa@768,c2psa,768,GW240512_024139-v1-H1-qscan,GW240512_024139,0.0,0,,68.07980000030511
c2psa@768,c2psa,768,GW240512_024139-v1-L1-qscan,GW240512_024139,0.1177014634013176,8,0.11770146;0.09201016;0.07983492;0.07655887;0.02007451;0.01607324;0.01196875;0.01102265,67.40630000058445
c2psa@768,c2psa,768,GW240512_024139-v1-V1-qscan,GW240512_024139,0.0,0,,67.07539999933942
c2psa@768,c2psa,768,GW240512_051606-v1-H1-qscan,GW240512_051606,0.11458314210176468,3,0.11458314;0.02917180;0.01424058,67.71190000017668
c2psa@768,c2psa,768,GW240512_051606-v1-L1-qscan,GW240512_051606,0.03549027815461159,2,0.03549028;0.01413369,68.48109999918961
c2psa@768,c2psa,768,GW240512_051606-v1-V1-qscan,GW240512_051606,0.0,0,,67.01799999973446
c2psa@768,c2psa,768,GW240513_183302-v1-H1-qscan,GW240513_183302,0.6227084994316101,2,0.62270850;0.58710927,67.07780000033381
c2psa@768,c2psa,768,GW240513_183302-v1-L1-qscan,GW240513_183302,0.6296015977859497,6,0.62960160;0.19688606;0.07205323;0.04906307;0.03289824;0.03039612,67.53159999971103
c2psa@768,c2psa,768,GW240513_183302-v1-V1-qscan,GW240513_183302,0.0,0,,68.08270000055927
c2psa@768,c2psa,768,GW240514_121713-v1-H1-qscan,GW240514_121713,0.5467773675918579,2,0.54677737;0.16468589,66.61110000004555
c2psa@768,c2psa,768,GW240514_121713-v1-L1-qscan,GW240514_121713,0.7310908436775208,2,0.73109084;0.01639152,71.71890000063286
c2psa@768,c2psa,768,GW240514_121713-v1-V1-qscan,GW240514_121713,0.0,0,,65.12839999959397
c2psa@768,c2psa,768,GW240515_005301-v1-H1-qscan,GW240515_005301,0.9043284058570862,3,0.90432841;0.03154382;0.02140953,67.23130000045785
c2psa@768,c2psa,768,GW240515_005301-v1-L1-qscan,GW240515_005301,0.35183826088905334,3,0.35183826;0.25222015;0.05163533,68.35120000050665
c2psa@768,c2psa,768,GW240515_005301-v1-V1-qscan,GW240515_005301,0.0,0,,67.14139999985491
c2psa@768,c2psa,768,GW240516_041939-v1-H1-qscan,GW240516_041939,0.0,0,,67.24229999963427
c2psa@768,c2psa,768,GW240516_041939-v1-L1-qscan,GW240516_041939,0.0,0,,68.51779999942664
c2psa@768,c2psa,768,GW240516_041939-v1-V1-qscan,GW240516_041939,0.01837386004626751,1,0.01837386,67.61110000024928
c2psa@768,c2psa,768,GW240519_012815-v1-L1-qscan,GW240519_012815,0.8686980605125427,1,0.86869806,61.717399999906775
c2psa@768,c2psa,768,GW240519_012815-v1-V1-qscan,GW240519_012815,0.7890950441360474,3,0.78909504;0.21384241;0.02692667,64.46280000000115
c2psa@768,c2psa,768,GW240520_213616-v1-H1-qscan,GW240520_213616,0.31952765583992004,3,0.31952766;0.03718247;0.01235625,67.47400000040216
c2psa@768,c2psa,768,GW240520_213616-v1-L1-qscan,GW240520_213616,0.0,0,,66.90570000046137
c2psa@768,c2psa,768,GW240520_213616-v1-V1-qscan,GW240520_213616,0.0,0,,66.36040000012144
c2psa@768,c2psa,768,GW240525_031210-v1-H1-qscan,GW240525_031210,0.5326708555221558,6,0.53267086;0.49462718;0.06469245;0.03283914;0.02931435;0.01140663,61.75179999991087
c2psa@768,c2psa,768,GW240525_031210-v1-L1-qscan,GW240525_031210,0.4969623386859894,2,0.49696234;0.12909609,65.64399999933812
c2psa@768,c2psa,768,GW240525_031210-v1-V1-qscan,GW240525_031210,0.0,0,,67.57339999967371
c2psa@768,c2psa,768,GW240525_201644-v1-H1-qscan,GW240525_201644,0.0,0,,82.40110000042478
c2psa@768,c2psa,768,GW240525_201644-v1-L1-qscan,GW240525_201644,0.0,0,,73.89520000015182
c2psa@768,c2psa,768,GW240525_201644-v1-V1-qscan,GW240525_201644,0.0,0,,61.40439999944647
c2psa@768,c2psa,768,GW240526_093944-v1-H1-qscan,GW240526_093944,0.6449777483940125,2,0.64497775;0.04225725,66.2358999998105
c2psa@768,c2psa,768,GW240526_093944-v1-L1-qscan,GW240526_093944,0.0,0,,67.08590000016557
c2psa@768,c2psa,768,GW240526_093944-v1-V1-qscan,GW240526_093944,0.0,0,,66.99419999949896
c2psa@768,c2psa,768,GW240527_150907-v1-H1-qscan,GW240527_150907,0.0,0,,62.41859999954613
c2psa@768,c2psa,768,GW240527_150907-v1-L1-qscan,GW240527_150907,0.0,0,,70.11330000023008
c2psa@768,c2psa,768,GW240527_150907-v1-V1-qscan,GW240527_150907,0.0259010661393404,1,0.02590107,70.01219999983732
c2psa@768,c2psa,768,GW240527_183429-v1-H1-qscan,GW240527_183429,0.540144145488739,3,0.54014415;0.27807641;0.04103663,63.873200000671204
c2psa@768,c2psa,768,GW240527_183429-v1-L1-qscan,GW240527_183429,0.16946512460708618,2,0.16946512;0.10201599,67.30009999955655
c2psa@768,c2psa,768,GW240527_183429-v1-V1-qscan,GW240527_183429,0.0,0,,67.17179999941436
c2psa@768,c2psa,768,GW240527_230910-v1-H1-qscan,GW240527_230910,0.15386216342449188,1,0.15386216,66.96819999979198
c2psa@768,c2psa,768,GW240527_230910-v1-L1-qscan,GW240527_230910,0.0,0,,67.19770000017888
c2psa@768,c2psa,768,GW240527_230910-v1-V1-qscan,GW240527_230910,0.09525811672210693,1,0.09525812,67.58580000041547
c2psa@768,c2psa,768,GW240530_012417-v1-H1-qscan,GW240530_012417,0.10241858661174774,3,0.10241859;0.03505188;0.01676515,65.41219999962777
c2psa@768,c2psa,768,GW240530_012417-v1-L1-qscan,GW240530_012417,0.6861793398857117,4,0.68617934;0.14608426;0.02995349;0.01683366,65.81830000050104
c2psa@768,c2psa,768,GW240530_012417-v1-V1-qscan,GW240530_012417,0.0,0,,67.06209999993007
c2psa@768,c2psa,768,GW240531_040326-v1-H1-qscan,GW240531_040326,0.10793787986040115,4,0.10793788;0.04656175;0.02841887;0.01617382,66.89290000031178
c2psa@768,c2psa,768,GW240531_040326-v1-L1-qscan,GW240531_040326,0.0,0,,62.63860000035493
c2psa@768,c2psa,768,GW240531_040326-v1-V1-qscan,GW240531_040326,0.0,0,,66.01790000058827
c2psa@768,c2psa,768,GW240531_075248-v1-H1-qscan,GW240531_075248,0.0,0,,66.54590000016469
c2psa@768,c2psa,768,GW240531_075248-v1-L1-qscan,GW240531_075248,0.49774169921875,4,0.49774170;0.27239996;0.18836494;0.01457897,65.43869999950402
c2psa@768,c2psa,768,GW240531_075248-v1-V1-qscan,GW240531_075248,0.02024652808904648,1,0.02024653,64.47839999964344
c2psa@768,c2psa,768,GW240601_061200-v1-H1-qscan,GW240601_061200,0.051431816071271896,1,0.05143182,68.24030000007042
c2psa@768,c2psa,768,GW240601_061200-v1-L1-qscan,GW240601_061200,0.5568332076072693,2,0.55683321;0.22247258,66.1603999997169
c2psa@768,c2psa,768,GW240601_061200-v1-V1-qscan,GW240601_061200,0.0,0,,66.60120000015013
c2psa@768,c2psa,768,GW240601_231004-v1-H1-qscan,GW240601_231004,0.0,0,,63.08590000026015
c2psa@768,c2psa,768,GW240601_231004-v1-L1-qscan,GW240601_231004,0.0,0,,66.39440000071772
c2psa@768,c2psa,768,GW240601_231004-v1-V1-qscan,GW240601_231004,0.09439586848020554,2,0.09439587;0.02580069,64.94910000037635
c2psa@768,c2psa,768,GW240611_214835-v1-L1-qscan,GW240611_214835,0.2667672634124756,4,0.26676726;0.08172302;0.03649817;0.01594083,67.12270000025455
c2psa@768,c2psa,768,GW240611_214835-v1-V1-qscan,GW240611_214835,0.0,0,,62.994699999762815
c2psa@768,c2psa,768,GW240612_081540-v1-H1-qscan,GW240612_081540,0.35975998640060425,3,0.35975999;0.03854335;0.01599177,63.10450000000856
c2psa@768,c2psa,768,GW240612_081540-v1-L1-qscan,GW240612_081540,0.0,0,,66.10819999968953
c2psa@768,c2psa,768,GW240612_081540-v1-V1-qscan,GW240612_081540,0.0,0,,66.8374999995649
c2psa@768,c2psa,768,GW240613_011503-v1-H1-qscan,GW240613_011503,0.0,0,,65.92869999985851
c2psa@768,c2psa,768,GW240613_011503-v1-L1-qscan,GW240613_011503,0.08370324224233627,2,0.08370324;0.03567556,61.49419999928796
c2psa@768,c2psa,768,GW240613_011503-v1-V1-qscan,GW240613_011503,0.0,0,,65.31429999995453
c2psa@768,c2psa,768,GW240615_113620-v1-H1-qscan,GW240615_113620,0.927310049533844,1,0.92731005,65.56959999943501
c2psa@768,c2psa,768,GW240615_113620-v1-L1-qscan,GW240615_113620,0.1821664422750473,2,0.18216644;0.02358721,65.84870000006049
c2psa@768,c2psa,768,GW240615_113620-v1-V1-qscan,GW240615_113620,0.0,0,,65.66930000008142
c2psa@768,c2psa,768,GW240615_160735-v1-H1-qscan,GW240615_160735,0.30502572655677795,1,0.30502573,66.29089999933058
c2psa@768,c2psa,768,GW240615_160735-v1-L1-qscan,GW240615_160735,0.1886269450187683,4,0.18862695;0.02755415;0.02519948;0.01079804,64.84569999975065
c2psa@768,c2psa,768,GW240615_160735-v1-V1-qscan,GW240615_160735,0.0,0,,65.99280000045837
c2psa@768,c2psa,768,GW240618_071627-v1-H1-qscan,GW240618_071627,0.2528536319732666,2,0.25285363;0.01299303,65.76760000007198
c2psa@768,c2psa,768,GW240618_071627-v1-L1-qscan,GW240618_071627,0.0,0,,65.83500000033382
c2psa@768,c2psa,768,GW240619_044535-v1-H1-qscan,GW240619_044535,0.0,0,,68.58270000066113
c2psa@768,c2psa,768,GW240619_044535-v1-L1-qscan,GW240619_044535,0.0,0,,67.73729999986244
c2psa@768,c2psa,768,GW240619_044535-v1-V1-qscan,GW240619_044535,0.0,0,,65.68590000006225
c2psa@768,c2psa,768,GW240619_212357-v1-H1-qscan,GW240619_212357,0.8453995585441589,2,0.84539956;0.03381367,64.99379999968369
c2psa@768,c2psa,768,GW240619_212357-v1-L1-qscan,GW240619_212357,0.0,0,,65.92879999971046
c2psa@768,c2psa,768,GW240619_212357-v1-V1-qscan,GW240619_212357,0.03973061591386795,1,0.03973062,66.3232999995671
c2psa@768,c2psa,768,GW240620_094631-v1-H1-qscan,GW240620_094631,0.0,0,,63.11980000009498
c2psa@768,c2psa,768,GW240620_094631-v1-L1-qscan,GW240620_094631,0.0,0,,63.23930000053224
c2psa@768,c2psa,768,GW240620_094631-v1-V1-qscan,GW240620_094631,0.0,0,,66.46739999996498
c2psa@768,c2psa,768,GW240621_103457-v1-H1-qscan,GW240621_103457,0.1470293551683426,1,0.14702936,67.99829999999929
c2psa@768,c2psa,768,GW240621_103457-v1-L1-qscan,GW240621_103457,0.0,0,,66.84349999977712
c2psa@768,c2psa,768,GW240621_103457-v1-V1-qscan,GW240621_103457,0.0,0,,66.00579999940237
c2psa@768,c2psa,768,GW240621_195059-v1-H1-qscan,GW240621_195059,0.9625710248947144,1,0.96257102,63.87110000014218
c2psa@768,c2psa,768,GW240621_195059-v1-L1-qscan,GW240621_195059,0.9437075853347778,1,0.94370759,66.86740000077407
c2psa@768,c2psa,768,GW240621_195059-v1-V1-qscan,GW240621_195059,0.0,0,,65.80209999992803
c2psa@768,c2psa,768,GW240621_200935-v1-H1-qscan,GW240621_200935,0.26457709074020386,3,0.26457709;0.11769404;0.03356244,66.453299999921
c2psa@768,c2psa,768,GW240621_200935-v1-L1-qscan,GW240621_200935,0.6268115043640137,4,0.62681150;0.45521256;0.27812955;0.07048246,66.49649999963003
c2psa@768,c2psa,768,GW240621_200935-v1-V1-qscan,GW240621_200935,0.0,0,,67.88880000021891
c2psa@768,c2psa,768,GW240621_214041-v1-H1-qscan,GW240621_214041,0.0,0,,66.28730000011274
c2psa@768,c2psa,768,GW240621_214041-v1-L1-qscan,GW240621_214041,0.842311441898346,2,0.84231144;0.03015996,65.77250000009371
c2psa@768,c2psa,768,GW240621_214041-v1-V1-qscan,GW240621_214041,0.0,0,,64.51759999981732
c2psa@768,c2psa,768,GW240622_004008-v1-H1-qscan,GW240622_004008,0.35451599955558777,3,0.35451600;0.14088507;0.01886510,67.76929999978165
c2psa@768,c2psa,768,GW240622_004008-v1-L1-qscan,GW240622_004008,0.8380545973777771,5,0.83805460;0.40707740;0.03752622;0.03274137;0.01632390,66.74199999997654
c2psa@768,c2psa,768,GW240622_004008-v1-V1-qscan,GW240622_004008,0.020127950236201286,1,0.02012795,66.49169999946025
c2psa@768,c2psa,768,GW240625_073331-v1-H1-qscan,GW240625_073331,0.0,0,,67.70239999968908
c2psa@768,c2psa,768,GW240625_073331-v1-L1-qscan,GW240625_073331,0.0,0,,67.0577000000776
c2psa@768,c2psa,768,GW240627_131622-v1-H1-qscan,GW240627_131622,0.758578896522522,4,0.75857890;0.21332149;0.02166897;0.01335279,61.17720000020199
c2psa@768,c2psa,768,GW240627_131622-v1-L1-qscan,GW240627_131622,0.0,0,,63.80429999990156
c2psa@768,c2psa,768,GW240627_131622-v1-V1-qscan,GW240627_131622,0.0,0,,66.14730000001146
c2psa@768,c2psa,768,GW240629_145256-v1-H1-qscan,GW240629_145256,0.16486871242523193,4,0.16486871;0.02394941;0.01824875;0.01026916,66.90720000005967
c2psa@768,c2psa,768,GW240629_145256-v1-L1-qscan,GW240629_145256,0.6221498847007751,2,0.62214988;0.03210028,66.81250000019645
c2psa@768,c2psa,768,GW240629_145256-v1-V1-qscan,GW240629_145256,0.0,0,,62.105500000143365
c2psa@768,c2psa,768,GW240630_101703-v1-H1-qscan,GW240630_101703,0.18075494468212128,2,0.18075494;0.01594708,64.10320000031788
c2psa@768,c2psa,768,GW240630_101703-v1-V1-qscan,GW240630_101703,0.0,0,,65.8290000001216
c2psa@768,c2psa,768,GW240630_115348-v1-H1-qscan,GW240630_115348,0.2025001049041748,4,0.20250010;0.11010540;0.02191502;0.01070939,66.52219999978115
c2psa@768,c2psa,768,GW240630_115348-v1-L1-qscan,GW240630_115348,0.26925766468048096,1,0.26925766,66.87969999984489
c2psa@768,c2psa,768,GW240630_115348-v1-V1-qscan,GW240630_115348,0.054906971752643585,2,0.05490697;0.03963339,66.43809999968653
c2psa@768,c2psa,768,GW240630_212937-v1-H1-qscan,GW240630_212937,0.02021244540810585,1,0.02021245,64.99189999976807
c2psa@768,c2psa,768,GW240630_212937-v1-L1-qscan,GW240630_212937,0.012116420082747936,1,0.01211642,66.70880000001489
c2psa@768,c2psa,768,GW240630_212937-v1-V1-qscan,GW240630_212937,0.0,0,,66.23379999928147
c2psa@768,c2psa,768,GW240701_011640-v1-H1-qscan,GW240701_011640,0.030435414984822273,2,0.03043541;0.02785094,65.54649999998219
c2psa@768,c2psa,768,GW240701_011640-v1-L1-qscan,GW240701_011640,0.0,0,,64.89659999988362
c2psa@768,c2psa,768,GW240701_011640-v1-V1-qscan,GW240701_011640,0.0,0,,67.42420000045968
c2psa@768,c2psa,768,GW240701_013826-v1-H1-qscan,GW240701_013826,0.0,0,,66.45570000000589
c2psa@768,c2psa,768,GW240701_013826-v1-L1-qscan,GW240701_013826,0.0,0,,61.68260000049486
c2psa@768,c2psa,768,GW240701_013826-v1-V1-qscan,GW240701_013826,0.23936150968074799,1,0.23936151,62.13599999955477
c2psa@768,c2psa,768,GW240701_203807-v1-H1-qscan,GW240701_203807,0.0,0,,65.89309999981197
c2psa@768,c2psa,768,GW240701_203807-v1-L1-qscan,GW240701_203807,0.0,0,,66.25760000042646
c2psa@768,c2psa,768,GW240701_203807-v1-V1-qscan,GW240701_203807,0.06492452323436737,1,0.06492452,66.91599999976461
c2psa@768,c2psa,768,GW240703_191355-v1-L1-qscan,GW240703_191355,0.6395164132118225,2,0.63951641;0.08639564,62.35839999953896
c2psa@768,c2psa,768,GW240703_191355-v1-V1-qscan,GW240703_191355,0.010951604694128036,1,0.01095160,65.6924999993862
c2psa@768,c2psa,768,GW240705_053215-v1-H1-qscan,GW240705_053215,0.8793420791625977,2,0.87934208;0.02638027,66.25379999968573
c2psa@768,c2psa,768,GW240705_053215-v1-L1-qscan,GW240705_053215,0.9032937288284302,1,0.90329373,66.30739999945945
c2psa@768,c2psa,768,GW240705_053215-v1-V1-qscan,GW240705_053215,0.0,0,,64.98869999995804
c2psa@768,c2psa,768,GW240716_034900-v1-L1-qscan,GW240716_034900,0.3886801302433014,4,0.38868013;0.35516793;0.18784630;0.03631535,61.95130000014615
c2psa@768,c2psa,768,GW240716_034900-v1-V1-qscan,GW240716_034900,0.0,0,,65.24950000039098
c2psa@768,c2psa,768,GW240806_043539-v1-L1-qscan,GW240806_043539,0.02961297519505024,2,0.02961298;0.01064770,67.42919999942387
c2psa@768,c2psa,768,GW240806_043539-v1-V1-qscan,GW240806_043539,0.0,0,,66.4889999998195
c2psa@768,c2psa,768,GW240807_214559-v1-L1-qscan,GW240807_214559,0.023376381024718285,1,0.02337638,66.87909999982367
c2psa@768,c2psa,768,GW240807_214559-v1-V1-qscan,GW240807_214559,0.0,0,,63.04110000019136
c2psa@768,c2psa,768,GW240813_034548-v1-L1-qscan,GW240813_034548,0.0,0,,66.37309999950958
c2psa@768,c2psa,768,GW240813_034548-v1-V1-qscan,GW240813_034548,0.0,0,,65.45900000037363
c2psa@768,c2psa,768,GW240814_145043-v1-L1-qscan,GW240814_145043,0.20315751433372498,2,0.20315751;0.03313585,65.60979999994743
c2psa@768,c2psa,768,GW240814_145043-v1-V1-qscan,GW240814_145043,0.0,0,,67.98429999980726
c2psa@768,c2psa,768,GW240824_205609-v1-H1-qscan,GW240824_205609,0.038692448288202286,2,0.03869245;0.03484708,73.44920000014099
c2psa@768,c2psa,768,GW240824_205609-v1-L1-qscan,GW240824_205609,0.0,0,,65.57599999996455
c2psa@768,c2psa,768,GW240824_205609-v1-V1-qscan,GW240824_205609,0.47114574909210205,2,0.47114575;0.27102005,64.60989999959565
c2psa@768,c2psa,768,GW240825_055146-v1-H1-qscan,GW240825_055146,0.19457457959651947,3,0.19457458;0.01390303;0.01120792,66.10029999956168
c2psa@768,c2psa,768,GW240825_055146-v1-L1-qscan,GW240825_055146,0.6087216138839722,5,0.60872161;0.27543813;0.05423896;0.01492847;0.01474997,65.84800000018731
c2psa@768,c2psa,768,GW240825_055146-v1-V1-qscan,GW240825_055146,0.0775613859295845,1,0.07756139,67.06020000001445
c2psa@768,c2psa,768,GW240828_102340-v1-H1-qscan,GW240828_102340,0.01723732426762581,1,0.01723732,67.45589999991353
c2psa@768,c2psa,768,GW240828_102340-v1-L1-qscan,GW240828_102340,0.5147326588630676,4,0.51473266;0.05473565;0.02032284;0.01261061,66.34229999963281
c2psa@768,c2psa,768,GW240828_102340-v1-V1-qscan,GW240828_102340,0.0,0,,65.90219999998226
c2psa@768,c2psa,768,GW240830_211120-v1-H1-qscan,GW240830_211120,0.0,0,,66.40380000044388
c2psa@768,c2psa,768,GW240830_211120-v1-L1-qscan,GW240830_211120,0.6996070742607117,2,0.69960707;0.03305711,65.00549999964278
c2psa@768,c2psa,768,GW240830_211120-v1-V1-qscan,GW240830_211120,0.0,0,,66.73080000018672
c2psa@768,c2psa,768,GW240901_195332-v1-H1-qscan,GW240901_195332,0.0,0,,67.48410000000149
c2psa@768,c2psa,768,GW240901_195332-v1-L1-qscan,GW240901_195332,0.03642602264881134,2,0.03642602;0.01007212,66.0305999999764
c2psa@768,c2psa,768,GW240901_195332-v1-V1-qscan,GW240901_195332,0.0,0,,63.803800000641786
c2psa@768,c2psa,768,GW240902_143306-v1-H1-qscan,GW240902_143306,0.6181645393371582,2,0.61816454;0.39156270,66.96999999985565
c2psa@768,c2psa,768,GW240902_143306-v1-L1-qscan,GW240902_143306,0.11272622644901276,1,0.11272623,65.4844000000594
c2psa@768,c2psa,768,GW240902_143306-v1-V1-qscan,GW240902_143306,0.1372957080602646,1,0.13729571,66.13209999977698
c2psa@768,c2psa,768,GW240907_092521-v1-H1-qscan,GW240907_092521,0.014668677933514118,2,0.01466868;0.01368285,66.86469999931433
c2psa@768,c2psa,768,GW240907_092521-v1-L1-qscan,GW240907_092521,0.013784755021333694,1,0.01378476,64.89539999984117
c2psa@768,c2psa,768,GW240907_092521-v1-V1-qscan,GW240907_092521,0.0,0,,64.6722999999838
c2psa@768,c2psa,768,GW240907_121650-v1-H1-qscan,GW240907_121650,0.032397206872701645,3,0.03239721;0.01426931;0.01163650,66.55969999974332
c2psa@768,c2psa,768,GW240907_121650-v1-L1-qscan,GW240907_121650,0.0,0,,67.2748999995747
c2psa@768,c2psa,768,GW240907_121650-v1-V1-qscan,GW240907_121650,0.13003379106521606,6,0.13003379;0.02891940;0.02533070;0.01665008;0.01515701;0.01267661,63.37160000020958
c2psa@768,c2psa,768,GW240907_153833-v1-H1-qscan,GW240907_153833,0.14080308377742767,4,0.14080308;0.07190344;0.06585365;0.01210970,66.46170000021812
c2psa@768,c2psa,768,GW240907_153833-v1-L1-qscan,GW240907_153833,0.09034951031208038,4,0.09034951;0.03648590;0.01915257;0.01772567,66.40669999978854
c2psa@768,c2psa,768,GW240907_153833-v1-V1-qscan,GW240907_153833,0.02010362781584263,1,0.02010363,66.51809999948455
c2psa@768,c2psa,768,GW240908_082628-v1-H1-qscan,GW240908_082628,0.538285493850708,3,0.53828549;0.07724643;0.04909850,63.19489999987127
c2psa@768,c2psa,768,GW240908_082628-v1-L1-qscan,GW240908_082628,0.6256883144378662,4,0.62568831;0.27148005;0.20842561;0.02286247,66.71209999967687
c2psa@768,c2psa,768,GW240908_082628-v1-V1-qscan,GW240908_082628,0.011752717196941376,1,0.01175272,65.94659999973373
c2psa@768,c2psa,768,GW240908_125134-v1-H1-qscan,GW240908_125134,0.0,0,,66.62510000023758
c2psa@768,c2psa,768,GW240908_125134-v1-L1-qscan,GW240908_125134,0.020108969882130623,1,0.02010897,60.97130000034667
c2psa@768,c2psa,768,GW240908_125134-v1-V1-qscan,GW240908_125134,0.0,0,,60.99140000060288
c2psa@768,c2psa,768,GW240908_174149-v1-H1-qscan,GW240908_174149,0.010711736045777798,1,0.01071174,65.46290000005683
c2psa@768,c2psa,768,GW240908_174149-v1-L1-qscan,GW240908_174149,0.0,0,,65.40000000040891
c2psa@768,c2psa,768,GW240908_174149-v1-V1-qscan,GW240908_174149,0.0,0,,65.93669999983831
c2psa@768,c2psa,768,GW240910_103535-v1-H1-qscan,GW240910_103535,0.7240097522735596,3,0.72400975;0.01495239;0.01346896,62.26909999986674
c2psa@768,c2psa,768,GW240910_103535-v1-L1-qscan,GW240910_103535,0.07960432022809982,6,0.07960432;0.03113543;0.02018076;0.01775740;0.01184357;0.01029265,65.59240000024147
c2psa@768,c2psa,768,GW240913_111216-v1-H1-qscan,GW240913_111216,0.10061600804328918,1,0.10061601,67.24510000003647
c2psa@768,c2psa,768,GW240913_111216-v1-L1-qscan,GW240913_111216,0.0,0,,67.24450000001525
c2psa@768,c2psa,768,GW240913_111216-v1-V1-qscan,GW240913_111216,0.011530932039022446,1,0.01153093,63.205399999787915
c2psa@768,c2psa,768,GW240915_001357-v1-H1-qscan,GW240915_001357,0.08095113188028336,7,0.08095113;0.07020044;0.05399784;0.04190739;0.02687974;0.01892991;0.01475014,66.96740000006685
c2psa@768,c2psa,768,GW240915_001357-v1-L1-qscan,GW240915_001357,0.47948163747787476,2,0.47948164;0.46604159,65.68240000069636
c2psa@768,c2psa,768,GW240915_001357-v1-V1-qscan,GW240915_001357,0.0,0,,66.67299999935494
c2psa@768,c2psa,768,GW240915_045510-v1-H1-qscan,GW240915_045510,0.5537619590759277,2,0.55376196;0.04395454,65.89970000004541
c2psa@768,c2psa,768,GW240915_045510-v1-L1-qscan,GW240915_045510,0.0,0,,66.27750000006927
c2psa@768,c2psa,768,GW240915_045510-v1-V1-qscan,GW240915_045510,0.2663516700267792,1,0.26635167,66.00860000071407
c2psa@768,c2psa,768,GW240915_105151-v1-H1-qscan,GW240915_105151,0.32035723328590393,4,0.32035723;0.26000121;0.01257655;0.01110492,67.67000000036205
c2psa@768,c2psa,768,GW240915_105151-v1-V1-qscan,GW240915_105151,0.0,0,,63.326299999971525
c2psa@768,c2psa,768,GW240916_184352-v1-H1-qscan,GW240916_184352,0.0,0,,66.46320000072592
c2psa@768,c2psa,768,GW240916_184352-v1-L1-qscan,GW240916_184352,0.0,0,,65.29390000014246
c2psa@768,c2psa,768,GW240916_184352-v1-V1-qscan,GW240916_184352,0.01666940748691559,1,0.01666941,64.57030000001396
c2psa@768,c2psa,768,GW240917_130237-v1-H1-qscan,GW240917_130237,0.0,0,,66.97480000002543
c2psa@768,c2psa,768,GW240917_130237-v1-L1-qscan,GW240917_130237,0.0,0,,63.68240000028891
c2psa@768,c2psa,768,GW240919_061559-v1-H1-qscan,GW240919_061559,0.2898435592651367,3,0.28984356;0.11469499;0.08246733,66.95880000006582
c2psa@768,c2psa,768,GW240919_061559-v1-L1-qscan,GW240919_061559,0.8919199705123901,1,0.89191997,65.79489999967336
c2psa@768,c2psa,768,GW240919_061559-v1-V1-qscan,GW240919_061559,0.36307838559150696,4,0.36307839;0.17742750;0.01628428;0.01468170,67.40979999995034
c2psa@768,c2psa,768,GW240919_215453-v1-H1-qscan,GW240919_215453,0.0,0,,62.177399999200134
c2psa@768,c2psa,768,GW240919_215453-v1-L1-qscan,GW240919_215453,0.10678042471408844,6,0.10678042;0.03904797;0.03762143;0.02976019;0.01498208;0.01033461,66.34279999980208
c2psa@768,c2psa,768,GW240919_215453-v1-V1-qscan,GW240919_215453,0.0,0,,64.61399999989226
c2psa@768,c2psa,768,GW240920_073424-v1-H1-qscan,GW240920_073424,0.5515831708908081,2,0.55158317;0.02608802,66.39820000054897
c2psa@768,c2psa,768,GW240920_073424-v1-L1-qscan,GW240920_073424,0.4824429452419281,5,0.48244295;0.21776228;0.11654359;0.03058349;0.02843267,67.15880000047036
c2psa@768,c2psa,768,GW240920_073424-v1-V1-qscan,GW240920_073424,0.39460113644599915,3,0.39460114;0.09339899;0.08991436,65.56439999985741
c2psa@768,c2psa,768,GW240920_124024-v1-H1-qscan,GW240920_124024,0.3016156852245331,2,0.30161569;0.05366915,65.39680000059889
c2psa@768,c2psa,768,GW240920_124024-v1-L1-qscan,GW240920_124024,0.8176749348640442,3,0.81767493;0.03091709;0.02296803,67.042799999399
c2psa@768,c2psa,768,GW240921_201835-v1-L1-qscan,GW240921_201835,0.4981496036052704,1,0.49814960,66.56519999978627
c2psa@768,c2psa,768,GW240921_201835-v1-V1-qscan,GW240921_201835,0.0,0,,64.96550000065326
c2psa@768,c2psa,768,GW240923_000715-v1-H1-qscan,GW240923_000715,0.0,0,,66.38720000046305
c2psa@768,c2psa,768,GW240923_000715-v1-L1-qscan,GW240923_000715,0.0,0,,67.82879999991565
c2psa@768,c2psa,768,GW240923_000715-v1-V1-qscan,GW240923_000715,0.0,0,,67.2247000002244
c2psa@768,c2psa,768,GW240923_110846-v1-H1-qscan,GW240923_110846,0.7416560649871826,6,0.74165606;0.71709299;0.32955480;0.05955682;0.03846854;0.02906941,61.11049999981333
c2psa@768,c2psa,768,GW240923_204006-v1-H1-qscan,GW240923_204006,0.3864194452762604,1,0.38641945,63.60949999998411
c2psa@768,c2psa,768,GW240923_204006-v1-L1-qscan,GW240923_204006,0.8584297299385071,5,0.85842973;0.16887729;0.03356029;0.02272614;0.01640512,66.44250000044849
c2psa@768,c2psa,768,GW240924_000316-v1-H1-qscan,GW240924_000316,0.46499404311180115,3,0.46499404;0.44386321;0.01106918,66.72200000048178
c2psa@768,c2psa,768,GW240924_000316-v1-L1-qscan,GW240924_000316,0.09749934077262878,1,0.09749934,66.39290000020992
c2psa@768,c2psa,768,GW240924_000316-v1-V1-qscan,GW240924_000316,0.0,0,,69.05170000027283
c2psa@768,c2psa,768,GW240925_000956-v1-H1-qscan,GW240925_000956,0.02606230601668358,1,0.02606231,64.89979999969364
c2psa@768,c2psa,768,GW240925_000956-v1-L1-qscan,GW240925_000956,0.028001366183161736,1,0.02800137,67.13159999981144
c2psa@768,c2psa,768,GW240925_000956-v1-V1-qscan,GW240925_000956,0.020132098346948624,1,0.02013210,66.12279999990278
c2psa@768,c2psa,768,GW240925_005809-v2-H1-qscan,GW240925_005809,0.965209424495697,1,0.96520942,61.99519999972836
c2psa@768,c2psa,768,GW240925_005809-v2-L1-qscan,GW240925_005809,0.955544114112854,1,0.95554411,62.05910000062431
c2psa@768,c2psa,768,GW240925_005809-v2-V1-qscan,GW240925_005809,0.0,0,,67.10600000042177
c2psa@768,c2psa,768,GW240930_035959-v1-H1-qscan,GW240930_035959,0.1510729193687439,2,0.15107292;0.01899577,67.12269999934506
c2psa@768,c2psa,768,GW240930_035959-v1-L1-qscan,GW240930_035959,0.21272657811641693,2,0.21272658;0.03899005,65.42009999975562
c2psa@768,c2psa,768,GW240930_035959-v1-V1-qscan,GW240930_035959,0.0,0,,66.1143000006632
c2psa@768,c2psa,768,GW240930_123408-v1-H1-qscan,GW240930_123408,0.6384021639823914,5,0.63840216;0.14431730;0.12338161;0.02785144;0.01325404,66.28869999985909
c2psa@768,c2psa,768,GW240930_123408-v1-L1-qscan,GW240930_123408,0.0,0,,64.26059999921563
c2psa@768,c2psa,768,GW240930_123408-v1-V1-qscan,GW240930_123408,0.0,0,,66.66959999984101
c2psa@768,c2psa,768,GW240930_234614-v1-H1-qscan,GW240930_234614,0.0,0,,66.72189999972034
c2psa@768,c2psa,768,GW240930_234614-v1-L1-qscan,GW240930_234614,0.2863955795764923,4,0.28639558;0.21324235;0.11930689;0.05563727,63.8835999998264
c2psa@768,c2psa,768,GW240930_234614-v1-V1-qscan,GW240930_234614,0.0,0,,65.90150000010908
c2psa@768,c2psa,768,GW241002_030559-v1-L1-qscan,GW241002_030559,0.6524153351783752,3,0.65241534;0.31381094;0.11540564,65.5507999999827
c2psa@768,c2psa,768,GW241002_030559-v1-V1-qscan,GW241002_030559,0.0,0,,65.87360000048648
c2psa@768,c2psa,768,GW241006_015333-v1-H1-qscan,GW241006_015333,0.02941245771944523,4,0.02941246;0.01861131;0.01499031;0.01223007,65.58079999922484
c2psa@768,c2psa,768,GW241006_015333-v1-L1-qscan,GW241006_015333,0.837339460849762,2,0.83733946;0.34816384,63.84359999992739
c2psa@768,c2psa,768,GW241006_015333-v1-V1-qscan,GW241006_015333,0.034073468297719955,1,0.03407347,64.43909999961761
c2psa@768,c2psa,768,GW241007_082943-v1-H1-qscan,GW241007_082943,0.4227868914604187,4,0.42278689;0.13671917;0.04947205;0.02647143,67.41880000026867
c2psa@768,c2psa,768,GW241007_082943-v1-L1-qscan,GW241007_082943,0.02078280784189701,2,0.02078281;0.01188543,66.0321000004842
c2psa@768,c2psa,768,GW241007_082943-v1-V1-qscan,GW241007_082943,0.0,0,,62.990900000841066
c2psa@768,c2psa,768,GW241009_022835-v1-H1-qscan,GW241009_022835,0.0,0,,64.8881999995865
c2psa@768,c2psa,768,GW241009_022835-v1-L1-qscan,GW241009_022835,0.09176604449748993,4,0.09176604;0.05338865;0.03928489;0.01432893,65.81770000047982
c2psa@768,c2psa,768,GW241009_022835-v1-V1-qscan,GW241009_022835,0.0,0,,66.80710000000545
c2psa@768,c2psa,768,GW241009_084816-v1-H1-qscan,GW241009_084816,0.3715507388114929,4,0.37155074;0.08550391;0.03771724;0.02090530,63.63729999975476
c2psa@768,c2psa,768,GW241009_084816-v1-L1-qscan,GW241009_084816,0.0,0,,65.6208999998853
c2psa@768,c2psa,768,GW241009_084816-v1-V1-qscan,GW241009_084816,0.0,0,,64.52160000026197
c2psa@768,c2psa,768,GW241009_220455-v1-H1-qscan,GW241009_220455,0.5471925735473633,4,0.54719257;0.34820065;0.10378113;0.05899581,66.15929999952641
c2psa@768,c2psa,768,GW241009_220455-v1-L1-qscan,GW241009_220455,0.08189322799444199,2,0.08189323;0.01706718,66.82350000028237
c2psa@768,c2psa,768,GW241009_220455-v1-V1-qscan,GW241009_220455,0.7892151474952698,1,0.78921515,61.81700000070123
c2psa@768,c2psa,768,GW241011_233834-v2-H1-qscan,GW241011_233834,0.9535099864006042,2,0.95350999;0.01310921,65.60559999979887
c2psa@768,c2psa,768,GW241011_233834-v2-V1-qscan,GW241011_233834,0.45256689190864563,2,0.45256689;0.18042150,66.05239999953483
c2psa@768,c2psa,768,GW241018_235402-v1-H1-qscan,GW241018_235402,0.6582843065261841,4,0.65828431;0.59462667;0.06618348;0.01429396,66.51330000022426
c2psa@768,c2psa,768,GW241018_235402-v1-V1-qscan,GW241018_235402,0.0,0,,64.49669999983598
c2psa@768,c2psa,768,GW241101_034726-v1-H1-qscan,GW241101_034726,0.0185916218906641,1,0.01859162,61.24180000006163
c2psa@768,c2psa,768,GW241101_034726-v1-L1-qscan,GW241101_034726,0.1853695958852768,4,0.18536960;0.04645320;0.03577633;0.02757666,66.35959999948682
c2psa@768,c2psa,768,GW241101_034726-v1-V1-qscan,GW241101_034726,0.0,0,,65.84269999984826
c2psa@768,c2psa,768,GW241101_220523-v1-L1-qscan,GW241101_220523,0.8231136202812195,3,0.82311362;0.28928837;0.03810756,66.38390000080108
c2psa@768,c2psa,768,GW241101_220523-v1-V1-qscan,GW241101_220523,0.0,0,,67.66810000044643
c2psa@768,c2psa,768,GW241102_124058-v1-H1-qscan,GW241102_124058,0.42509323358535767,2,0.42509323;0.01983057,67.29309999991528
c2psa@768,c2psa,768,GW241102_124058-v1-L1-qscan,GW241102_124058,0.22654877603054047,3,0.22654878;0.02383380;0.01169564,64.68059999951947
c2psa@768,c2psa,768,GW241102_124058-v1-V1-qscan,GW241102_124058,0.016027500852942467,3,0.01602750;0.01130343;0.01004089,66.63170000047103
c2psa@768,c2psa,768,GW241102_144729-v1-H1-qscan,GW241102_144729,0.7639607787132263,3,0.76396078;0.07429811;0.07189123,66.52649999978166
c2psa@768,c2psa,768,GW241102_144729-v1-L1-qscan,GW241102_144729,0.8492383360862732,2,0.84923834;0.01789911,66.43050000002404
c2psa@768,c2psa,768,GW241102_144729-v1-V1-qscan,GW241102_144729,0.0,0,,67.11500000074011
c2psa@768,c2psa,768,GW241106_110932-v1-H1-qscan,GW241106_110932,0.0,0,,67.4418999997215
c2psa@768,c2psa,768,GW241106_110932-v1-L1-qscan,GW241106_110932,0.069035105407238,2,0.06903511;0.01106211,63.028900000063004
c2psa@768,c2psa,768,GW241106_110932-v1-V1-qscan,GW241106_110932,0.0,0,,65.99960000039573
c2psa@768,c2psa,768,GW241109_005349-v1-H1-qscan,GW241109_005349,0.0640483945608139,1,0.06404839,66.15570000030857
c2psa@768,c2psa,768,GW241109_005349-v1-L1-qscan,GW241109_005349,0.03251632675528526,1,0.03251633,65.26280000070983
c2psa@768,c2psa,768,GW241109_033317-v1-L1-qscan,GW241109_033317,0.2803000807762146,2,0.28030008;0.07884536,65.03229999998439
c2psa@768,c2psa,768,GW241109_033317-v1-V1-qscan,GW241109_033317,0.20959100127220154,3,0.20959100;0.01928582;0.01309320,64.76569999995263
c2psa@768,c2psa,768,GW241109_115924-v1-H1-qscan,GW241109_115924,0.9410982131958008,2,0.94109821;0.01062068,67.64229999953386
c2psa@768,c2psa,768,GW241109_115924-v1-V1-qscan,GW241109_115924,0.0,0,,67.03310000011697
c2psa@768,c2psa,768,GW241110_124123-v2-H1-qscan,GW241110_124123,0.46109524369239807,3,0.46109524;0.30065954;0.01554717,63.78049999966606
c2psa@768,c2psa,768,GW241110_124123-v2-L1-qscan,GW241110_124123,0.5900155901908875,1,0.59001559,66.76980000065669
c2psa@768,c2psa,768,GW241110_124123-v2-V1-qscan,GW241110_124123,0.26555168628692627,1,0.26555169,66.66870000026393
c2psa@768,c2psa,768,GW241111_111552-v1-H1-qscan,GW241111_111552,0.8524858355522156,3,0.85248584;0.63524735;0.07178779,66.88199999916833
c2psa@768,c2psa,768,GW241111_111552-v1-L1-qscan,GW241111_111552,0.3220798075199127,1,0.32207981,61.10569999964355
c2psa@768,c2psa,768,GW241113_163507-v1-L1-qscan,GW241113_163507,0.43467947840690613,3,0.43467948;0.02072637;0.01335603,66.4624000000913
c2psa@768,c2psa,768,GW241113_163507-v1-V1-qscan,GW241113_163507,0.11640099436044693,1,0.11640099,64.22889999976178
c2psa@768,c2psa,768,GW241114_024711-v1-H1-qscan,GW241114_024711,0.22391372919082642,4,0.22391373;0.02466050;0.01184081;0.01092986,65.61210000018036
c2psa@768,c2psa,768,GW241114_024711-v1-L1-qscan,GW241114_024711,0.03593694046139717,1,0.03593694,65.24290000015753
c2psa@768,c2psa,768,GW241114_024711-v1-V1-qscan,GW241114_024711,0.0,0,,65.53050000002258
c2psa@768,c2psa,768,GW241114_235258-v1-L1-qscan,GW241114_235258,0.0,0,,65.98980000035226
c2psa@768,c2psa,768,GW241114_235258-v1-V1-qscan,GW241114_235258,0.04751910641789436,2,0.04751911;0.04499377,66.36680000065098
c2psa@768,c2psa,768,GW241116_151753-v1-H1-qscan,GW241116_151753,0.43808338046073914,3,0.43808338;0.02783263;0.01048525,67.3599000001559
c2psa@768,c2psa,768,GW241116_151753-v1-L1-qscan,GW241116_151753,0.10489555448293686,1,0.10489555,65.4672999999093
c2psa@768,c2psa,768,GW241116_151753-v1-V1-qscan,GW241116_151753,0.02493414096534252,1,0.02493414,65.5735000000277
c2psa@768,c2psa,768,GW241124_024914-v1-H1-qscan,GW241124_024914,0.9480476379394531,1,0.94804764,67.5928999999087
c2psa@768,c2psa,768,GW241124_024914-v1-L1-qscan,GW241124_024914,0.3723083734512329,4,0.37230837;0.25592509;0.16438870;0.04040539,66.25129999974888
c2psa@768,c2psa,768,GW241124_024914-v1-V1-qscan,GW241124_024914,0.020615428686141968,1,0.02061543,66.04349999997794
c2psa@768,c2psa,768,GW241125_010116-v1-H1-qscan,GW241125_010116,0.23333832621574402,2,0.23333833;0.03087904,66.55500000033499
c2psa@768,c2psa,768,GW241125_010116-v1-L1-qscan,GW241125_010116,0.5919319987297058,1,0.59193200,65.63099999948463
c2psa@768,c2psa,768,GW241125_010116-v1-V1-qscan,GW241125_010116,0.0,0,,66.54510000043956
c2psa@768,c2psa,768,GW241127_061008-v1-H1-qscan,GW241127_061008,0.9261742830276489,1,0.92617428,61.632599999938975
c2psa@768,c2psa,768,GW241127_061008-v1-L1-qscan,GW241127_061008,0.38488009572029114,2,0.38488010;0.02064384,66.09039999966626
c2psa@768,c2psa,768,GW241127_061008-v1-V1-qscan,GW241127_061008,0.011281519196927547,1,0.01128152,66.11509999947884
c2psa@768,c2psa,768,GW241129_021832-v1-H1-qscan,GW241129_021832,0.7005038261413574,2,0.70050383;0.28903314,65.81509999978152
c2psa@768,c2psa,768,GW241129_021832-v1-L1-qscan,GW241129_021832,0.91512531042099,1,0.91512531,64.95549999999639
c2psa@768,c2psa,768,GW241129_021832-v1-V1-qscan,GW241129_021832,0.0,0,,64.08459999965999
c2psa@768,c2psa,768,GW241129_140416-v1-H1-qscan,GW241129_140416,0.051294758915901184,1,0.05129476,66.11309999971127
c2psa@768,c2psa,768,GW241129_140416-v1-L1-qscan,GW241129_140416,0.01177672203630209,2,0.01177672;0.01090935,66.32519999948272
c2psa@768,c2psa,768,GW241130_034908-v1-H1-qscan,GW241130_034908,0.9184379577636719,4,0.91843796;0.07603286;0.03966952;0.01128618,61.40349999986938
c2psa@768,c2psa,768,GW241130_034908-v1-L1-qscan,GW241130_034908,0.7238332629203796,3,0.72383326;0.04124801;0.01482476,62.21529999947961
c2psa@768,c2psa,768,GW241130_034908-v1-V1-qscan,GW241130_034908,0.0,0,,67.02650000079302
c2psa@768,c2psa,768,GW241130_110422-v1-H1-qscan,GW241130_110422,0.08420681953430176,5,0.08420682;0.08250432;0.05169430;0.03199824;0.01275024,67.35079999998561
c2psa@768,c2psa,768,GW241130_110422-v1-L1-qscan,GW241130_110422,0.0,0,,66.42370000008668
c2psa@768,c2psa,768,GW241130_110422-v1-V1-qscan,GW241130_110422,0.0,0,,62.23180000051798
c2psa@768,c2psa,768,GW241201_055758-v1-H1-qscan,GW241201_055758,0.8336343169212341,2,0.83363432;0.19790116,60.783599999922444
c2psa@768,c2psa,768,GW241201_055758-v1-L1-qscan,GW241201_055758,0.01566513441503048,1,0.01566513,63.2251000006363
c2psa@768,c2psa,768,GW241201_055758-v1-V1-qscan,GW241201_055758,0.0,0,,65.86839999999938
c2psa@768,c2psa,768,GW241201_142737-v1-H1-qscan,GW241201_142737,0.0,0,,65.58690000019851
c2psa@768,c2psa,768,GW241201_142737-v1-L1-qscan,GW241201_142737,0.0,0,,67.28019999991375
c2psa@768,c2psa,768,GW241201_142737-v1-V1-qscan,GW241201_142737,0.29390454292297363,1,0.29390454,61.17970000013884
c2psa@768,c2psa,768,GW241210_023335-v1-H1-qscan,GW241210_023335,0.0,0,,67.65429999995831
c2psa@768,c2psa,768,GW241210_023335-v1-L1-qscan,GW241210_023335,0.01627681963145733,1,0.01627682,67.79269999969983
c2psa@768,c2psa,768,GW241210_060606-v1-H1-qscan,GW241210_060606,0.5542091727256775,4,0.55420917;0.03123854;0.02470551;0.01278430,66.86970000009751
c2psa@768,c2psa,768,GW241210_060606-v1-L1-qscan,GW241210_060606,0.7044641375541687,6,0.70446414;0.38180149;0.07169332;0.05429316;0.02094420;0.01138406,62.85050000042247
c2psa@768,c2psa,768,GW241210_060606-v1-V1-qscan,GW241210_060606,0.20654046535491943,2,0.20654047;0.03447595,68.12109999918903
c2psa@768,c2psa,768,GW241210_120900-v1-H1-qscan,GW241210_120900,0.0,0,,68.37570000061532
c2psa@768,c2psa,768,GW241210_120900-v1-L1-qscan,GW241210_120900,0.3310266137123108,5,0.33102661;0.14748454;0.06386606;0.04359712;0.01161334,66.16489999942132
c2psa@768,c2psa,768,GW241219_222607-v1-H1-qscan,GW241219_222607,0.07697062939405441,2,0.07697063;0.04197269,62.91200000032404
c2psa@768,c2psa,768,GW241219_222607-v1-L1-qscan,GW241219_222607,0.0,0,,66.84089999998832
c2psa@768,c2psa,768,GW241220_062146-v1-H1-qscan,GW241220_062146,0.0,0,,66.87920000058512
c2psa@768,c2psa,768,GW241220_062146-v1-L1-qscan,GW241220_062146,0.0,0,,66.57559999985097
c2psa@768,c2psa,768,GW241225_042553-v1-L1-qscan,GW241225_042553,0.7069945931434631,6,0.70699459;0.35191050;0.16095479;0.04808653;0.04158684;0.01814979,68.50439999925584
c2psa@768,c2psa,768,GW241225_042553-v1-V1-qscan,GW241225_042553,0.0,0,,68.46620000032999
c2psa@768,c2psa,768,GW241225_082815-v1-H1-qscan,GW241225_082815,0.10622426122426987,2,0.10622426;0.06126392,66.03460000042105
c2psa@768,c2psa,768,GW241225_082815-v1-L1-qscan,GW241225_082815,0.8728404641151428,2,0.87284046;0.12689027,67.587900000035
c2psa@768,c2psa,768,GW241229_155844-v1-H1-qscan,GW241229_155844,0.34422898292541504,4,0.34422898;0.04103969;0.02727385;0.01866278,65.14359999982844
c2psa@768,c2psa,768,GW241229_155844-v1-L1-qscan,GW241229_155844,0.385662704706192,1,0.38566270,65.84169999950973
c2psa@768,c2psa,768,GW241229_155844-v1-V1-qscan,GW241229_155844,0.0,0,,65.90400000004593
c2psa@768,c2psa,768,GW241230_084504-v1-L1-qscan,GW241230_084504,0.8856301307678223,1,0.88563013,66.71990000086225
c2psa@768,c2psa,768,GW241230_084504-v1-V1-qscan,GW241230_084504,0.0,0,,67.28250000014668
c2psa@768,c2psa,768,GW241230_233618-v1-H1-qscan,GW241230_233618,0.09734039753675461,1,0.09734040,65.35640000038256
c2psa@768,c2psa,768,GW241230_233618-v1-L1-qscan,GW241230_233618,0.8962088227272034,5,0.89620882;0.26219764;0.23313314;0.07531599;0.01248758,66.35730000016338
c2psa@768,c2psa,768,GW241230_233618-v1-V1-qscan,GW241230_233618,0.0,0,,62.36620000072435
c2psa@768,c2psa,768,GW241231_054133-v1-H1-qscan,GW241231_054133,0.7823405265808105,2,0.78234053;0.21326482,67.03860000015993
c2psa@768,c2psa,768,GW241231_054133-v1-L1-qscan,GW241231_054133,0.8053585886955261,3,0.80535859;0.19645257;0.05598645,66.18319999961386
c2psa@768,c2psa,768,GW241231_054133-v1-V1-qscan,GW241231_054133,0.0,0,,68.43129999924713
c2psa@768,c2psa,768,GW250101_011205-v1-H1-qscan,GW250101_011205,0.1467258781194687,2,0.14672588;0.08219025,64.17920000058075
c2psa@768,c2psa,768,GW250101_011205-v1-L1-qscan,GW250101_011205,0.6504018306732178,3,0.65040183;0.16823423;0.02514856,66.96740000006685
c2psa@768,c2psa,768,GW250101_011205-v1-V1-qscan,GW250101_011205,0.0,0,,66.45479999951931
c2psa@768,c2psa,768,GW250104_015122-v1-H1-qscan,GW250104_015122,0.0,0,,67.08299999991141
c2psa@768,c2psa,768,GW250104_015122-v1-L1-qscan,GW250104_015122,0.7925164699554443,2,0.79251647;0.11959840,64.34100000024046
c2psa@768,c2psa,768,GW250104_015122-v1-V1-qscan,GW250104_015122,0.0,0,,62.6364999998259
c2psa@768,c2psa,768,GW250105_134047-v1-H1-qscan,GW250105_134047,0.0,0,,66.77419999959966
c2psa@768,c2psa,768,GW250105_134047-v1-L1-qscan,GW250105_134047,0.38833847641944885,3,0.38833848;0.09623791;0.01645726,65.16949999968347
c2psa@768,c2psa,768,GW250105_134047-v1-V1-qscan,GW250105_134047,0.0,0,,67.39999999990687
c2psa@768,c2psa,768,GW250108_152221-v1-H1-qscan,GW250108_152221,0.7173665165901184,3,0.71736652;0.21262558;0.10158627,61.84339999981603
c2psa@768,c2psa,768,GW250108_152221-v1-L1-qscan,GW250108_152221,0.8405857682228088,4,0.84058577;0.05524148;0.01470498;0.01418410,64.84439999985625
c2psa@768,c2psa,768,GW250108_152221-v1-V1-qscan,GW250108_152221,0.08078625798225403,1,0.08078626,64.41960000029212
c2psa@768,c2psa,768,GW250109_010541-v1-H1-qscan,GW250109_010541,0.34468725323677063,2,0.34468725;0.01166674,66.32879999961006
c2psa@768,c2psa,768,GW250109_010541-v1-L1-qscan,GW250109_010541,0.2113289088010788,3,0.21132891;0.11490884;0.05506086,66.79350000013073
c2psa@768,c2psa,768,GW250109_010541-v1-V1-qscan,GW250109_010541,0.7772108912467957,1,0.77721089,62.91659999988042
c2psa@768,c2psa,768,GW250109_074552-v1-H1-qscan,GW250109_074552,0.5422824025154114,2,0.54228240;0.03762329,66.29979999979696
c2psa@768,c2psa,768,GW250109_074552-v1-V1-qscan,GW250109_074552,0.12104213237762451,1,0.12104213,66.52140000005602
c2psa@768,c2psa,768,GW250109_083206-v1-H1-qscan,GW250109_083206,0.4995999038219452,4,0.49959990;0.22276330;0.10835806;0.01492984,66.14219999937632
c2psa@768,c2psa,768,GW250109_083206-v1-V1-qscan,GW250109_083206,0.0,0,,65.45430000005581
c2psa@768,c2psa,768,GW250114_082203-v2-H1-qscan,GW250114_082203,0.0,0,,65.71230000008654
c2psa@768,c2psa,768,GW250114_082203-v2-L1-qscan,GW250114_082203,0.0,0,,65.20739999996295
c2psa@768,c2psa,768,GW250116_015318-v1-H1-qscan,GW250116_015318,0.38580572605133057,3,0.38580573;0.25816211;0.21002705,66.41180000042368
c2psa@768,c2psa,768,GW250116_015318-v1-L1-qscan,GW250116_015318,0.0,0,,61.669200000324054
c2psa@768,c2psa,768,GW250116_015318-v1-V1-qscan,GW250116_015318,0.0,0,,62.48619999951188
c2psa@768,c2psa,768,GW250116_051426-v1-H1-qscan,GW250116_051426,0.0,0,,64.95559999984835
c2psa@768,c2psa,768,GW250116_051426-v1-L1-qscan,GW250116_051426,0.0,0,,65.69569999919622
c2psa@768,c2psa,768,GW250118_023225-v1-H1-qscan,GW250118_023225,0.5695101618766785,2,0.56951016;0.04547417,65.81439999990835
c2psa@768,c2psa,768,GW250118_023225-v1-L1-qscan,GW250118_023225,0.7528230547904968,2,0.75282305;0.25584957,68.43650000064372
c2psa@768,c2psa,768,GW250118_023225-v1-V1-qscan,GW250118_023225,0.0,0,,65.23210000068502
c2psa@768,c2psa,768,GW250118_055802-v1-H1-qscan,GW250118_055802,0.0,0,,68.28700000005483
c2psa@768,c2psa,768,GW250118_055802-v1-L1-qscan,GW250118_055802,0.015721600502729416,1,0.01572160,66.38569999995525
c2psa@768,c2psa,768,GW250118_055802-v1-V1-qscan,GW250118_055802,0.040803831070661545,2,0.04080383;0.01488892,62.79569999969681
c2psa@768,c2psa,768,GW250118_170523-v1-H1-qscan,GW250118_170523,0.8474120497703552,5,0.84741205;0.07479812;0.04730015;0.03521666;0.02378658,66.35289999940142
c2psa@768,c2psa,768,GW250118_170523-v1-L1-qscan,GW250118_170523,0.7976770401000977,2,0.79767704;0.01023210,66.04479999987234
c2psa@768,c2psa,768,GW250119_025138-v1-H1-qscan,GW250119_025138,0.882344663143158,2,0.88234466;0.01802464,67.54030000047351
c2psa@768,c2psa,768,GW250119_025138-v1-L1-qscan,GW250119_025138,0.8851637244224548,4,0.88516372;0.05092072;0.03734588;0.01219263,64.91349999942031
c2psa@768,c2psa,768,GW250119_025138-v1-V1-qscan,GW250119_025138,0.0,0,,66.04169999991427
c2psa@768,c2psa,768,GW250119_190238-v1-H1-qscan,GW250119_190238,0.18030446767807007,4,0.18030447;0.03481773;0.02183590;0.01907962,67.6011000005019
c2psa@768,c2psa,768,GW250119_190238-v1-L1-qscan,GW250119_190238,0.647863507270813,4,0.64786351;0.52801257;0.01418431;0.01381459,61.63129999913508
c2psa@768,c2psa,768,GW250119_190238-v1-V1-qscan,GW250119_190238,0.0,0,,65.09920000007696
c2psa@768,c2psa,768,GW250120_042414-v1-H1-qscan,GW250120_042414,0.0,0,,67.50709999960236
c2psa@768,c2psa,768,GW250120_042414-v1-L1-qscan,GW250120_042414,0.0,0,,66.31000000015774
c2psa@768,c2psa,768,GW250120_042414-v1-V1-qscan,GW250120_042414,0.16353660821914673,2,0.16353661;0.02011570,61.86450000041077
baseline@multiscale,baseline,0,GW240406_062847-v1-H1-qscan,GW240406_062847,0.0,0,,71.14319999982399
baseline@multiscale,baseline,0,GW240406_062847-v1-L1-qscan,GW240406_062847,0.06017306074500084,1,0.06017306,72.67209999963598
baseline@multiscale,baseline,0,GW240407_040938-v1-H1-qscan,GW240407_040938,0.39212766289711,1,0.39212766,71.2495000002491
baseline@multiscale,baseline,0,GW240407_040938-v1-L1-qscan,GW240407_040938,0.03032836690545082,1,0.03032837,75.38629999953628
baseline@multiscale,baseline,0,GW240407_040938-v1-V1-qscan,GW240407_040938,0.0,0,,76.19560000011916
baseline@multiscale,baseline,0,GW240407_061416-v1-H1-qscan,GW240407_061416,0.6348610520362854,1,0.63486105,74.68700000026729
baseline@multiscale,baseline,0,GW240407_061416-v1-L1-qscan,GW240407_061416,0.017959414049983025,1,0.01795941,70.29310000007172
baseline@multiscale,baseline,0,GW240407_061416-v1-V1-qscan,GW240407_061416,0.0,0,,87.10259999998016
baseline@multiscale,baseline,0,GW240407_214946-v1-H1-qscan,GW240407_214946,0.0,0,,81.55549999946743
baseline@multiscale,baseline,0,GW240407_214946-v1-L1-qscan,GW240407_214946,0.0,0,,73.64489999918078
baseline@multiscale,baseline,0,GW240407_214946-v1-V1-qscan,GW240407_214946,0.0,0,,64.84530000034283
baseline@multiscale,baseline,0,GW240408_081753-v1-H1-qscan,GW240408_081753,0.11493123322725296,1,0.11493123,66.97249999979249
baseline@multiscale,baseline,0,GW240408_081753-v1-L1-qscan,GW240408_081753,0.0,0,,71.82490000013786
baseline@multiscale,baseline,0,GW240411_074140-v1-H1-qscan,GW240411_074140,0.0,0,,76.94949999995515
baseline@multiscale,baseline,0,GW240411_074140-v1-L1-qscan,GW240411_074140,0.0,0,,77.99350000004779
baseline@multiscale,baseline,0,GW240413_022019-v1-H1-qscan,GW240413_022019,0.0,0,,75.51250000005894
baseline@multiscale,baseline,0,GW240413_022019-v1-L1-qscan,GW240413_022019,0.863311767578125,1,0.86331177,77.70600000003469
baseline@multiscale,baseline,0,GW240413_022019-v1-V1-qscan,GW240413_022019,0.0,0,,77.54640000030122
baseline@multiscale,baseline,0,GW240414_054515-v1-H1-qscan,GW240414_054515,0.6043721437454224,1,0.60437214,73.08740000053149
baseline@multiscale,baseline,0,GW240414_054515-v1-V1-qscan,GW240414_054515,0.11446166783571243,1,0.11446167,74.98379999969984
baseline@multiscale,baseline,0,GW240419_041206-v1-H1-qscan,GW240419_041206,0.24378718435764313,1,0.24378718,77.94509999985166
baseline@multiscale,baseline,0,GW240419_041206-v1-L1-qscan,GW240419_041206,0.015889428555965424,1,0.01588943,87.0534000000589
baseline@multiscale,baseline,0,GW240419_041206-v1-V1-qscan,GW240419_041206,0.0,0,,76.94519999995464
baseline@multiscale,baseline,0,GW240420_175625-v1-H1-qscan,GW240420_175625,0.6201156973838806,1,0.62011570,78.21129999956611
baseline@multiscale,baseline,0,GW240421_052935-v1-H1-qscan,GW240421_052935,0.020361552014946938,1,0.02036155,77.70970000046873
baseline@multiscale,baseline,0,GW240421_052935-v1-L1-qscan,GW240421_052935,0.0,0,,83.82530000062616
baseline@multiscale,baseline,0,GW240421_052935-v1-V1-qscan,GW240421_052935,0.0,0,,82.19300000018848
baseline@multiscale,baseline,0,GW240426_031451-v1-H1-qscan,GW240426_031451,0.12102741748094559,1,0.12102742,77.17000000002372
baseline@multiscale,baseline,0,GW240426_031451-v1-L1-qscan,GW240426_031451,0.8424850106239319,1,0.84248501,74.86919999928432
baseline@multiscale,baseline,0,GW240426_085802-v1-H1-qscan,GW240426_085802,0.11142981797456741,1,0.11142982,74.40090000000055
baseline@multiscale,baseline,0,GW240426_085802-v1-L1-qscan,GW240426_085802,0.0,0,,68.57759999957125
baseline@multiscale,baseline,0,GW240426_085802-v1-V1-qscan,GW240426_085802,0.0155880656093359,1,0.01558807,72.1056999996108
baseline@multiscale,baseline,0,GW240428_225440-v1-H1-qscan,GW240428_225440,0.8071014285087585,1,0.80710143,68.97399999979825
baseline@multiscale,baseline,0,GW240428_225440-v1-V1-qscan,GW240428_225440,0.0,0,,70.0781000000461
baseline@multiscale,baseline,0,GW240430_093517-v1-H1-qscan,GW240430_093517,0.0,0,,75.30460000043604
baseline@multiscale,baseline,0,GW240430_093517-v1-L1-qscan,GW240430_093517,0.8671273589134216,1,0.86712736,67.33059999987745
baseline@multiscale,baseline,0,GW240501_033534-v1-H1-qscan,GW240501_033534,0.7307071685791016,1,0.73070717,74.31989999986399
baseline@multiscale,baseline,0,GW240501_033534-v1-L1-qscan,GW240501_033534,0.9405333995819092,1,0.94053340,75.47400000021298
baseline@multiscale,baseline,0,GW240501_033534-v1-V1-qscan,GW240501_033534,0.0,0,,70.2433999999812
baseline@multiscale,baseline,0,GW240505_133552-v1-H1-qscan,GW240505_133552,0.8153833746910095,1,0.81538337,82.95729999963442
baseline@multiscale,baseline,0,GW240505_133552-v1-L1-qscan,GW240505_133552,0.7945367693901062,1,0.79453677,72.19209999993836
baseline@multiscale,baseline,0,GW240505_133552-v1-V1-qscan,GW240505_133552,0.013921263627707958,1,0.01392126,72.60089999999764
baseline@multiscale,baseline,0,GW240507_041632-v1-H1-qscan,GW240507_041632,0.27431073784828186,1,0.27431074,73.5207999996419
baseline@multiscale,baseline,0,GW240507_041632-v1-L1-qscan,GW240507_041632,0.4257632791996002,1,0.42576328,79.04579999967609
baseline@multiscale,baseline,0,GW240507_041632-v1-V1-qscan,GW240507_041632,0.0,0,,78.81309999993391
baseline@multiscale,baseline,0,GW240509_102351-v1-H1-qscan,GW240509_102351,0.0,0,,77.06180000013774
baseline@multiscale,baseline,0,GW240509_102351-v1-L1-qscan,GW240509_102351,0.0,0,,77.22169999988182
baseline@multiscale,baseline,0,GW240509_102351-v1-V1-qscan,GW240509_102351,0.0,0,,72.84069999968779
baseline@multiscale,baseline,0,GW240511_031507-v1-H1-qscan,GW240511_031507,0.8492014408111572,1,0.84920144,67.99279999995633
baseline@multiscale,baseline,0,GW240511_031507-v1-L1-qscan,GW240511_031507,0.7030714750289917,1,0.70307148,68.92160000052172
baseline@multiscale,baseline,0,GW240511_031507-v1-V1-qscan,GW240511_031507,0.011861070990562439,1,0.01186107,72.72399999965273
baseline@multiscale,baseline,0,GW240512_024139-v1-H1-qscan,GW240512_024139,0.0,0,,74.77899999958026
baseline@multiscale,baseline,0,GW240512_024139-v1-L1-qscan,GW240512_024139,0.6499437689781189,1,0.64994377,81.9194000000607
baseline@multiscale,baseline,0,GW240512_024139-v1-V1-qscan,GW240512_024139,0.0,0,,77.59379999924931
baseline@multiscale,baseline,0,GW240512_051606-v1-H1-qscan,GW240512_051606,0.5652981400489807,1,0.56529814,67.59410000040589
baseline@multiscale,baseline,0,GW240512_051606-v1-L1-qscan,GW240512_051606,0.0,0,,70.32910000043557
baseline@multiscale,baseline,0,GW240512_051606-v1-V1-qscan,GW240512_051606,0.0,0,,68.74789999983477
baseline@multiscale,baseline,0,GW240513_183302-v1-H1-qscan,GW240513_183302,0.9579297304153442,1,0.95792973,67.70329999972091
baseline@multiscale,baseline,0,GW240513_183302-v1-L1-qscan,GW240513_183302,0.8948011994361877,1,0.89480120,75.4888999999821
baseline@multiscale,baseline,0,GW240513_183302-v1-V1-qscan,GW240513_183302,0.0,0,,83.79759999979797
baseline@multiscale,baseline,0,GW240514_121713-v1-H1-qscan,GW240514_121713,0.8955878615379333,1,0.89558786,74.62170000053447
baseline@multiscale,baseline,0,GW240514_121713-v1-L1-qscan,GW240514_121713,0.8852753639221191,1,0.88527536,73.70309999987512
baseline@multiscale,baseline,0,GW240514_121713-v1-V1-qscan,GW240514_121713,0.0,0,,86.3855000006879
baseline@multiscale,baseline,0,GW240515_005301-v1-H1-qscan,GW240515_005301,0.8699184656143188,1,0.86991847,70.33970000020418
baseline@multiscale,baseline,0,GW240515_005301-v1-L1-qscan,GW240515_005301,0.31614160537719727,1,0.31614161,80.33250000062253
baseline@multiscale,baseline,0,GW240515_005301-v1-V1-qscan,GW240515_005301,0.0,0,,76.36700000011842
baseline@multiscale,baseline,0,GW240516_041939-v1-H1-qscan,GW240516_041939,0.0,0,,72.03039999967586
baseline@multiscale,baseline,0,GW240516_041939-v1-L1-qscan,GW240516_041939,0.0,0,,73.54799999893658
baseline@multiscale,baseline,0,GW240516_041939-v1-V1-qscan,GW240516_041939,0.014707847498357296,1,0.01470785,76.52069999903688
baseline@multiscale,baseline,0,GW240519_012815-v1-L1-qscan,GW240519_012815,0.8901329040527344,1,0.89013290,69.70689999980095
baseline@multiscale,baseline,0,GW240519_012815-v1-V1-qscan,GW240519_012815,0.8655955195426941,1,0.86559552,74.03869999961898
baseline@multiscale,baseline,0,GW240520_213616-v1-H1-qscan,GW240520_213616,0.21610869467258453,1,0.21610869,78.66160000048694
baseline@multiscale,baseline,0,GW240520_213616-v1-L1-qscan,GW240520_213616,0.19630655646324158,1,0.19630656,77.39819999960673
baseline@multiscale,baseline,0,GW240520_213616-v1-V1-qscan,GW240520_213616,0.017608562484383583,1,0.01760856,70.59490000028745
baseline@multiscale,baseline,0,GW240525_031210-v1-H1-qscan,GW240525_031210,0.8256213068962097,1,0.82562131,66.13560000005236
baseline@multiscale,baseline,0,GW240525_031210-v1-L1-qscan,GW240525_031210,0.7944369912147522,1,0.79443699,63.5470000006535
baseline@multiscale,baseline,0,GW240525_031210-v1-V1-qscan,GW240525_031210,0.0,0,,67.55370000018956
baseline@multiscale,baseline,0,GW240525_201644-v1-H1-qscan,GW240525_201644,0.0,0,,70.27069999958258
baseline@multiscale,baseline,0,GW240525_201644-v1-L1-qscan,GW240525_201644,0.0,0,,67.93259999994916
baseline@multiscale,baseline,0,GW240525_201644-v1-V1-qscan,GW240525_201644,0.0,0,,72.39609999942331
baseline@multiscale,baseline,0,GW240526_093944-v1-H1-qscan,GW240526_093944,0.5165602564811707,1,0.51656026,77.76809999995749
baseline@multiscale,baseline,0,GW240526_093944-v1-L1-qscan,GW240526_093944,0.0,0,,73.84759999968082
baseline@multiscale,baseline,0,GW240526_093944-v1-V1-qscan,GW240526_093944,0.0,0,,73.41850000057093
baseline@multiscale,baseline,0,GW240527_150907-v1-H1-qscan,GW240527_150907,0.0,0,,69.75769999962722
baseline@multiscale,baseline,0,GW240527_150907-v1-L1-qscan,GW240527_150907,0.0,0,,73.79209999999148
baseline@multiscale,baseline,0,GW240527_150907-v1-V1-qscan,GW240527_150907,0.0,0,,80.14970000067478
baseline@multiscale,baseline,0,GW240527_183429-v1-H1-qscan,GW240527_183429,0.8461869359016418,1,0.84618694,79.36500000005253
baseline@multiscale,baseline,0,GW240527_183429-v1-L1-qscan,GW240527_183429,0.0,0,,71.19760000023234
baseline@multiscale,baseline,0,GW240527_183429-v1-V1-qscan,GW240527_183429,0.0,0,,79.57849999957034
baseline@multiscale,baseline,0,GW240527_230910-v1-H1-qscan,GW240527_230910,0.4355759918689728,1,0.43557599,74.80560000021796
baseline@multiscale,baseline,0,GW240527_230910-v1-L1-qscan,GW240527_230910,0.08034496009349823,1,0.08034496,78.34310000043843
baseline@multiscale,baseline,0,GW240527_230910-v1-V1-qscan,GW240527_230910,0.11409274488687515,1,0.11409274,65.94139999970139
baseline@multiscale,baseline,0,GW240530_012417-v1-H1-qscan,GW240530_012417,0.0,0,,69.01710000011008
baseline@multiscale,baseline,0,GW240530_012417-v1-L1-qscan,GW240530_012417,0.6742849349975586,1,0.67428493,73.3119000010447
baseline@multiscale,baseline,0,GW240530_012417-v1-V1-qscan,GW240530_012417,0.0,0,,74.54479999978503
baseline@multiscale,baseline,0,GW240531_040326-v1-H1-qscan,GW240531_040326,0.4625268578529358,1,0.46252686,71.80479999988165
baseline@multiscale,baseline,0,GW240531_040326-v1-L1-qscan,GW240531_040326,0.0,0,,67.33700000040699
baseline@multiscale,baseline,0,GW240531_040326-v1-V1-qscan,GW240531_040326,0.0,0,,68.78079999933107
baseline@multiscale,baseline,0,GW240531_075248-v1-H1-qscan,GW240531_075248,0.0,0,,70.07119999889255
baseline@multiscale,baseline,0,GW240531_075248-v1-L1-qscan,GW240531_075248,0.9372535943984985,1,0.93725359,78.46289999952205
baseline@multiscale,baseline,0,GW240531_075248-v1-V1-qscan,GW240531_075248,0.15911224484443665,1,0.15911224,79.91369999990638
baseline@multiscale,baseline,0,GW240601_061200-v1-H1-qscan,GW240601_061200,0.010101189836859703,1,0.01010119,64.81700000040291
baseline@multiscale,baseline,0,GW240601_061200-v1-L1-qscan,GW240601_061200,0.22246870398521423,1,0.22246870,69.24849999995786
baseline@multiscale,baseline,0,GW240601_061200-v1-V1-qscan,GW240601_061200,0.0,0,,71.71790000029432
baseline@multiscale,baseline,0,GW240601_231004-v1-H1-qscan,GW240601_231004,0.0,0,,73.64479999978357
baseline@multiscale,baseline,0,GW240601_231004-v1-L1-qscan,GW240601_231004,0.0,0,,74.3861999994806
baseline@multiscale,baseline,0,GW240601_231004-v1-V1-qscan,GW240601_231004,0.010891586542129517,1,0.01089159,66.29330000032496
baseline@multiscale,baseline,0,GW240611_214835-v1-L1-qscan,GW240611_214835,0.16807040572166443,1,0.16807041,62.68810000074154
baseline@multiscale,baseline,0,GW240611_214835-v1-V1-qscan,GW240611_214835,0.0,0,,70.30899999972462
baseline@multiscale,baseline,0,GW240612_081540-v1-H1-qscan,GW240612_081540,0.6718988418579102,1,0.67189884,75.60069999954067
baseline@multiscale,baseline,0,GW240612_081540-v1-L1-qscan,GW240612_081540,0.16683335602283478,1,0.16683336,72.98110000101588
baseline@multiscale,baseline,0,GW240612_081540-v1-V1-qscan,GW240612_081540,0.0,0,,67.56170000016937
baseline@multiscale,baseline,0,GW240613_011503-v1-H1-qscan,GW240613_011503,0.0,0,,66.04690000040137
baseline@multiscale,baseline,0,GW240613_011503-v1-L1-qscan,GW240613_011503,0.0,0,,68.66119999995135
baseline@multiscale,baseline,0,GW240613_011503-v1-V1-qscan,GW240613_011503,0.0,0,,72.11770000094475
baseline@multiscale,baseline,0,GW240615_113620-v1-H1-qscan,GW240615_113620,0.9214239716529846,1,0.92142397,67.10100000054808
baseline@multiscale,baseline,0,GW240615_113620-v1-L1-qscan,GW240615_113620,0.91779625415802,1,0.91779625,70.72769999967932
baseline@multiscale,baseline,0,GW240615_113620-v1-V1-qscan,GW240615_113620,0.08951256424188614,1,0.08951256,67.7600999997594
baseline@multiscale,baseline,0,GW240615_160735-v1-H1-qscan,GW240615_160735,0.8828011751174927,1,0.88280118,69.5519000000786
baseline@multiscale,baseline,0,GW240615_160735-v1-L1-qscan,GW240615_160735,0.4032754600048065,1,0.40327546,67.45849999879283
baseline@multiscale,baseline,0,GW240615_160735-v1-V1-qscan,GW240615_160735,0.0,0,,66.87720000127229
baseline@multiscale,baseline,0,GW240618_071627-v1-H1-qscan,GW240618_071627,0.6128917932510376,1,0.61289179,72.61590000007345
baseline@multiscale,baseline,0,GW240618_071627-v1-L1-qscan,GW240618_071627,0.6889268159866333,1,0.68892682,72.6226000006136
baseline@multiscale,baseline,0,GW240619_044535-v1-H1-qscan,GW240619_044535,0.07929892838001251,1,0.07929893,72.55160000022443
baseline@multiscale,baseline,0,GW240619_044535-v1-L1-qscan,GW240619_044535,0.0,0,,77.09009999962291
baseline@multiscale,baseline,0,GW240619_044535-v1-V1-qscan,GW240619_044535,0.0,0,,76.98440000012852
baseline@multiscale,baseline,0,GW240619_212357-v1-H1-qscan,GW240619_212357,0.6317761540412903,1,0.63177615,70.33430000092267
baseline@multiscale,baseline,0,GW240619_212357-v1-L1-qscan,GW240619_212357,0.0,0,,77.3908000001029
baseline@multiscale,baseline,0,GW240619_212357-v1-V1-qscan,GW240619_212357,0.04098392277956009,1,0.04098392,71.33230000044932
baseline@multiscale,baseline,0,GW240620_094631-v1-H1-qscan,GW240620_094631,0.01642303168773651,1,0.01642303,73.33319999952437
baseline@multiscale,baseline,0,GW240620_094631-v1-L1-qscan,GW240620_094631,0.0,0,,73.92749999962689
baseline@multiscale,baseline,0,GW240620_094631-v1-V1-qscan,GW240620_094631,0.0,0,,67.5148000000263
baseline@multiscale,baseline,0,GW240621_103457-v1-H1-qscan,GW240621_103457,0.21703465282917023,1,0.21703465,70.64180000134002
baseline@multiscale,baseline,0,GW240621_103457-v1-L1-qscan,GW240621_103457,0.0,0,,67.34279999955106
baseline@multiscale,baseline,0,GW240621_103457-v1-V1-qscan,GW240621_103457,0.0,0,,69.04060000078971
baseline@multiscale,baseline,0,GW240621_195059-v1-H1-qscan,GW240621_195059,0.939556896686554,1,0.93955690,82.19600000029459
baseline@multiscale,baseline,0,GW240621_195059-v1-L1-qscan,GW240621_195059,0.9236937761306763,1,0.92369378,79.9710999999661
baseline@multiscale,baseline,0,GW240621_195059-v1-V1-qscan,GW240621_195059,0.1767810732126236,1,0.17678107,68.03749999971842
baseline@multiscale,baseline,0,GW240621_200935-v1-H1-qscan,GW240621_200935,0.3246704936027527,1,0.32467049,72.84470000013243
baseline@multiscale,baseline,0,GW240621_200935-v1-L1-qscan,GW240621_200935,0.4134666323661804,1,0.41346663,75.74730000033014
baseline@multiscale,baseline,0,GW240621_200935-v1-V1-qscan,GW240621_200935,0.017253946512937546,1,0.01725395,71.74300000087896
baseline@multiscale,baseline,0,GW240621_214041-v1-H1-qscan,GW240621_214041,0.47728338837623596,1,0.47728339,81.23879999993733
baseline@multiscale,baseline,0,GW240621_214041-v1-L1-qscan,GW240621_214041,0.7896790504455566,1,0.78967905,76.56590000033248
baseline@multiscale,baseline,0,GW240621_214041-v1-V1-qscan,GW240621_214041,0.0,0,,71.61170000017592
baseline@multiscale,baseline,0,GW240622_004008-v1-H1-qscan,GW240622_004008,0.0319460928440094,1,0.03194609,75.34339999983786
baseline@multiscale,baseline,0,GW240622_004008-v1-L1-qscan,GW240622_004008,0.5736100673675537,1,0.57361007,78.00909999969008
baseline@multiscale,baseline,0,GW240622_004008-v1-V1-qscan,GW240622_004008,0.0,0,,70.43780000049082
baseline@multiscale,baseline,0,GW240625_073331-v1-H1-qscan,GW240625_073331,0.04470892250537872,1,0.04470892,68.0912000002536
baseline@multiscale,baseline,0,GW240625_073331-v1-L1-qscan,GW240625_073331,0.0,0,,73.22830000020986
baseline@multiscale,baseline,0,GW240627_131622-v1-H1-qscan,GW240627_131622,0.038452185690402985,1,0.03845219,73.36119999945367
baseline@multiscale,baseline,0,GW240627_131622-v1-L1-qscan,GW240627_131622,0.106443390250206,1,0.10644339,74.30989999966187
baseline@multiscale,baseline,0,GW240627_131622-v1-V1-qscan,GW240627_131622,0.010563558898866177,1,0.01056356,73.4107999992375
baseline@multiscale,baseline,0,GW240629_145256-v1-H1-qscan,GW240629_145256,0.2822771370410919,1,0.28227714,81.09400000012101
baseline@multiscale,baseline,0,GW240629_145256-v1-L1-qscan,GW240629_145256,0.6174792051315308,1,0.61747921,70.4052999999476
baseline@multiscale,baseline,0,GW240629_145256-v1-V1-qscan,GW240629_145256,0.0,0,,71.61290000021836
baseline@multiscale,baseline,0,GW240630_101703-v1-H1-qscan,GW240630_101703,0.5303301215171814,1,0.53033012,76.65019999922151
baseline@multiscale,baseline,0,GW240630_101703-v1-V1-qscan,GW240630_101703,0.0,0,,71.59240000009959
baseline@multiscale,baseline,0,GW240630_115348-v1-H1-qscan,GW240630_115348,0.823343813419342,1,0.82334381,64.64749999940977
baseline@multiscale,baseline,0,GW240630_115348-v1-L1-qscan,GW240630_115348,0.8013582229614258,1,0.80135822,70.7788999998229
baseline@multiscale,baseline,0,GW240630_115348-v1-V1-qscan,GW240630_115348,0.0,0,,65.82989999969868
baseline@multiscale,baseline,0,GW240630_212937-v1-H1-qscan,GW240630_212937,0.0,0,,72.94820000061009
baseline@multiscale,baseline,0,GW240630_212937-v1-L1-qscan,GW240630_212937,0.0,0,,73.16810000020268
baseline@multiscale,baseline,0,GW240630_212937-v1-V1-qscan,GW240630_212937,0.0,0,,78.54010000028211
baseline@multiscale,baseline,0,GW240701_011640-v1-H1-qscan,GW240701_011640,0.0,0,,71.248100000048
baseline@multiscale,baseline,0,GW240701_011640-v1-L1-qscan,GW240701_011640,0.0,0,,66.64430000046195
baseline@multiscale,baseline,0,GW240701_011640-v1-V1-qscan,GW240701_011640,0.0,0,,69.25029999956678
baseline@multiscale,baseline,0,GW240701_013826-v1-H1-qscan,GW240701_013826,0.0,0,,79.34179999983826
baseline@multiscale,baseline,0,GW240701_013826-v1-L1-qscan,GW240701_013826,0.0,0,,70.68139999955747
baseline@multiscale,baseline,0,GW240701_013826-v1-V1-qscan,GW240701_013826,0.5994093418121338,1,0.59940934,68.75360000049113
baseline@multiscale,baseline,0,GW240701_203807-v1-H1-qscan,GW240701_203807,0.0,0,,76.36749999983294
baseline@multiscale,baseline,0,GW240701_203807-v1-L1-qscan,GW240701_203807,0.0,0,,76.45110000021305
baseline@multiscale,baseline,0,GW240701_203807-v1-V1-qscan,GW240701_203807,0.022655876353383064,1,0.02265588,83.42959999981758
baseline@multiscale,baseline,0,GW240703_191355-v1-L1-qscan,GW240703_191355,0.5286153554916382,1,0.52861536,72.36290000037116
baseline@multiscale,baseline,0,GW240703_191355-v1-V1-qscan,GW240703_191355,0.02526705525815487,1,0.02526706,68.88660000004165
baseline@multiscale,baseline,0,GW240705_053215-v1-H1-qscan,GW240705_053215,0.9592562913894653,1,0.95925629,72.64390000091225
baseline@multiscale,baseline,0,GW240705_053215-v1-L1-qscan,GW240705_053215,0.7821742296218872,1,0.78217423,70.1757999995607
baseline@multiscale,baseline,0,GW240705_053215-v1-V1-qscan,GW240705_053215,0.0,0,,72.46839999970689
baseline@multiscale,baseline,0,GW240716_034900-v1-L1-qscan,GW240716_034900,0.9025737643241882,1,0.90257376,74.72770000003948
baseline@multiscale,baseline,0,GW240716_034900-v1-V1-qscan,GW240716_034900,0.0,0,,69.00940000059563
baseline@multiscale,baseline,0,GW240806_043539-v1-L1-qscan,GW240806_043539,0.0,0,,74.92259999980888
baseline@multiscale,baseline,0,GW240806_043539-v1-V1-qscan,GW240806_043539,0.0,0,,69.8034999995798
baseline@multiscale,baseline,0,GW240807_214559-v1-L1-qscan,GW240807_214559,0.0,0,,69.00570000061634
baseline@multiscale,baseline,0,GW240807_214559-v1-V1-qscan,GW240807_214559,0.0,0,,82.72180000085427
baseline@multiscale,baseline,0,GW240813_034548-v1-L1-qscan,GW240813_034548,0.0,0,,68.53470000032758
baseline@multiscale,baseline,0,GW240813_034548-v1-V1-qscan,GW240813_034548,0.019519733265042305,1,0.01951973,66.90489999982674
baseline@multiscale,baseline,0,GW240814_145043-v1-L1-qscan,GW240814_145043,0.05454404652118683,1,0.05454405,69.35329999942041
baseline@multiscale,baseline,0,GW240814_145043-v1-V1-qscan,GW240814_145043,0.0,0,,70.35809999979392
baseline@multiscale,baseline,0,GW240824_205609-v1-H1-qscan,GW240824_205609,0.7472952008247375,1,0.74729520,73.42090000020107
baseline@multiscale,baseline,0,GW240824_205609-v1-L1-qscan,GW240824_205609,0.0,0,,74.30489999978818
baseline@multiscale,baseline,0,GW240824_205609-v1-V1-qscan,GW240824_205609,0.6927439570426941,1,0.69274396,76.3465000004544
baseline@multiscale,baseline,0,GW240825_055146-v1-H1-qscan,GW240825_055146,0.03735100105404854,1,0.03735100,72.73589999977048
baseline@multiscale,baseline,0,GW240825_055146-v1-L1-qscan,GW240825_055146,0.3274361789226532,1,0.32743618,75.82869999987452
baseline@multiscale,baseline,0,GW240825_055146-v1-V1-qscan,GW240825_055146,0.0,0,,78.39639999974679
baseline@multiscale,baseline,0,GW240828_102340-v1-H1-qscan,GW240828_102340,0.11321284621953964,1,0.11321285,71.44280000056824
baseline@multiscale,baseline,0,GW240828_102340-v1-L1-qscan,GW240828_102340,0.07823850214481354,1,0.07823850,68.56950000019424
baseline@multiscale,baseline,0,GW240828_102340-v1-V1-qscan,GW240828_102340,0.0,0,,70.54120000020703
baseline@multiscale,baseline,0,GW240830_211120-v1-H1-qscan,GW240830_211120,0.012841683812439442,1,0.01284168,69.50770000048578
baseline@multiscale,baseline,0,GW240830_211120-v1-L1-qscan,GW240830_211120,0.06668531149625778,1,0.06668531,75.17830000097092
baseline@multiscale,baseline,0,GW240830_211120-v1-V1-qscan,GW240830_211120,0.0,0,,74.4568000000072
baseline@multiscale,baseline,0,GW240901_195332-v1-H1-qscan,GW240901_195332,0.0,0,,73.37499999994179
baseline@multiscale,baseline,0,GW240901_195332-v1-L1-qscan,GW240901_195332,0.0,0,,70.23620000018127
baseline@multiscale,baseline,0,GW240901_195332-v1-V1-qscan,GW240901_195332,0.0,0,,72.15910000013537
baseline@multiscale,baseline,0,GW240902_143306-v1-H1-qscan,GW240902_143306,0.8101869225502014,1,0.81018692,71.88279999945735
baseline@multiscale,baseline,0,GW240902_143306-v1-L1-qscan,GW240902_143306,0.07670162618160248,1,0.07670163,73.74360000039815
baseline@multiscale,baseline,0,GW240902_143306-v1-V1-qscan,GW240902_143306,0.3639509081840515,1,0.36395091,79.10210000045481
baseline@multiscale,baseline,0,GW240907_092521-v1-H1-qscan,GW240907_092521,0.4416584372520447,1,0.44165844,74.71880000002784
baseline@multiscale,baseline,0,GW240907_092521-v1-L1-qscan,GW240907_092521,0.0,0,,78.7876999997934
baseline@multiscale,baseline,0,GW240907_092521-v1-V1-qscan,GW240907_092521,0.0,0,,71.41230000024734
baseline@multiscale,baseline,0,GW240907_121650-v1-H1-qscan,GW240907_121650,0.10797692090272903,1,0.10797692,70.97090000024764
baseline@multiscale,baseline,0,GW240907_121650-v1-L1-qscan,GW240907_121650,0.0,0,,89.08860000065033
baseline@multiscale,baseline,0,GW240907_121650-v1-V1-qscan,GW240907_121650,0.40192079544067383,1,0.40192080,67.50420000071244
baseline@multiscale,baseline,0,GW240907_153833-v1-H1-qscan,GW240907_153833,0.7710365653038025,1,0.77103657,71.29280000071958
baseline@multiscale,baseline,0,GW240907_153833-v1-L1-qscan,GW240907_153833,0.8717325329780579,1,0.87173253,76.20829999996204
baseline@multiscale,baseline,0,GW240907_153833-v1-V1-qscan,GW240907_153833,0.38717302680015564,1,0.38717303,75.95460000038656
baseline@multiscale,baseline,0,GW240908_082628-v1-H1-qscan,GW240908_082628,0.4038415551185608,1,0.40384156,74.27659999984826
baseline@multiscale,baseline,0,GW240908_082628-v1-L1-qscan,GW240908_082628,0.857452929019928,1,0.85745293,72.53739999987374
baseline@multiscale,baseline,0,GW240908_082628-v1-V1-qscan,GW240908_082628,0.07350613176822662,1,0.07350613,69.19359999983499
baseline@multiscale,baseline,0,GW240908_125134-v1-H1-qscan,GW240908_125134,0.6584665179252625,1,0.65846652,74.43739999962418
baseline@multiscale,baseline,0,GW240908_125134-v1-L1-qscan,GW240908_125134,0.09964817017316818,1,0.09964817,70.944700000382
baseline@multiscale,baseline,0,GW240908_125134-v1-V1-qscan,GW240908_125134,0.0,0,,74.28340000069511
baseline@multiscale,baseline,0,GW240908_174149-v1-H1-qscan,GW240908_174149,0.20548446476459503,1,0.20548446,72.15909999968062
baseline@multiscale,baseline,0,GW240908_174149-v1-L1-qscan,GW240908_174149,0.0,0,,71.67400000025737
baseline@multiscale,baseline,0,GW240908_174149-v1-V1-qscan,GW240908_174149,0.0,0,,65.53830000029848
baseline@multiscale,baseline,0,GW240910_103535-v1-H1-qscan,GW240910_103535,0.8693892359733582,1,0.86938924,65.93449999991208
baseline@multiscale,baseline,0,GW240910_103535-v1-L1-qscan,GW240910_103535,0.20432500541210175,1,0.20432501,70.58839999990596
baseline@multiscale,baseline,0,GW240913_111216-v1-H1-qscan,GW240913_111216,0.0,0,,69.83319999972082
baseline@multiscale,baseline,0,GW240913_111216-v1-L1-qscan,GW240913_111216,0.0,0,,70.79399999975067
baseline@multiscale,baseline,0,GW240913_111216-v1-V1-qscan,GW240913_111216,0.0,0,,75.29589999967357
baseline@multiscale,baseline,0,GW240915_001357-v1-H1-qscan,GW240915_001357,0.4768105447292328,1,0.47681054,74.62600000008024
baseline@multiscale,baseline,0,GW240915_001357-v1-L1-qscan,GW240915_001357,0.8347992300987244,1,0.83479923,75.7381999997051
baseline@multiscale,baseline,0,GW240915_001357-v1-V1-qscan,GW240915_001357,0.0,0,,70.72419999985868
baseline@multiscale,baseline,0,GW240915_045510-v1-H1-qscan,GW240915_045510,0.8380860090255737,1,0.83808601,73.71389999980238
baseline@multiscale,baseline,0,GW240915_045510-v1-L1-qscan,GW240915_045510,0.0,0,,69.41089999963879
baseline@multiscale,baseline,0,GW240915_045510-v1-V1-qscan,GW240915_045510,0.9139295816421509,1,0.91392958,70.05330000083632
baseline@multiscale,baseline,0,GW240915_105151-v1-H1-qscan,GW240915_105151,0.6996650695800781,1,0.69966507,72.52040000003035
baseline@multiscale,baseline,0,GW240915_105151-v1-V1-qscan,GW240915_105151,0.0,0,,75.57000000042535
baseline@multiscale,baseline,0,GW240916_184352-v1-H1-qscan,GW240916_184352,0.0,0,,70.2433999990717
baseline@multiscale,baseline,0,GW240916_184352-v1-L1-qscan,GW240916_184352,0.0,0,,68.06730000016614
baseline@multiscale,baseline,0,GW240916_184352-v1-V1-qscan,GW240916_184352,0.1491067111492157,1,0.14910671,67.4350999993294
baseline@multiscale,baseline,0,GW240917_130237-v1-H1-qscan,GW240917_130237,0.0,0,,72.12890000027983
baseline@multiscale,baseline,0,GW240917_130237-v1-L1-qscan,GW240917_130237,0.0,0,,77.15399999960937
baseline@multiscale,baseline,0,GW240919_061559-v1-H1-qscan,GW240919_061559,0.9341406226158142,1,0.93414062,71.20179999992615
baseline@multiscale,baseline,0,GW240919_061559-v1-L1-qscan,GW240919_061559,0.9291929602622986,1,0.92919296,73.6946000001808
baseline@multiscale,baseline,0,GW240919_061559-v1-V1-qscan,GW240919_061559,0.8347898721694946,1,0.83478987,73.38280000021769
baseline@multiscale,baseline,0,GW240919_215453-v1-H1-qscan,GW240919_215453,0.0,0,,67.3860999995668
baseline@multiscale,baseline,0,GW240919_215453-v1-L1-qscan,GW240919_215453,0.9053340554237366,1,0.90533406,75.5592999998953
baseline@multiscale,baseline,0,GW240919_215453-v1-V1-qscan,GW240919_215453,0.0,0,,81.05880000084653
baseline@multiscale,baseline,0,GW240920_073424-v1-H1-qscan,GW240920_073424,0.8329683542251587,1,0.83296835,72.82209999948464
baseline@multiscale,baseline,0,GW240920_073424-v1-L1-qscan,GW240920_073424,0.6409692168235779,1,0.64096922,70.76730000062526
baseline@multiscale,baseline,0,GW240920_073424-v1-V1-qscan,GW240920_073424,0.7287811040878296,1,0.72878110,68.21900000068126
baseline@multiscale,baseline,0,GW240920_124024-v1-H1-qscan,GW240920_124024,0.931868314743042,1,0.93186831,70.3827000002093
baseline@multiscale,baseline,0,GW240920_124024-v1-L1-qscan,GW240920_124024,0.9357802271842957,1,0.93578023,73.49090000025171
baseline@multiscale,baseline,0,GW240921_201835-v1-L1-qscan,GW240921_201835,0.7875798940658569,1,0.78757989,77.7035999999498
baseline@multiscale,baseline,0,GW240921_201835-v1-V1-qscan,GW240921_201835,0.0,0,,72.38589999951728
baseline@multiscale,baseline,0,GW240923_000715-v1-H1-qscan,GW240923_000715,0.0,0,,68.32350000013321
baseline@multiscale,baseline,0,GW240923_000715-v1-L1-qscan,GW240923_000715,0.0,0,,69.68750000032742
baseline@multiscale,baseline,0,GW240923_000715-v1-V1-qscan,GW240923_000715,0.05444534122943878,1,0.05444534,78.00370000040857
baseline@multiscale,baseline,0,GW240923_110846-v1-H1-qscan,GW240923_110846,0.8737348914146423,1,0.87373489,74.33389999960127
baseline@multiscale,baseline,0,GW240923_204006-v1-H1-qscan,GW240923_204006,0.2505358159542084,1,0.25053582,76.75079999989975
baseline@multiscale,baseline,0,GW240923_204006-v1-L1-qscan,GW240923_204006,0.901149332523346,1,0.90114933,70.34579999981361
baseline@multiscale,baseline,0,GW240924_000316-v1-H1-qscan,GW240924_000316,0.4911021888256073,1,0.49110219,66.65860000066459
baseline@multiscale,baseline,0,GW240924_000316-v1-L1-qscan,GW240924_000316,0.0,0,,70.3321999999389
baseline@multiscale,baseline,0,GW240924_000316-v1-V1-qscan,GW240924_000316,0.0,0,,71.71099999959551
baseline@multiscale,baseline,0,GW240925_000956-v1-H1-qscan,GW240925_000956,0.0,0,,78.25739999998405
baseline@multiscale,baseline,0,GW240925_000956-v1-L1-qscan,GW240925_000956,0.0,0,,72.00029999967228
baseline@multiscale,baseline,0,GW240925_000956-v1-V1-qscan,GW240925_000956,0.0,0,,72.35259999970367
baseline@multiscale,baseline,0,GW240925_005809-v2-H1-qscan,GW240925_005809,0.8586735129356384,1,0.85867351,69.26759999987553
baseline@multiscale,baseline,0,GW240925_005809-v2-L1-qscan,GW240925_005809,0.9412193298339844,1,0.94121933,67.12349999997969
baseline@multiscale,baseline,0,GW240925_005809-v2-V1-qscan,GW240925_005809,0.0,0,,76.64859999977125
baseline@multiscale,baseline,0,GW240930_035959-v1-H1-qscan,GW240930_035959,0.6770316958427429,1,0.67703170,74.70090000060736
baseline@multiscale,baseline,0,GW240930_035959-v1-L1-qscan,GW240930_035959,0.5359697937965393,1,0.53596979,71.43800000039846
baseline@multiscale,baseline,0,GW240930_035959-v1-V1-qscan,GW240930_035959,0.14379113912582397,1,0.14379114,73.35889999922074
baseline@multiscale,baseline,0,GW240930_123408-v1-H1-qscan,GW240930_123408,0.2628648281097412,1,0.26286483,76.20310000038444
baseline@multiscale,baseline,0,GW240930_123408-v1-L1-qscan,GW240930_123408,0.0,0,,77.71980000052281
baseline@multiscale,baseline,0,GW240930_123408-v1-V1-qscan,GW240930_123408,0.0,0,,77.43350000009741
baseline@multiscale,baseline,0,GW240930_234614-v1-H1-qscan,GW240930_234614,0.0,0,,73.2162999997854
baseline@multiscale,baseline,0,GW240930_234614-v1-L1-qscan,GW240930_234614,0.7218288779258728,1,0.72182888,72.51600000063263
baseline@multiscale,baseline,0,GW240930_234614-v1-V1-qscan,GW240930_234614,0.0,0,,67.3490999997739
baseline@multiscale,baseline,0,GW241002_030559-v1-L1-qscan,GW241002_030559,0.7725249528884888,1,0.77252495,75.67330000074435
baseline@multiscale,baseline,0,GW241002_030559-v1-V1-qscan,GW241002_030559,0.03440740332007408,1,0.03440740,74.14310000012847
baseline@multiscale,baseline,0,GW241006_015333-v1-H1-qscan,GW241006_015333,0.6934150457382202,1,0.69341505,76.18699999966339
baseline@multiscale,baseline,0,GW241006_015333-v1-L1-qscan,GW241006_015333,0.8761329054832458,1,0.87613291,73.52520000040386
baseline@multiscale,baseline,0,GW241006_015333-v1-V1-qscan,GW241006_015333,0.11070068180561066,1,0.11070068,70.57829999985188
baseline@multiscale,baseline,0,GW241007_082943-v1-H1-qscan,GW241007_082943,0.815995454788208,1,0.81599545,73.74800000025061
baseline@multiscale,baseline,0,GW241007_082943-v1-L1-qscan,GW241007_082943,0.21202459931373596,1,0.21202460,73.67130000011457
baseline@multiscale,baseline,0,GW241007_082943-v1-V1-qscan,GW241007_082943,0.0,0,,70.80839999980526
baseline@multiscale,baseline,0,GW241009_022835-v1-H1-qscan,GW241009_022835,0.0,0,,79.90779999954611
baseline@multiscale,baseline,0,GW241009_022835-v1-L1-qscan,GW241009_022835,0.7682127952575684,1,0.76821280,72.00129999955607
baseline@multiscale,baseline,0,GW241009_022835-v1-V1-qscan,GW241009_022835,0.0,0,,70.93840000015916
baseline@multiscale,baseline,0,GW241009_084816-v1-H1-qscan,GW241009_084816,0.18078073859214783,1,0.18078074,72.5707000001421
baseline@multiscale,baseline,0,GW241009_084816-v1-L1-qscan,GW241009_084816,0.3171275556087494,1,0.31712756,70.58200000028592
baseline@multiscale,baseline,0,GW241009_084816-v1-V1-qscan,GW241009_084816,0.0,0,,73.9450999994915
baseline@multiscale,baseline,0,GW241009_220455-v1-H1-qscan,GW241009_220455,0.8058573007583618,1,0.80585730,70.57639999993626
baseline@multiscale,baseline,0,GW241009_220455-v1-L1-qscan,GW241009_220455,0.0514984093606472,1,0.05149841,72.13940000019647
baseline@multiscale,baseline,0,GW241009_220455-v1-V1-qscan,GW241009_220455,0.9041160345077515,1,0.90411603,71.08330000028218
baseline@multiscale,baseline,0,GW241011_233834-v2-H1-qscan,GW241011_233834,0.9514802098274231,1,0.95148021,72.55720000011934
baseline@multiscale,baseline,0,GW241011_233834-v2-V1-qscan,GW241011_233834,0.3397289216518402,1,0.33972892,77.58259999991424
baseline@multiscale,baseline,0,GW241018_235402-v1-H1-qscan,GW241018_235402,0.5427844524383545,1,0.54278445,77.65070000004926
baseline@multiscale,baseline,0,GW241018_235402-v1-V1-qscan,GW241018_235402,0.0,0,,73.49419999991369
baseline@multiscale,baseline,0,GW241101_034726-v1-H1-qscan,GW241101_034726,0.0,0,,69.88010000077338
baseline@multiscale,baseline,0,GW241101_034726-v1-L1-qscan,GW241101_034726,0.0,0,,72.94130000127552
baseline@multiscale,baseline,0,GW241101_034726-v1-V1-qscan,GW241101_034726,0.0,0,,74.9377000001914
baseline@multiscale,baseline,0,GW241101_220523-v1-L1-qscan,GW241101_220523,0.6779695153236389,1,0.67796952,72.9617000001781
baseline@multiscale,baseline,0,GW241101_220523-v1-V1-qscan,GW241101_220523,0.0,0,,71.18410000020958
baseline@multiscale,baseline,0,GW241102_124058-v1-H1-qscan,GW241102_124058,0.8720417022705078,1,0.87204170,68.88819999994666
baseline@multiscale,baseline,0,GW241102_124058-v1-L1-qscan,GW241102_124058,0.7767866253852844,1,0.77678663,74.15899999932662
baseline@multiscale,baseline,0,GW241102_124058-v1-V1-qscan,GW241102_124058,0.0,0,,75.24490000014339
baseline@multiscale,baseline,0,GW241102_144729-v1-H1-qscan,GW241102_144729,0.8041210174560547,1,0.80412102,77.99279999971986
baseline@multiscale,baseline,0,GW241102_144729-v1-L1-qscan,GW241102_144729,0.9327471256256104,1,0.93274713,73.91529999995328
baseline@multiscale,baseline,0,GW241102_144729-v1-V1-qscan,GW241102_144729,0.0,0,,70.52530000009938
baseline@multiscale,baseline,0,GW241106_110932-v1-H1-qscan,GW241106_110932,0.43924906849861145,1,0.43924907,69.09319999977015
baseline@multiscale,baseline,0,GW241106_110932-v1-L1-qscan,GW241106_110932,0.01732751727104187,1,0.01732752,70.73009999930946
baseline@multiscale,baseline,0,GW241106_110932-v1-V1-qscan,GW241106_110932,0.0,0,,81.39919999939593
baseline@multiscale,baseline,0,GW241109_005349-v1-H1-qscan,GW241109_005349,0.0,0,,74.86460000018269
baseline@multiscale,baseline,0,GW241109_005349-v1-L1-qscan,GW241109_005349,0.0,0,,72.41400000020803
baseline@multiscale,baseline,0,GW241109_033317-v1-L1-qscan,GW241109_033317,0.7756523489952087,1,0.77565235,75.64779999984239
baseline@multiscale,baseline,0,GW241109_033317-v1-V1-qscan,GW241109_033317,0.12785209715366364,1,0.12785210,75.39960000030987
baseline@multiscale,baseline,0,GW241109_115924-v1-H1-qscan,GW241109_115924,0.7720065712928772,1,0.77200657,76.62869999921895
baseline@multiscale,baseline,0,GW241109_115924-v1-V1-qscan,GW241109_115924,0.0,0,,71.52179999957298
baseline@multiscale,baseline,0,GW241110_124123-v2-H1-qscan,GW241110_124123,0.10747595876455307,1,0.10747596,68.09600000042337
baseline@multiscale,baseline,0,GW241110_124123-v2-L1-qscan,GW241110_124123,0.7499576807022095,1,0.74995768,71.29970000050889
baseline@multiscale,baseline,0,GW241110_124123-v2-V1-qscan,GW241110_124123,0.0,0,,84.37380000032135
baseline@multiscale,baseline,0,GW241111_111552-v1-H1-qscan,GW241111_111552,0.7264149188995361,1,0.72641492,76.60399999986112
baseline@multiscale,baseline,0,GW241111_111552-v1-L1-qscan,GW241111_111552,0.18409259617328644,1,0.18409260,74.9300000011317
baseline@multiscale,baseline,0,GW241113_163507-v1-L1-qscan,GW241113_163507,0.6734919548034668,1,0.67349195,73.56149999986883
baseline@multiscale,baseline,0,GW241113_163507-v1-V1-qscan,GW241113_163507,0.0,0,,77.93619999984003
baseline@multiscale,baseline,0,GW241114_024711-v1-H1-qscan,GW241114_024711,0.781943142414093,1,0.78194314,78.4202999993795
baseline@multiscale,baseline,0,GW241114_024711-v1-L1-qscan,GW241114_024711,0.011844059452414513,1,0.01184406,75.28130000082456
baseline@multiscale,baseline,0,GW241114_024711-v1-V1-qscan,GW241114_024711,0.0,0,,69.56009999976231
baseline@multiscale,baseline,0,GW241114_235258-v1-L1-qscan,GW241114_235258,0.01399561669677496,1,0.01399562,82.43330000095739
baseline@multiscale,baseline,0,GW241114_235258-v1-V1-qscan,GW241114_235258,0.0,0,,73.7129999993158
baseline@multiscale,baseline,0,GW241116_151753-v1-H1-qscan,GW241116_151753,0.021916300058364868,1,0.02191630,76.25340000004144
baseline@multiscale,baseline,0,GW241116_151753-v1-L1-qscan,GW241116_151753,0.7225453853607178,1,0.72254539,83.57100000011997
baseline@multiscale,baseline,0,GW241116_151753-v1-V1-qscan,GW241116_151753,0.0,0,,81.76339999999982
baseline@multiscale,baseline,0,GW241124_024914-v1-H1-qscan,GW241124_024914,0.9196996688842773,1,0.91969967,74.47409999986121
baseline@multiscale,baseline,0,GW241124_024914-v1-L1-qscan,GW241124_024914,0.14659026265144348,1,0.14659026,78.3420999991904
baseline@multiscale,baseline,0,GW241124_024914-v1-V1-qscan,GW241124_024914,0.033099208027124405,1,0.03309921,71.5847000001304
baseline@multiscale,baseline,0,GW241125_010116-v1-H1-qscan,GW241125_010116,0.07477221637964249,1,0.07477222,73.2308000001467
baseline@multiscale,baseline,0,GW241125_010116-v1-L1-qscan,GW241125_010116,0.4056190848350525,1,0.40561908,73.94450000037978
baseline@multiscale,baseline,0,GW241125_010116-v1-V1-qscan,GW241125_010116,0.0,0,,72.76730000012321
baseline@multiscale,baseline,0,GW241127_061008-v1-H1-qscan,GW241127_061008,0.9437118172645569,1,0.94371182,83.27339999959804
baseline@multiscale,baseline,0,GW241127_061008-v1-L1-qscan,GW241127_061008,0.9193629622459412,1,0.91936296,72.71639999908075
baseline@multiscale,baseline,0,GW241127_061008-v1-V1-qscan,GW241127_061008,0.0,0,,69.32979999965028
baseline@multiscale,baseline,0,GW241129_021832-v1-H1-qscan,GW241129_021832,0.44648477435112,1,0.44648477,71.31369999979142
baseline@multiscale,baseline,0,GW241129_021832-v1-L1-qscan,GW241129_021832,0.8535921573638916,1,0.85359216,73.43149999996967
baseline@multiscale,baseline,0,GW241129_021832-v1-V1-qscan,GW241129_021832,0.015156963840126991,1,0.01515696,73.5250999996424
baseline@multiscale,baseline,0,GW241129_140416-v1-H1-qscan,GW241129_140416,0.0,0,,78.6588999999367
baseline@multiscale,baseline,0,GW241129_140416-v1-L1-qscan,GW241129_140416,0.0,0,,70.56879999936427
baseline@multiscale,baseline,0,GW241130_034908-v1-H1-qscan,GW241130_034908,0.8598742485046387,1,0.85987425,71.673699999792
baseline@multiscale,baseline,0,GW241130_034908-v1-L1-qscan,GW241130_034908,0.7514519095420837,1,0.75145191,88.77000000029511
baseline@multiscale,baseline,0,GW241130_034908-v1-V1-qscan,GW241130_034908,0.19256433844566345,1,0.19256434,69.05580000011469
baseline@multiscale,baseline,0,GW241130_110422-v1-H1-qscan,GW241130_110422,0.157182514667511,1,0.15718251,76.62769999978991
baseline@multiscale,baseline,0,GW241130_110422-v1-L1-qscan,GW241130_110422,0.44468429684638977,1,0.44468430,78.01110000036715
baseline@multiscale,baseline,0,GW241130_110422-v1-V1-qscan,GW241130_110422,0.0,0,,75.74629999953686
baseline@multiscale,baseline,0,GW241201_055758-v1-H1-qscan,GW241201_055758,0.8362247943878174,1,0.83622479,72.47969999980342
baseline@multiscale,baseline,0,GW241201_055758-v1-L1-qscan,GW241201_055758,0.0,0,,90.34939999992275
baseline@multiscale,baseline,0,GW241201_055758-v1-V1-qscan,GW241201_055758,0.027712199836969376,1,0.02771220,72.82199999917793
baseline@multiscale,baseline,0,GW241201_142737-v1-H1-qscan,GW241201_142737,0.10584738105535507,1,0.10584738,74.73280000021987
baseline@multiscale,baseline,0,GW241201_142737-v1-L1-qscan,GW241201_142737,0.0,0,,76.400900000408
baseline@multiscale,baseline,0,GW241201_142737-v1-V1-qscan,GW241201_142737,0.304303377866745,1,0.30430338,76.93129999961457
baseline@multiscale,baseline,0,GW241210_023335-v1-H1-qscan,GW241210_023335,0.010636793449521065,1,0.01063679,76.85659999970085
baseline@multiscale,baseline,0,GW241210_023335-v1-L1-qscan,GW241210_023335,0.0,0,,73.92669999990176
baseline@multiscale,baseline,0,GW241210_060606-v1-H1-qscan,GW241210_060606,0.3381354808807373,1,0.33813548,74.72410000082164
baseline@multiscale,baseline,0,GW241210_060606-v1-L1-qscan,GW241210_060606,0.606831431388855,1,0.60683143,87.92429999994056
baseline@multiscale,baseline,0,GW241210_060606-v1-V1-qscan,GW241210_060606,0.08848593384027481,1,0.08848593,89.46320000040942
baseline@multiscale,baseline,0,GW241210_120900-v1-H1-qscan,GW241210_120900,0.0,0,,78.42099999925267
baseline@multiscale,baseline,0,GW241210_120900-v1-L1-qscan,GW241210_120900,0.8425838351249695,1,0.84258384,73.114400000577
baseline@multiscale,baseline,0,GW241219_222607-v1-H1-qscan,GW241219_222607,0.20530803501605988,1,0.20530804,98.55569999990621
baseline@multiscale,baseline,0,GW241219_222607-v1-L1-qscan,GW241219_222607,0.0,0,,79.28520000041317
baseline@multiscale,baseline,0,GW241220_062146-v1-H1-qscan,GW241220_062146,0.0,0,,77.74430000017674
baseline@multiscale,baseline,0,GW241220_062146-v1-L1-qscan,GW241220_062146,0.0,0,,76.30019999942306
baseline@multiscale,baseline,0,GW241225_042553-v1-L1-qscan,GW241225_042553,0.894566535949707,1,0.89456654,73.97850000006656
baseline@multiscale,baseline,0,GW241225_042553-v1-V1-qscan,GW241225_042553,0.032159071415662766,1,0.03215907,69.75749999946856
baseline@multiscale,baseline,0,GW241225_082815-v1-H1-qscan,GW241225_082815,0.9298471808433533,1,0.92984718,68.6452999998437
baseline@multiscale,baseline,0,GW241225_082815-v1-L1-qscan,GW241225_082815,0.9214161038398743,1,0.92141610,71.76149999941117
baseline@multiscale,baseline,0,GW241229_155844-v1-H1-qscan,GW241229_155844,0.916167140007019,1,0.91616714,79.46499999980006
baseline@multiscale,baseline,0,GW241229_155844-v1-L1-qscan,GW241229_155844,0.014159660786390305,1,0.01415966,78.501399999368
baseline@multiscale,baseline,0,GW241229_155844-v1-V1-qscan,GW241229_155844,0.0,0,,78.4203999996862
baseline@multiscale,baseline,0,GW241230_084504-v1-L1-qscan,GW241230_084504,0.9312013387680054,1,0.93120134,75.46490000004269
baseline@multiscale,baseline,0,GW241230_084504-v1-V1-qscan,GW241230_084504,0.3035256266593933,1,0.30352563,78.9849999996477
baseline@multiscale,baseline,0,GW241230_233618-v1-H1-qscan,GW241230_233618,0.0,0,,74.83560000082434
baseline@multiscale,baseline,0,GW241230_233618-v1-L1-qscan,GW241230_233618,0.885387122631073,1,0.88538712,78.61830000047121
baseline@multiscale,baseline,0,GW241230_233618-v1-V1-qscan,GW241230_233618,0.0,0,,72.95640000074854
baseline@multiscale,baseline,0,GW241231_054133-v1-H1-qscan,GW241231_054133,0.8102356791496277,1,0.81023568,79.44510000015725
baseline@multiscale,baseline,0,GW241231_054133-v1-L1-qscan,GW241231_054133,0.06558649986982346,1,0.06558650,77.53710000042702
baseline@multiscale,baseline,0,GW241231_054133-v1-V1-qscan,GW241231_054133,0.0,0,,86.24120000013136
baseline@multiscale,baseline,0,GW250101_011205-v1-H1-qscan,GW250101_011205,0.8123997449874878,1,0.81239974,75.65189999968425
baseline@multiscale,baseline,0,GW250101_011205-v1-L1-qscan,GW250101_011205,0.62245112657547,1,0.62245113,69.41009999991365
baseline@multiscale,baseline,0,GW250101_011205-v1-V1-qscan,GW250101_011205,0.0,0,,75.66370000040479
baseline@multiscale,baseline,0,GW250104_015122-v1-H1-qscan,GW250104_015122,0.8864479064941406,1,0.88644791,73.17060000013953
baseline@multiscale,baseline,0,GW250104_015122-v1-L1-qscan,GW250104_015122,0.8049066066741943,1,0.80490661,69.87119999985225
baseline@multiscale,baseline,0,GW250104_015122-v1-V1-qscan,GW250104_015122,0.020791418850421906,1,0.02079142,70.37629999967976
baseline@multiscale,baseline,0,GW250105_134047-v1-H1-qscan,GW250105_134047,0.0,0,,73.02809999964666
baseline@multiscale,baseline,0,GW250105_134047-v1-L1-qscan,GW250105_134047,0.0,0,,83.58530000077735
baseline@multiscale,baseline,0,GW250105_134047-v1-V1-qscan,GW250105_134047,0.0,0,,76.52910000069824
baseline@multiscale,baseline,0,GW250108_152221-v1-H1-qscan,GW250108_152221,0.9133453965187073,1,0.91334540,76.55379999960132
baseline@multiscale,baseline,0,GW250108_152221-v1-L1-qscan,GW250108_152221,0.95787113904953,1,0.95787114,79.60600000069462
baseline@multiscale,baseline,0,GW250108_152221-v1-V1-qscan,GW250108_152221,0.019008692353963852,1,0.01900869,74.76690000021335
baseline@multiscale,baseline,0,GW250109_010541-v1-H1-qscan,GW250109_010541,0.5703837871551514,1,0.57038379,75.21020000012868
baseline@multiscale,baseline,0,GW250109_010541-v1-L1-qscan,GW250109_010541,0.9520388841629028,1,0.95203888,77.17839999986609
baseline@multiscale,baseline,0,GW250109_010541-v1-V1-qscan,GW250109_010541,0.5660642981529236,1,0.56606430,75.13100000005579
baseline@multiscale,baseline,0,GW250109_074552-v1-H1-qscan,GW250109_074552,0.6643458604812622,1,0.66434586,77.00260000001435
baseline@multiscale,baseline,0,GW250109_074552-v1-V1-qscan,GW250109_074552,0.0,0,,83.28090000077282
baseline@multiscale,baseline,0,GW250109_083206-v1-H1-qscan,GW250109_083206,0.8999500274658203,1,0.89995003,82.59689999977127
baseline@multiscale,baseline,0,GW250109_083206-v1-V1-qscan,GW250109_083206,0.0,0,,75.43039999973189
baseline@multiscale,baseline,0,GW250114_082203-v2-H1-qscan,GW250114_082203,0.7544291615486145,1,0.75442916,72.42940000060116
baseline@multiscale,baseline,0,GW250114_082203-v2-L1-qscan,GW250114_082203,0.9198078513145447,1,0.91980785,73.85049999993498
baseline@multiscale,baseline,0,GW250116_015318-v1-H1-qscan,GW250116_015318,0.8396737575531006,1,0.83967376,81.55149999993228
baseline@multiscale,baseline,0,GW250116_015318-v1-L1-qscan,GW250116_015318,0.0,0,,75.13769999968645
baseline@multiscale,baseline,0,GW250116_015318-v1-V1-qscan,GW250116_015318,0.0,0,,78.97960000036619
baseline@multiscale,baseline,0,GW250116_051426-v1-H1-qscan,GW250116_051426,0.012652636505663395,1,0.01265264,77.41160000023228
baseline@multiscale,baseline,0,GW250116_051426-v1-L1-qscan,GW250116_051426,0.0,0,,73.67360000080225
baseline@multiscale,baseline,0,GW250118_023225-v1-H1-qscan,GW250118_023225,0.41467219591140747,1,0.41467220,71.72579999996742
baseline@multiscale,baseline,0,GW250118_023225-v1-L1-qscan,GW250118_023225,0.7777383327484131,1,0.77773833,73.73559999950885
baseline@multiscale,baseline,0,GW250118_023225-v1-V1-qscan,GW250118_023225,0.0,0,,74.09330000018599
baseline@multiscale,baseline,0,GW250118_055802-v1-H1-qscan,GW250118_055802,0.5206036567687988,1,0.52060366,83.62799999986237
baseline@multiscale,baseline,0,GW250118_055802-v1-L1-qscan,GW250118_055802,0.018247071653604507,1,0.01824707,79.63980000113224
baseline@multiscale,baseline,0,GW250118_055802-v1-V1-qscan,GW250118_055802,0.0,0,,77.57880000099249
baseline@multiscale,baseline,0,GW250118_170523-v1-H1-qscan,GW250118_170523,0.8621302843093872,1,0.86213028,74.06689999970695
baseline@multiscale,baseline,0,GW250118_170523-v1-L1-qscan,GW250118_170523,0.9641051888465881,1,0.96410519,73.00720000012006
baseline@multiscale,baseline,0,GW250119_025138-v1-H1-qscan,GW250119_025138,0.9256193041801453,1,0.92561930,74.45760000018709
baseline@multiscale,baseline,0,GW250119_025138-v1-L1-qscan,GW250119_025138,0.5408761501312256,1,0.54087615,77.24339999913354
baseline@multiscale,baseline,0,GW250119_025138-v1-V1-qscan,GW250119_025138,0.27231529355049133,1,0.27231529,67.58749999926295
baseline@multiscale,baseline,0,GW250119_190238-v1-H1-qscan,GW250119_190238,0.7364003658294678,1,0.73640037,67.64310000062324
baseline@multiscale,baseline,0,GW250119_190238-v1-L1-qscan,GW250119_190238,0.41195085644721985,1,0.41195086,70.75059999942823
baseline@multiscale,baseline,0,GW250119_190238-v1-V1-qscan,GW250119_190238,0.0,0,,74.4872000000214
baseline@multiscale,baseline,0,GW250120_042414-v1-H1-qscan,GW250120_042414,0.0,0,,78.76160000023447
baseline@multiscale,baseline,0,GW250120_042414-v1-L1-qscan,GW250120_042414,0.0,0,,75.93390000101863
baseline@multiscale,baseline,0,GW250120_042414-v1-V1-qscan,GW250120_042414,0.0,0,,76.06989999931102
c2psa@multiscale,c2psa,0,GW240406_062847-v1-H1-qscan,GW240406_062847,0.0,0,,129.439999999704
c2psa@multiscale,c2psa,0,GW240406_062847-v1-L1-qscan,GW240406_062847,0.0,0,,128.3862999998746
c2psa@multiscale,c2psa,0,GW240407_040938-v1-H1-qscan,GW240407_040938,0.16688869893550873,1,0.16688870,130.63099999908445
c2psa@multiscale,c2psa,0,GW240407_040938-v1-L1-qscan,GW240407_040938,0.011233481578528881,1,0.01123348,126.76900000042224
c2psa@multiscale,c2psa,0,GW240407_040938-v1-V1-qscan,GW240407_040938,0.05626882612705231,1,0.05626883,122.75490000047284
c2psa@multiscale,c2psa,0,GW240407_061416-v1-H1-qscan,GW240407_061416,0.8127669095993042,1,0.81276691,128.44899999981862
c2psa@multiscale,c2psa,0,GW240407_061416-v1-L1-qscan,GW240407_061416,0.03754987567663193,1,0.03754988,124.38250000013795
c2psa@multiscale,c2psa,0,GW240407_061416-v1-V1-qscan,GW240407_061416,0.0,0,,143.99910000065574
c2psa@multiscale,c2psa,0,GW240407_214946-v1-H1-qscan,GW240407_214946,0.0,0,,139.37499999974534
c2psa@multiscale,c2psa,0,GW240407_214946-v1-L1-qscan,GW240407_214946,0.0,0,,140.4474000000846
c2psa@multiscale,c2psa,0,GW240407_214946-v1-V1-qscan,GW240407_214946,0.0,0,,138.37059999968915
c2psa@multiscale,c2psa,0,GW240408_081753-v1-H1-qscan,GW240408_081753,0.015337865799665451,1,0.01533787,139.400600000954
c2psa@multiscale,c2psa,0,GW240408_081753-v1-L1-qscan,GW240408_081753,0.0,0,,134.99460000184627
c2psa@multiscale,c2psa,0,GW240411_074140-v1-H1-qscan,GW240411_074140,0.022995971143245697,1,0.02299597,138.25160000124015
c2psa@multiscale,c2psa,0,GW240411_074140-v1-L1-qscan,GW240411_074140,0.1585542857646942,1,0.15855429,137.12329999998474
c2psa@multiscale,c2psa,0,GW240413_022019-v1-H1-qscan,GW240413_022019,0.0,0,,144.08150000053865
c2psa@multiscale,c2psa,0,GW240413_022019-v1-L1-qscan,GW240413_022019,0.8708916902542114,1,0.87089169,142.88549999946554
c2psa@multiscale,c2psa,0,GW240413_022019-v1-V1-qscan,GW240413_022019,0.0,0,,132.2397000003548
c2psa@multiscale,c2psa,0,GW240414_054515-v1-H1-qscan,GW240414_054515,0.835238516330719,1,0.83523852,139.5804000003409
c2psa@multiscale,c2psa,0,GW240414_054515-v1-V1-qscan,GW240414_054515,0.1582081913948059,1,0.15820819,132.52689999990253
c2psa@multiscale,c2psa,0,GW240419_041206-v1-H1-qscan,GW240419_041206,0.1128067672252655,1,0.11280677,134.31640000180778
c2psa@multiscale,c2psa,0,GW240419_041206-v1-L1-qscan,GW240419_041206,0.02641213685274124,1,0.02641214,127.46259999948961
c2psa@multiscale,c2psa,0,GW240419_041206-v1-V1-qscan,GW240419_041206,0.16442421078681946,1,0.16442421,135.18760000079055
c2psa@multiscale,c2psa,0,GW240420_175625-v1-H1-qscan,GW240420_175625,0.72515869140625,1,0.72515869,130.48240000080114
c2psa@multiscale,c2psa,0,GW240421_052935-v1-H1-qscan,GW240421_052935,0.4288574457168579,1,0.42885745,133.02529999964463
c2psa@multiscale,c2psa,0,GW240421_052935-v1-L1-qscan,GW240421_052935,0.057436227798461914,1,0.05743623,138.46319999993284
c2psa@multiscale,c2psa,0,GW240421_052935-v1-V1-qscan,GW240421_052935,0.0,0,,132.60110000010172
c2psa@multiscale,c2psa,0,GW240426_031451-v1-H1-qscan,GW240426_031451,0.0,0,,132.04690000020491
c2psa@multiscale,c2psa,0,GW240426_031451-v1-L1-qscan,GW240426_031451,0.40682122111320496,1,0.40682122,136.38489999902959
c2psa@multiscale,c2psa,0,GW240426_085802-v1-H1-qscan,GW240426_085802,0.3740732967853546,1,0.37407330,136.42470000104368
c2psa@multiscale,c2psa,0,GW240426_085802-v1-L1-qscan,GW240426_085802,0.0,0,,138.16120000046794
c2psa@multiscale,c2psa,0,GW240426_085802-v1-V1-qscan,GW240426_085802,0.0,0,,133.2321999980195
c2psa@multiscale,c2psa,0,GW240428_225440-v1-H1-qscan,GW240428_225440,0.8856828808784485,1,0.88568288,132.6550000003408
c2psa@multiscale,c2psa,0,GW240428_225440-v1-V1-qscan,GW240428_225440,0.05777985602617264,1,0.05777986,133.1129999998666
c2psa@multiscale,c2psa,0,GW240430_093517-v1-H1-qscan,GW240430_093517,0.0,0,,135.0069000000076
c2psa@multiscale,c2psa,0,GW240430_093517-v1-L1-qscan,GW240430_093517,0.35972583293914795,1,0.35972583,133.5837000005995
c2psa@multiscale,c2psa,0,GW240501_033534-v1-H1-qscan,GW240501_033534,0.9150614142417908,1,0.91506141,132.94730000143318
c2psa@multiscale,c2psa,0,GW240501_033534-v1-L1-qscan,GW240501_033534,0.9002068638801575,1,0.90020686,133.47729999986768
c2psa@multiscale,c2psa,0,GW240501_033534-v1-V1-qscan,GW240501_033534,0.0,0,,132.08730000042124
c2psa@multiscale,c2psa,0,GW240505_133552-v1-H1-qscan,GW240505_133552,0.21725399792194366,1,0.21725400,136.84550000016316
c2psa@multiscale,c2psa,0,GW240505_133552-v1-L1-qscan,GW240505_133552,0.5827630758285522,1,0.58276308,131.50320000022475
c2psa@multiscale,c2psa,0,GW240505_133552-v1-V1-qscan,GW240505_133552,0.0,0,,134.76540000101522
c2psa@multiscale,c2psa,0,GW240507_041632-v1-H1-qscan,GW240507_041632,0.3416460156440735,1,0.34164602,134.241299999303
c2psa@multiscale,c2psa,0,GW240507_041632-v1-L1-qscan,GW240507_041632,0.5888102054595947,1,0.58881021,137.50490000074933
c2psa@multiscale,c2psa,0,GW240507_041632-v1-V1-qscan,GW240507_041632,0.0,0,,136.27790000009554
c2psa@multiscale,c2psa,0,GW240509_102351-v1-H1-qscan,GW240509_102351,0.0,0,,136.59559999996418
c2psa@multiscale,c2psa,0,GW240509_102351-v1-L1-qscan,GW240509_102351,0.020137229934334755,1,0.02013723,129.75949999963632
c2psa@multiscale,c2psa,0,GW240509_102351-v1-V1-qscan,GW240509_102351,0.0,0,,134.20959999984916
c2psa@multiscale,c2psa,0,GW240511_031507-v1-H1-qscan,GW240511_031507,0.8854359984397888,1,0.88543600,128.20430000010674
c2psa@multiscale,c2psa,0,GW240511_031507-v1-L1-qscan,GW240511_031507,0.9351291656494141,1,0.93512917,132.79479999982868
c2psa@multiscale,c2psa,0,GW240511_031507-v1-V1-qscan,GW240511_031507,0.06330283731222153,1,0.06330284,129.26359999983106
c2psa@multiscale,c2psa,0,GW240512_024139-v1-H1-qscan,GW240512_024139,0.03164727985858917,1,0.03164728,137.2350000010556
c2psa@multiscale,c2psa,0,GW240512_024139-v1-L1-qscan,GW240512_024139,0.24638259410858154,1,0.24638259,130.89260000015202
c2psa@multiscale,c2psa,0,GW240512_024139-v1-V1-qscan,GW240512_024139,0.0,0,,135.81819999944855
c2psa@multiscale,c2psa,0,GW240512_051606-v1-H1-qscan,GW240512_051606,0.11458314210176468,1,0.11458314,132.2193000014522
c2psa@multiscale,c2psa,0,GW240512_051606-v1-L1-qscan,GW240512_051606,0.03549027815461159,1,0.03549028,137.12979999854724
c2psa@multiscale,c2psa,0,GW240512_051606-v1-V1-qscan,GW240512_051606,0.0,0,,126.43299999945157
c2psa@multiscale,c2psa,0,GW240513_183302-v1-H1-qscan,GW240513_183302,0.9339838027954102,1,0.93398380,128.87080000018614
c2psa@multiscale,c2psa,0,GW240513_183302-v1-L1-qscan,GW240513_183302,0.6296015977859497,1,0.62960160,129.9395000005461
c2psa@multiscale,c2psa,0,GW240513_183302-v1-V1-qscan,GW240513_183302,0.0,0,,132.6206000003367
c2psa@multiscale,c2psa,0,GW240514_121713-v1-H1-qscan,GW240514_121713,0.5467773675918579,1,0.54677737,131.10890000007203
c2psa@multiscale,c2psa,0,GW240514_121713-v1-L1-qscan,GW240514_121713,0.7310908436775208,1,0.73109084,136.3998000006177
c2psa@multiscale,c2psa,0,GW240514_121713-v1-V1-qscan,GW240514_121713,0.0,0,,137.02599999942322
c2psa@multiscale,c2psa,0,GW240515_005301-v1-H1-qscan,GW240515_005301,0.9043284058570862,1,0.90432841,131.8122000011499
c2psa@multiscale,c2psa,0,GW240515_005301-v1-L1-qscan,GW240515_005301,0.7493606209754944,1,0.74936062,138.35690000087197
c2psa@multiscale,c2psa,0,GW240515_005301-v1-V1-qscan,GW240515_005301,0.0,0,,132.12940000084927
c2psa@multiscale,c2psa,0,GW240516_041939-v1-H1-qscan,GW240516_041939,0.0,0,,131.20429999889893
c2psa@multiscale,c2psa,0,GW240516_041939-v1-L1-qscan,GW240516_041939,0.0,0,,130.53579999996145
c2psa@multiscale,c2psa,0,GW240516_041939-v1-V1-qscan,GW240516_041939,0.01837386004626751,1,0.01837386,132.45050000023184
c2psa@multiscale,c2psa,0,GW240519_012815-v1-L1-qscan,GW240519_012815,0.8686980605125427,1,0.86869806,124.65549999888026
c2psa@multiscale,c2psa,0,GW240519_012815-v1-V1-qscan,GW240519_012815,0.7890950441360474,1,0.78909504,129.9442999998064
c2psa@multiscale,c2psa,0,GW240520_213616-v1-H1-qscan,GW240520_213616,0.31952765583992004,1,0.31952766,131.97219999983645
c2psa@multiscale,c2psa,0,GW240520_213616-v1-L1-qscan,GW240520_213616,0.21539005637168884,1,0.21539006,132.77860000016517
c2psa@multiscale,c2psa,0,GW240520_213616-v1-V1-qscan,GW240520_213616,0.0,0,,131.65900000149122
c2psa@multiscale,c2psa,0,GW240525_031210-v1-H1-qscan,GW240525_031210,0.8212857246398926,1,0.82128572,129.43560000076104
c2psa@multiscale,c2psa,0,GW240525_031210-v1-L1-qscan,GW240525_031210,0.8487526774406433,1,0.84875268,130.19069999973
c2psa@multiscale,c2psa,0,GW240525_031210-v1-V1-qscan,GW240525_031210,0.0,0,,131.80059999922378
c2psa@multiscale,c2psa,0,GW240525_201644-v1-H1-qscan,GW240525_201644,0.0,0,,148.0466000002707
c2psa@multiscale,c2psa,0,GW240525_201644-v1-L1-qscan,GW240525_201644,0.0,0,,136.66770000054385
c2psa@multiscale,c2psa,0,GW240525_201644-v1-V1-qscan,GW240525_201644,0.0,0,,121.95519999932003
c2psa@multiscale,c2psa,0,GW240526_093944-v1-H1-qscan,GW240526_093944,0.6449777483940125,1,0.64497775,129.93449999976292
c2psa@multiscale,c2psa,0,GW240526_093944-v1-L1-qscan,GW240526_093944,0.0,0,,134.67359999958717
c2psa@multiscale,c2psa,0,GW240526_093944-v1-V1-qscan,GW240526_093944,0.0,0,,129.9631000001682
c2psa@multiscale,c2psa,0,GW240527_150907-v1-H1-qscan,GW240527_150907,0.0,0,,127.68839999898773
c2psa@multiscale,c2psa,0,GW240527_150907-v1-L1-qscan,GW240527_150907,0.0,0,,137.30910000049334
c2psa@multiscale,c2psa,0,GW240527_150907-v1-V1-qscan,GW240527_150907,0.0259010661393404,1,0.02590107,130.53149999996094
c2psa@multiscale,c2psa,0,GW240527_183429-v1-H1-qscan,GW240527_183429,0.8292379975318909,1,0.82923800,129.62330000027578
c2psa@multiscale,c2psa,0,GW240527_183429-v1-L1-qscan,GW240527_183429,0.16946512460708618,1,0.16946512,131.56189999972412
c2psa@multiscale,c2psa,0,GW240527_183429-v1-V1-qscan,GW240527_183429,0.0,0,,131.5690999990693
c2psa@multiscale,c2psa,0,GW240527_230910-v1-H1-qscan,GW240527_230910,0.6347565054893494,1,0.63475651,129.46019999981218
c2psa@multiscale,c2psa,0,GW240527_230910-v1-L1-qscan,GW240527_230910,0.01556507870554924,1,0.01556508,130.30129999970086
c2psa@multiscale,c2psa,0,GW240527_230910-v1-V1-qscan,GW240527_230910,0.09525811672210693,1,0.09525812,130.72569999985717
c2psa@multiscale,c2psa,0,GW240530_012417-v1-H1-qscan,GW240530_012417,0.10241858661174774,1,0.10241859,125.17699999989418
c2psa@multiscale,c2psa,0,GW240530_012417-v1-L1-qscan,GW240530_012417,0.8629174828529358,1,0.86291748,130.48130000061064
c2psa@multiscale,c2psa,0,GW240530_012417-v1-V1-qscan,GW240530_012417,0.0,0,,129.74120000035327
c2psa@multiscale,c2psa,0,GW240531_040326-v1-H1-qscan,GW240531_040326,0.6792890429496765,1,0.67928904,136.44459999977698
c2psa@multiscale,c2psa,0,GW240531_040326-v1-L1-qscan,GW240531_040326,0.0,0,,127.40209999992658
c2psa@multiscale,c2psa,0,GW240531_040326-v1-V1-qscan,GW240531_040326,0.0,0,,133.56720000047062
c2psa@multiscale,c2psa,0,GW240531_075248-v1-H1-qscan,GW240531_075248,0.0,0,,129.91320000037376
c2psa@multiscale,c2psa,0,GW240531_075248-v1-L1-qscan,GW240531_075248,0.9356613159179688,1,0.93566132,130.59380000049714
c2psa@multiscale,c2psa,0,GW240531_075248-v1-V1-qscan,GW240531_075248,0.02024652808904648,1,0.02024653,124.48719999974855
c2psa@multiscale,c2psa,0,GW240601_061200-v1-H1-qscan,GW240601_061200,0.2484777271747589,1,0.24847773,132.92430000001332
c2psa@multiscale,c2psa,0,GW240601_061200-v1-L1-qscan,GW240601_061200,0.5568332076072693,1,0.55683321,129.79879999875266
c2psa@multiscale,c2psa,0,GW240601_061200-v1-V1-qscan,GW240601_061200,0.0,0,,136.87230000050477
c2psa@multiscale,c2psa,0,GW240601_231004-v1-H1-qscan,GW240601_231004,0.0,0,,127.70350000027975
c2psa@multiscale,c2psa,0,GW240601_231004-v1-L1-qscan,GW240601_231004,0.0,0,,132.52050000119198
c2psa@multiscale,c2psa,0,GW240601_231004-v1-V1-qscan,GW240601_231004,0.09439586848020554,1,0.09439587,128.45389999984036
c2psa@multiscale,c2psa,0,GW240611_214835-v1-L1-qscan,GW240611_214835,0.2880634367465973,1,0.28806344,131.165200000396
c2psa@multiscale,c2psa,0,GW240611_214835-v1-V1-qscan,GW240611_214835,0.0,0,,122.5466999994751
c2psa@multiscale,c2psa,0,GW240612_081540-v1-H1-qscan,GW240612_081540,0.35975998640060425,1,0.35975999,122.73449999975128
c2psa@multiscale,c2psa,0,GW240612_081540-v1-L1-qscan,GW240612_081540,0.0,0,,128.14580000031128
c2psa@multiscale,c2psa,0,GW240612_081540-v1-V1-qscan,GW240612_081540,0.0,0,,131.39010000031703
c2psa@multiscale,c2psa,0,GW240613_011503-v1-H1-qscan,GW240613_011503,0.0,0,,133.2471000005171
c2psa@multiscale,c2psa,0,GW240613_011503-v1-L1-qscan,GW240613_011503,0.08370324224233627,1,0.08370324,125.69129999883444
c2psa@multiscale,c2psa,0,GW240613_011503-v1-V1-qscan,GW240613_011503,0.0,0,,129.76359999993292
c2psa@multiscale,c2psa,0,GW240615_113620-v1-H1-qscan,GW240615_113620,0.927310049533844,1,0.92731005,125.73590000010881
c2psa@multiscale,c2psa,0,GW240615_113620-v1-L1-qscan,GW240615_113620,0.9290520548820496,1,0.92905205,135.39180000043416
c2psa@multiscale,c2psa,0,GW240615_113620-v1-V1-qscan,GW240615_113620,0.0,0,,130.7384000001548
c2psa@multiscale,c2psa,0,GW240615_160735-v1-H1-qscan,GW240615_160735,0.6896555423736572,1,0.68965554,133.22839999909775
c2psa@multiscale,c2psa,0,GW240615_160735-v1-L1-qscan,GW240615_160735,0.7712205052375793,1,0.77122051,128.14299999990908
c2psa@multiscale,c2psa,0,GW240615_160735-v1-V1-qscan,GW240615_160735,0.0,0,,133.45029999982216
c2psa@multiscale,c2psa,0,GW240618_071627-v1-H1-qscan,GW240618_071627,0.5099977254867554,1,0.50999773,130.36729999930685
c2psa@multiscale,c2psa,0,GW240618_071627-v1-L1-qscan,GW240618_071627,0.16986657679080963,1,0.16986658,128.78550000095856
c2psa@multiscale,c2psa,0,GW240619_044535-v1-H1-qscan,GW240619_044535,0.045324817299842834,1,0.04532482,128.86660000094707
c2psa@multiscale,c2psa,0,GW240619_044535-v1-L1-qscan,GW240619_044535,0.0,0,,127.91829999969195
c2psa@multiscale,c2psa,0,GW240619_044535-v1-V1-qscan,GW240619_044535,0.0,0,,128.46600000011676
c2psa@multiscale,c2psa,0,GW240619_212357-v1-H1-qscan,GW240619_212357,0.9163699150085449,1,0.91636992,129.67930000104388
c2psa@multiscale,c2psa,0,GW240619_212357-v1-L1-qscan,GW240619_212357,0.0,0,,133.98529999994935
c2psa@multiscale,c2psa,0,GW240619_212357-v1-V1-qscan,GW240619_212357,0.03973061591386795,1,0.03973062,130.4175999985091
c2psa@multiscale,c2psa,0,GW240620_094631-v1-H1-qscan,GW240620_094631,0.0,0,,132.42360000003828
c2psa@multiscale,c2psa,0,GW240620_094631-v1-L1-qscan,GW240620_094631,0.0,0,,124.45060000118247
c2psa@multiscale,c2psa,0,GW240620_094631-v1-V1-qscan,GW240620_094631,0.0,0,,130.60519999999087
c2psa@multiscale,c2psa,0,GW240621_103457-v1-H1-qscan,GW240621_103457,0.1470293551683426,1,0.14702936,130.47000000005937
c2psa@multiscale,c2psa,0,GW240621_103457-v1-L1-qscan,GW240621_103457,0.03714611381292343,1,0.03714611,133.0270999997083
c2psa@multiscale,c2psa,0,GW240621_103457-v1-V1-qscan,GW240621_103457,0.0556802935898304,1,0.05568029,130.7208999996874
c2psa@multiscale,c2psa,0,GW240621_195059-v1-H1-qscan,GW240621_195059,0.9625710248947144,1,0.96257102,126.71700000009878
c2psa@multiscale,c2psa,0,GW240621_195059-v1-L1-qscan,GW240621_195059,0.9437075853347778,1,0.94370759,128.56850000116538
c2psa@multiscale,c2psa,0,GW240621_195059-v1-V1-qscan,GW240621_195059,0.16544513404369354,1,0.16544513,127.00439999935043
c2psa@multiscale,c2psa,0,GW240621_200935-v1-H1-qscan,GW240621_200935,0.368856281042099,1,0.36885628,126.20169999991049
c2psa@multiscale,c2psa,0,GW240621_200935-v1-L1-qscan,GW240621_200935,0.6268115043640137,1,0.62681150,130.39149999985966
c2psa@multiscale,c2psa,0,GW240621_200935-v1-V1-qscan,GW240621_200935,0.0,0,,132.4149000001853
c2psa@multiscale,c2psa,0,GW240621_214041-v1-H1-qscan,GW240621_214041,0.016202643513679504,1,0.01620264,130.76879999880475
c2psa@multiscale,c2psa,0,GW240621_214041-v1-L1-qscan,GW240621_214041,0.842311441898346,1,0.84231144,133.5311000002548
c2psa@multiscale,c2psa,0,GW240621_214041-v1-V1-qscan,GW240621_214041,0.0,0,,128.67300000016257
c2psa@multiscale,c2psa,0,GW240622_004008-v1-H1-qscan,GW240622_004008,0.5842347741127014,1,0.58423477,130.96299999961047
c2psa@multiscale,c2psa,0,GW240622_004008-v1-L1-qscan,GW240622_004008,0.9398146271705627,1,0.93981463,127.41810000079568
c2psa@multiscale,c2psa,0,GW240622_004008-v1-V1-qscan,GW240622_004008,0.020127950236201286,1,0.02012795,131.86750000022585
c2psa@multiscale,c2psa,0,GW240625_073331-v1-H1-qscan,GW240625_073331,0.0961630791425705,1,0.09616308,131.43189999937022
c2psa@multiscale,c2psa,0,GW240625_073331-v1-L1-qscan,GW240625_073331,0.0,0,,134.3022999999448
c2psa@multiscale,c2psa,0,GW240627_131622-v1-H1-qscan,GW240627_131622,0.758578896522522,1,0.75857890,124.61230000008072
c2psa@multiscale,c2psa,0,GW240627_131622-v1-L1-qscan,GW240627_131622,0.017008086666464806,1,0.01700809,128.177799999321
c2psa@multiscale,c2psa,0,GW240627_131622-v1-V1-qscan,GW240627_131622,0.04239095374941826,1,0.04239095,127.44469999961439
c2psa@multiscale,c2psa,0,GW240629_145256-v1-H1-qscan,GW240629_145256,0.16486871242523193,1,0.16486871,127.09040000027017
c2psa@multiscale,c2psa,0,GW240629_145256-v1-L1-qscan,GW240629_145256,0.6841906905174255,1,0.68419069,128.26870000026247
c2psa@multiscale,c2psa,0,GW240629_145256-v1-V1-qscan,GW240629_145256,0.020760297775268555,1,0.02076030,129.62700000025507
c2psa@multiscale,c2psa,0,GW240630_101703-v1-H1-qscan,GW240630_101703,0.8417850136756897,1,0.84178501,126.79810000008729
c2psa@multiscale,c2psa,0,GW240630_101703-v1-V1-qscan,GW240630_101703,0.0,0,,133.0842000006669
c2psa@multiscale,c2psa,0,GW240630_115348-v1-H1-qscan,GW240630_115348,0.3368915617465973,1,0.33689156,134.4059000002744
c2psa@multiscale,c2psa,0,GW240630_115348-v1-L1-qscan,GW240630_115348,0.44452640414237976,1,0.44452640,135.77520000035292
c2psa@multiscale,c2psa,0,GW240630_115348-v1-V1-qscan,GW240630_115348,0.10125690698623657,1,0.10125691,133.27409999965312
c2psa@multiscale,c2psa,0,GW240630_212937-v1-H1-qscan,GW240630_212937,0.16748172044754028,1,0.16748172,130.4080999998405
c2psa@multiscale,c2psa,0,GW240630_212937-v1-L1-qscan,GW240630_212937,0.012116420082747936,1,0.01211642,134.91760000033537
c2psa@multiscale,c2psa,0,GW240630_212937-v1-V1-qscan,GW240630_212937,0.0,0,,130.2388999993127
c2psa@multiscale,c2psa,0,GW240701_011640-v1-H1-qscan,GW240701_011640,0.7040413022041321,1,0.70404130,127.00910000057775
c2psa@multiscale,c2psa,0,GW240701_011640-v1-L1-qscan,GW240701_011640,0.012401584535837173,1,0.01240158,125.46389999988605
c2psa@multiscale,c2psa,0,GW240701_011640-v1-V1-qscan,GW240701_011640,0.0,0,,131.3125000006039
c2psa@multiscale,c2psa,0,GW240701_013826-v1-H1-qscan,GW240701_013826,0.0,0,,130.16660000084812
c2psa@multiscale,c2psa,0,GW240701_013826-v1-L1-qscan,GW240701_013826,0.0,0,,125.2957000006063
c2psa@multiscale,c2psa,0,GW240701_013826-v1-V1-qscan,GW240701_013826,0.23936150968074799,1,0.23936151,127.84929999907035
c2psa@multiscale,c2psa,0,GW240701_203807-v1-H1-qscan,GW240701_203807,0.0,0,,125.63030000001163
c2psa@multiscale,c2psa,0,GW240701_203807-v1-L1-qscan,GW240701_203807,0.0,0,,130.58770000043296
c2psa@multiscale,c2psa,0,GW240701_203807-v1-V1-qscan,GW240701_203807,0.06492452323436737,1,0.06492452,131.47009999920556
c2psa@multiscale,c2psa,0,GW240703_191355-v1-L1-qscan,GW240703_191355,0.6395164132118225,1,0.63951641,133.35000000006403
c2psa@multiscale,c2psa,0,GW240703_191355-v1-V1-qscan,GW240703_191355,0.010951604694128036,1,0.01095160,130.78089999999065
c2psa@multiscale,c2psa,0,GW240705_053215-v1-H1-qscan,GW240705_053215,0.9569945931434631,1,0.95699459,135.65199999993638
c2psa@multiscale,c2psa,0,GW240705_053215-v1-L1-qscan,GW240705_053215,0.9032937288284302,1,0.90329373,130.5354999994961
c2psa@multiscale,c2psa,0,GW240705_053215-v1-V1-qscan,GW240705_053215,0.0,0,,128.69140000020707
c2psa@multiscale,c2psa,0,GW240716_034900-v1-L1-qscan,GW240716_034900,0.9398602247238159,1,0.93986022,122.69339999966178
c2psa@multiscale,c2psa,0,GW240716_034900-v1-V1-qscan,GW240716_034900,0.0,0,,128.74720000036177
c2psa@multiscale,c2psa,0,GW240806_043539-v1-L1-qscan,GW240806_043539,0.02961297519505024,1,0.02961298,130.69849999919825
c2psa@multiscale,c2psa,0,GW240806_043539-v1-V1-qscan,GW240806_043539,0.0,0,,134.82269999985874
c2psa@multiscale,c2psa,0,GW240807_214559-v1-L1-qscan,GW240807_214559,0.023376381024718285,1,0.02337638,130.1588999995147
c2psa@multiscale,c2psa,0,GW240807_214559-v1-V1-qscan,GW240807_214559,0.0,0,,128.7224999996397
c2psa@multiscale,c2psa,0,GW240813_034548-v1-L1-qscan,GW240813_034548,0.0,0,,128.82919999992737
c2psa@multiscale,c2psa,0,GW240813_034548-v1-V1-qscan,GW240813_034548,0.0,0,,128.05000000025757
c2psa@multiscale,c2psa,0,GW240814_145043-v1-L1-qscan,GW240814_145043,0.20315751433372498,1,0.20315751,125.06109999958426
c2psa@multiscale,c2psa,0,GW240814_145043-v1-V1-qscan,GW240814_145043,0.0,0,,131.9548000001305
c2psa@multiscale,c2psa,0,GW240824_205609-v1-H1-qscan,GW240824_205609,0.24163545668125153,1,0.24163546,139.1660999997839
c2psa@multiscale,c2psa,0,GW240824_205609-v1-L1-qscan,GW240824_205609,0.04250771179795265,1,0.04250771,130.58260000070732
c2psa@multiscale,c2psa,0,GW240824_205609-v1-V1-qscan,GW240824_205609,0.6618989706039429,1,0.66189897,135.29990000006364
c2psa@multiscale,c2psa,0,GW240825_055146-v1-H1-qscan,GW240825_055146,0.28058645129203796,1,0.28058645,133.23060000038822
c2psa@multiscale,c2psa,0,GW240825_055146-v1-L1-qscan,GW240825_055146,0.6087216138839722,1,0.60872161,133.9917000004789
c2psa@multiscale,c2psa,0,GW240825_055146-v1-V1-qscan,GW240825_055146,0.0775613859295845,1,0.07756139,135.55540000015753
c2psa@multiscale,c2psa,0,GW240828_102340-v1-H1-qscan,GW240828_102340,0.01723732426762581,1,0.01723732,137.5583999997616
c2psa@multiscale,c2psa,0,GW240828_102340-v1-L1-qscan,GW240828_102340,0.5147326588630676,1,0.51473266,132.22620000033203
c2psa@multiscale,c2psa,0,GW240828_102340-v1-V1-qscan,GW240828_102340,0.0,0,,134.0038000007553
c2psa@multiscale,c2psa,0,GW240830_211120-v1-H1-qscan,GW240830_211120,0.01288046408444643,1,0.01288046,133.5402000013346
c2psa@multiscale,c2psa,0,GW240830_211120-v1-L1-qscan,GW240830_211120,0.6996070742607117,1,0.69960707,131.79610000042885
c2psa@multiscale,c2psa,0,GW240830_211120-v1-V1-qscan,GW240830_211120,0.0,0,,134.92669999959617
c2psa@multiscale,c2psa,0,GW240901_195332-v1-H1-qscan,GW240901_195332,0.0,0,,133.1794000006994
c2psa@multiscale,c2psa,0,GW240901_195332-v1-L1-qscan,GW240901_195332,0.03642602264881134,1,0.03642602,132.2958999999173
c2psa@multiscale,c2psa,0,GW240901_195332-v1-V1-qscan,GW240901_195332,0.029483875259757042,1,0.02948388,130.77640000028623
c2psa@multiscale,c2psa,0,GW240902_143306-v1-H1-qscan,GW240902_143306,0.8234328031539917,1,0.82343280,137.15200000024197
c2psa@multiscale,c2psa,0,GW240902_143306-v1-L1-qscan,GW240902_143306,0.11272622644901276,1,0.11272623,135.85710000006657
c2psa@multiscale,c2psa,0,GW240902_143306-v1-V1-qscan,GW240902_143306,0.1372957080602646,1,0.13729571,139.42999999926542
c2psa@multiscale,c2psa,0,GW240907_092521-v1-H1-qscan,GW240907_092521,0.590106725692749,1,0.59010673,134.31759999912174
c2psa@multiscale,c2psa,0,GW240907_092521-v1-L1-qscan,GW240907_092521,0.013784755021333694,1,0.01378476,131.71440000041912
c2psa@multiscale,c2psa,0,GW240907_092521-v1-V1-qscan,GW240907_092521,0.0,0,,130.1725000002989
c2psa@multiscale,c2psa,0,GW240907_121650-v1-H1-qscan,GW240907_121650,0.04365432634949684,1,0.04365433,135.4165999991892
c2psa@multiscale,c2psa,0,GW240907_121650-v1-L1-qscan,GW240907_121650,0.014024559408426285,1,0.01402456,131.4860000002227
c2psa@multiscale,c2psa,0,GW240907_121650-v1-V1-qscan,GW240907_121650,0.17706570029258728,1,0.17706570,128.69249999948806
c2psa@multiscale,c2psa,0,GW240907_153833-v1-H1-qscan,GW240907_153833,0.26353979110717773,1,0.26353979,133.6529000000155
c2psa@multiscale,c2psa,0,GW240907_153833-v1-L1-qscan,GW240907_153833,0.09034951031208038,1,0.09034951,132.79689999944821
c2psa@multiscale,c2psa,0,GW240907_153833-v1-V1-qscan,GW240907_153833,0.42904505133628845,1,0.42904505,135.2487000003748
c2psa@multiscale,c2psa,0,GW240908_082628-v1-H1-qscan,GW240908_082628,0.538285493850708,1,0.53828549,126.61750000006577
c2psa@multiscale,c2psa,0,GW240908_082628-v1-L1-qscan,GW240908_082628,0.7576088905334473,1,0.75760889,136.3218999995297
c2psa@multiscale,c2psa,0,GW240908_082628-v1-V1-qscan,GW240908_082628,0.02137921191751957,1,0.02137921,132.90850000066712
c2psa@multiscale,c2psa,0,GW240908_125134-v1-H1-qscan,GW240908_125134,0.0,0,,139.33690000067145
c2psa@multiscale,c2psa,0,GW240908_125134-v1-L1-qscan,GW240908_125134,0.020108969882130623,1,0.02010897,127.35010000051261
c2psa@multiscale,c2psa,0,GW240908_125134-v1-V1-qscan,GW240908_125134,0.0,0,,129.7221000004356
c2psa@multiscale,c2psa,0,GW240908_174149-v1-H1-qscan,GW240908_174149,0.010711736045777798,1,0.01071174,131.24360000074375
c2psa@multiscale,c2psa,0,GW240908_174149-v1-L1-qscan,GW240908_174149,0.0,0,,136.29610000043613
c2psa@multiscale,c2psa,0,GW240908_174149-v1-V1-qscan,GW240908_174149,0.0,0,,131.82809999943856
c2psa@multiscale,c2psa,0,GW240910_103535-v1-H1-qscan,GW240910_103535,0.7240097522735596,1,0.72400975,128.62480000057985
c2psa@multiscale,c2psa,0,GW240910_103535-v1-L1-qscan,GW240910_103535,0.20557531714439392,1,0.20557532,127.45859999995446
c2psa@multiscale,c2psa,0,GW240913_111216-v1-H1-qscan,GW240913_111216,0.10061600804328918,1,0.10061601,135.61610000033397
c2psa@multiscale,c2psa,0,GW240913_111216-v1-L1-qscan,GW240913_111216,0.0,0,,130.99449999936041
c2psa@multiscale,c2psa,0,GW240913_111216-v1-V1-qscan,GW240913_111216,0.011530932039022446,1,0.01153093,130.46630000098958
c2psa@multiscale,c2psa,0,GW240915_001357-v1-H1-qscan,GW240915_001357,0.10554391145706177,1,0.10554391,133.73670000055426
c2psa@multiscale,c2psa,0,GW240915_001357-v1-L1-qscan,GW240915_001357,0.9414931535720825,1,0.94149315,136.2823000008575
c2psa@multiscale,c2psa,0,GW240915_001357-v1-V1-qscan,GW240915_001357,0.0,0,,133.79009999971458
c2psa@multiscale,c2psa,0,GW240915_045510-v1-H1-qscan,GW240915_045510,0.5537619590759277,1,0.55376196,138.9275000001362
c2psa@multiscale,c2psa,0,GW240915_045510-v1-L1-qscan,GW240915_045510,0.0,0,,133.1454000010126
c2psa@multiscale,c2psa,0,GW240915_045510-v1-V1-qscan,GW240915_045510,0.3509773313999176,1,0.35097733,138.31410000148026
c2psa@multiscale,c2psa,0,GW240915_105151-v1-H1-qscan,GW240915_105151,0.7891892194747925,1,0.78918922,136.17929999963962
c2psa@multiscale,c2psa,0,GW240915_105151-v1-V1-qscan,GW240915_105151,0.022916976362466812,1,0.02291698,135.02879999941797
c2psa@multiscale,c2psa,0,GW240916_184352-v1-H1-qscan,GW240916_184352,0.0,0,,133.30580000001646
c2psa@multiscale,c2psa,0,GW240916_184352-v1-L1-qscan,GW240916_184352,0.0,0,,135.59859999986656
c2psa@multiscale,c2psa,0,GW240916_184352-v1-V1-qscan,GW240916_184352,0.01666940748691559,1,0.01666941,129.7643000007156
c2psa@multiscale,c2psa,0,GW240917_130237-v1-H1-qscan,GW240917_130237,0.0,0,,137.05169999957434
c2psa@multiscale,c2psa,0,GW240917_130237-v1-L1-qscan,GW240917_130237,0.0,0,,129.5546999999715
c2psa@multiscale,c2psa,0,GW240919_061559-v1-H1-qscan,GW240919_061559,0.6352226734161377,1,0.63522267,135.46349999978702
c2psa@multiscale,c2psa,0,GW240919_061559-v1-L1-qscan,GW240919_061559,0.8919199705123901,1,0.89191997,134.9940999989485
c2psa@multiscale,c2psa,0,GW240919_061559-v1-V1-qscan,GW240919_061559,0.9359680414199829,1,0.93596804,142.22510000035982
c2psa@multiscale,c2psa,0,GW240919_215453-v1-H1-qscan,GW240919_215453,0.0,0,,130.48669999898266
c2psa@multiscale,c2psa,0,GW240919_215453-v1-L1-qscan,GW240919_215453,0.6768723130226135,1,0.67687231,134.85789999958797
c2psa@multiscale,c2psa,0,GW240919_215453-v1-V1-qscan,GW240919_215453,0.013643153943121433,1,0.01364315,131.65630000003148
c2psa@multiscale,c2psa,0,GW240920_073424-v1-H1-qscan,GW240920_073424,0.8735154271125793,1,0.87351543,129.61030000133178
c2psa@multiscale,c2psa,0,GW240920_073424-v1-L1-qscan,GW240920_073424,0.6621671915054321,1,0.66216719,128.2074000009743
c2psa@multiscale,c2psa,0,GW240920_073424-v1-V1-qscan,GW240920_073424,0.4434000849723816,1,0.44340008,134.02719999976398
c2psa@multiscale,c2psa,0,GW240920_124024-v1-H1-qscan,GW240920_124024,0.9537262320518494,1,0.95372623,130.58100000034756
c2psa@multiscale,c2psa,0,GW240920_124024-v1-L1-qscan,GW240920_124024,0.9094507098197937,1,0.90945071,136.56869999977062
c2psa@multiscale,c2psa,0,GW240921_201835-v1-L1-qscan,GW240921_201835,0.6652357578277588,1,0.66523576,131.33229999948526
c2psa@multiscale,c2psa,0,GW240921_201835-v1-V1-qscan,GW240921_201835,0.0,0,,134.90210000054503
c2psa@multiscale,c2psa,0,GW240923_000715-v1-H1-qscan,GW240923_000715,0.0,0,,134.1082999997525
c2psa@multiscale,c2psa,0,GW240923_000715-v1-L1-qscan,GW240923_000715,0.0,0,,137.0722999999998
c2psa@multiscale,c2psa,0,GW240923_000715-v1-V1-qscan,GW240923_000715,0.011837436817586422,1,0.01183744,133.58070000049338
c2psa@multiscale,c2psa,0,GW240923_110846-v1-H1-qscan,GW240923_110846,0.8802185654640198,1,0.88021857,125.08849999994709
c2psa@multiscale,c2psa,0,GW240923_204006-v1-H1-qscan,GW240923_204006,0.6794514656066895,1,0.67945147,128.4485999995013
c2psa@multiscale,c2psa,0,GW240923_204006-v1-L1-qscan,GW240923_204006,0.9100292921066284,1,0.91002929,132.43000000056782
c2psa@multiscale,c2psa,0,GW240924_000316-v1-H1-qscan,GW240924_000316,0.8779637217521667,1,0.87796372,128.90900000002148
c2psa@multiscale,c2psa,0,GW240924_000316-v1-L1-qscan,GW240924_000316,0.28995388746261597,1,0.28995389,129.21280000045954
c2psa@multiscale,c2psa,0,GW240924_000316-v1-V1-qscan,GW240924_000316,0.0,0,,138.87030000023515
c2psa@multiscale,c2psa,0,GW240925_000956-v1-H1-qscan,GW240925_000956,0.02606230601668358,1,0.02606231,125.68289999944682
c2psa@multiscale,c2psa,0,GW240925_000956-v1-L1-qscan,GW240925_000956,0.028001366183161736,1,0.02800137,137.33529999990424
c2psa@multiscale,c2psa,0,GW240925_000956-v1-V1-qscan,GW240925_000956,0.05545888468623161,1,0.05545888,133.1276999999318
c2psa@multiscale,c2psa,0,GW240925_005809-v2-H1-qscan,GW240925_005809,0.965209424495697,1,0.96520942,132.04310000037367
c2psa@multiscale,c2psa,0,GW240925_005809-v2-L1-qscan,GW240925_005809,0.955544114112854,1,0.95554411,126.43630000093253
c2psa@multiscale,c2psa,0,GW240925_005809-v2-V1-qscan,GW240925_005809,0.0,0,,131.02060000073834
c2psa@multiscale,c2psa,0,GW240930_035959-v1-H1-qscan,GW240930_035959,0.8857408761978149,1,0.88574088,131.3583999999537
c2psa@multiscale,c2psa,0,GW240930_035959-v1-L1-qscan,GW240930_035959,0.5040557980537415,1,0.50405580,132.25680000050488
c2psa@multiscale,c2psa,0,GW240930_035959-v1-V1-qscan,GW240930_035959,0.0,0,,135.19230000110838
c2psa@multiscale,c2psa,0,GW240930_123408-v1-H1-qscan,GW240930_123408,0.7149982452392578,1,0.71499825,132.07729999976436
c2psa@multiscale,c2psa,0,GW240930_123408-v1-L1-qscan,GW240930_123408,0.0,0,,133.2838999987871
c2psa@multiscale,c2psa,0,GW240930_123408-v1-V1-qscan,GW240930_123408,0.0,0,,129.68849999924714
c2psa@multiscale,c2psa,0,GW240930_234614-v1-H1-qscan,GW240930_234614,0.0,0,,129.4434999999794
c2psa@multiscale,c2psa,0,GW240930_234614-v1-L1-qscan,GW240930_234614,0.6412754058837891,1,0.64127541,124.01489999956539
c2psa@multiscale,c2psa,0,GW240930_234614-v1-V1-qscan,GW240930_234614,0.0,0,,127.48040000042238
c2psa@multiscale,c2psa,0,GW241002_030559-v1-L1-qscan,GW241002_030559,0.728462815284729,1,0.72846282,132.17600000007224
c2psa@multiscale,c2psa,0,GW241002_030559-v1-V1-qscan,GW241002_030559,0.04070410504937172,1,0.04070411,131.90320000103384
c2psa@multiscale,c2psa,0,GW241006_015333-v1-H1-qscan,GW241006_015333,0.8624286651611328,1,0.86242867,137.9659999984142
c2psa@multiscale,c2psa,0,GW241006_015333-v1-L1-qscan,GW241006_015333,0.8912777304649353,1,0.89127773,127.95110000024579
c2psa@multiscale,c2psa,0,GW241006_015333-v1-V1-qscan,GW241006_015333,0.034073468297719955,1,0.03407347,134.56630000018777
c2psa@multiscale,c2psa,0,GW241007_082943-v1-H1-qscan,GW241007_082943,0.9155174493789673,1,0.91551745,133.76879999941593
c2psa@multiscale,c2psa,0,GW241007_082943-v1-L1-qscan,GW241007_082943,0.02078280784189701,1,0.02078281,133.31170000037673
c2psa@multiscale,c2psa,0,GW241007_082943-v1-V1-qscan,GW241007_082943,0.0,0,,127.74030000036873
c2psa@multiscale,c2psa,0,GW241009_022835-v1-H1-qscan,GW241009_022835,0.0,0,,133.5305000002336
c2psa@multiscale,c2psa,0,GW241009_022835-v1-L1-qscan,GW241009_022835,0.09176604449748993,1,0.09176604,131.43510000008973
c2psa@multiscale,c2psa,0,GW241009_022835-v1-V1-qscan,GW241009_022835,0.0,0,,135.64920000044367
c2psa@multiscale,c2psa,0,GW241009_084816-v1-H1-qscan,GW241009_084816,0.8485941886901855,1,0.84859419,126.83519999973214
c2psa@multiscale,c2psa,0,GW241009_084816-v1-L1-qscan,GW241009_084816,0.07739067077636719,1,0.07739067,130.62359999912587
c2psa@multiscale,c2psa,0,GW241009_084816-v1-V1-qscan,GW241009_084816,0.0,0,,129.066899999998
c2psa@multiscale,c2psa,0,GW241009_220455-v1-H1-qscan,GW241009_220455,0.5471925735473633,1,0.54719257,128.0715999992026
c2psa@multiscale,c2psa,0,GW241009_220455-v1-L1-qscan,GW241009_220455,0.12641502916812897,1,0.12641503,132.37469999967288
c2psa@multiscale,c2psa,0,GW241009_220455-v1-V1-qscan,GW241009_220455,0.7892151474952698,1,0.78921515,128.09480000032636
c2psa@multiscale,c2psa,0,GW241011_233834-v2-H1-qscan,GW241011_233834,0.9580327868461609,1,0.95803279,130.5387000002156
c2psa@multiscale,c2psa,0,GW241011_233834-v2-V1-qscan,GW241011_233834,0.45256689190864563,1,0.45256689,131.79309999941324
c2psa@multiscale,c2psa,0,GW241018_235402-v1-H1-qscan,GW241018_235402,0.8283866047859192,1,0.82838660,137.01549999950657
c2psa@multiscale,c2psa,0,GW241018_235402-v1-V1-qscan,GW241018_235402,0.0,0,,131.15409999954863
c2psa@multiscale,c2psa,0,GW241101_034726-v1-H1-qscan,GW241101_034726,0.0185916218906641,1,0.01859162,131.31960000009713
c2psa@multiscale,c2psa,0,GW241101_034726-v1-L1-qscan,GW241101_034726,0.1853695958852768,1,0.18536960,134.14119999924878
c2psa@multiscale,c2psa,0,GW241101_034726-v1-V1-qscan,GW241101_034726,0.07693696022033691,1,0.07693696,137.4721000001955
c2psa@multiscale,c2psa,0,GW241101_220523-v1-L1-qscan,GW241101_220523,0.8529842495918274,1,0.85298425,141.52460000059364
c2psa@multiscale,c2psa,0,GW241101_220523-v1-V1-qscan,GW241101_220523,0.0,0,,134.13469999977679
c2psa@multiscale,c2psa,0,GW241102_124058-v1-H1-qscan,GW241102_124058,0.8135547041893005,1,0.81355470,133.2617999996728
c2psa@multiscale,c2psa,0,GW241102_124058-v1-L1-qscan,GW241102_124058,0.810748279094696,1,0.81074828,130.42180000047665
c2psa@multiscale,c2psa,0,GW241102_124058-v1-V1-qscan,GW241102_124058,0.016027500852942467,1,0.01602750,130.51650000033987
c2psa@multiscale,c2psa,0,GW241102_144729-v1-H1-qscan,GW241102_144729,0.8579868078231812,1,0.85798681,129.76650000018708
c2psa@multiscale,c2psa,0,GW241102_144729-v1-L1-qscan,GW241102_144729,0.9050049185752869,1,0.90500492,128.2562999995207
c2psa@multiscale,c2psa,0,GW241102_144729-v1-V1-qscan,GW241102_144729,0.0,0,,132.22700000005716
c2psa@multiscale,c2psa,0,GW241106_110932-v1-H1-qscan,GW241106_110932,0.0,0,,131.35099999908562
c2psa@multiscale,c2psa,0,GW241106_110932-v1-L1-qscan,GW241106_110932,0.069035105407238,1,0.06903511,128.90040000002045
c2psa@multiscale,c2psa,0,GW241106_110932-v1-V1-qscan,GW241106_110932,0.0,0,,132.62810000105674
c2psa@multiscale,c2psa,0,GW241109_005349-v1-H1-qscan,GW241109_005349,0.0640483945608139,1,0.06404839,136.05939999979455
c2psa@multiscale,c2psa,0,GW241109_005349-v1-L1-qscan,GW241109_005349,0.03251632675528526,1,0.03251633,133.05860000127723
c2psa@multiscale,c2psa,0,GW241109_033317-v1-L1-qscan,GW241109_033317,0.2803000807762146,1,0.28030008,139.3210000005638
c2psa@multiscale,c2psa,0,GW241109_033317-v1-V1-qscan,GW241109_033317,0.20959100127220154,1,0.20959100,124.74990000009711
c2psa@multiscale,c2psa,0,GW241109_115924-v1-H1-qscan,GW241109_115924,0.9410982131958008,1,0.94109821,134.4865999999456
c2psa@multiscale,c2psa,0,GW241109_115924-v1-V1-qscan,GW241109_115924,0.0,0,,132.50090000019554
c2psa@multiscale,c2psa,0,GW241110_124123-v2-H1-qscan,GW241110_124123,0.5248908996582031,1,0.52489090,135.36560000011377
c2psa@multiscale,c2psa,0,GW241110_124123-v2-L1-qscan,GW241110_124123,0.5900155901908875,1,0.59001559,134.4680000011067
c2psa@multiscale,c2psa,0,GW241110_124123-v2-V1-qscan,GW241110_124123,0.2760525643825531,1,0.27605256,139.49229999980162
c2psa@multiscale,c2psa,0,GW241111_111552-v1-H1-qscan,GW241111_111552,0.8875761032104492,1,0.88757610,132.1098999997048
c2psa@multiscale,c2psa,0,GW241111_111552-v1-L1-qscan,GW241111_111552,0.3220798075199127,1,0.32207981,129.84419999975216
c2psa@multiscale,c2psa,0,GW241113_163507-v1-L1-qscan,GW241113_163507,0.8533245921134949,1,0.85332459,133.17989999995916
c2psa@multiscale,c2psa,0,GW241113_163507-v1-V1-qscan,GW241113_163507,0.11640099436044693,1,0.11640099,129.98879999940982
c2psa@multiscale,c2psa,0,GW241114_024711-v1-H1-qscan,GW241114_024711,0.7775155305862427,1,0.77751553,127.16459999955987
c2psa@multiscale,c2psa,0,GW241114_024711-v1-L1-qscan,GW241114_024711,0.36012834310531616,1,0.36012834,130.84929999968153
c2psa@multiscale,c2psa,0,GW241114_024711-v1-V1-qscan,GW241114_024711,0.0,0,,125.25550000009389
c2psa@multiscale,c2psa,0,GW241114_235258-v1-L1-qscan,GW241114_235258,0.02220834791660309,1,0.02220835,135.15890000053332
c2psa@multiscale,c2psa,0,GW241114_235258-v1-V1-qscan,GW241114_235258,0.04751910641789436,1,0.04751911,132.3130000009769
c2psa@multiscale,c2psa,0,GW241116_151753-v1-H1-qscan,GW241116_151753,0.43808338046073914,1,0.43808338,135.95540000005712
c2psa@multiscale,c2psa,0,GW241116_151753-v1-L1-qscan,GW241116_151753,0.10489555448293686,1,0.10489555,131.3045000006241
c2psa@multiscale,c2psa,0,GW241116_151753-v1-V1-qscan,GW241116_151753,0.02493414096534252,1,0.02493414,134.41470000088884
c2psa@multiscale,c2psa,0,GW241124_024914-v1-H1-qscan,GW241124_024914,0.9480476379394531,1,0.94804764,132.88920000013604
c2psa@multiscale,c2psa,0,GW241124_024914-v1-L1-qscan,GW241124_024914,0.46475735306739807,1,0.46475735,134.89759999902162
c2psa@multiscale,c2psa,0,GW241124_024914-v1-V1-qscan,GW241124_024914,0.020615428686141968,1,0.02061543,127.58739999935642
c2psa@multiscale,c2psa,0,GW241125_010116-v1-H1-qscan,GW241125_010116,0.23333832621574402,1,0.23333833,133.45819999995
c2psa@multiscale,c2psa,0,GW241125_010116-v1-L1-qscan,GW241125_010116,0.7981618642807007,1,0.79816186,127.55149999884452
c2psa@multiscale,c2psa,0,GW241125_010116-v1-V1-qscan,GW241125_010116,0.0,0,,136.4826000008179
c2psa@multiscale,c2psa,0,GW241127_061008-v1-H1-qscan,GW241127_061008,0.9261742830276489,1,0.92617428,125.64640000073268
c2psa@multiscale,c2psa,0,GW241127_061008-v1-L1-qscan,GW241127_061008,0.9186616539955139,1,0.91866165,136.24759999856906
c2psa@multiscale,c2psa,0,GW241127_061008-v1-V1-qscan,GW241127_061008,0.01791018806397915,1,0.01791019,132.4464999997872
c2psa@multiscale,c2psa,0,GW241129_021832-v1-H1-qscan,GW241129_021832,0.9229763150215149,1,0.92297632,135.55319999886706
c2psa@multiscale,c2psa,0,GW241129_021832-v1-L1-qscan,GW241129_021832,0.91512531042099,1,0.91512531,132.10759999947186
c2psa@multiscale,c2psa,0,GW241129_021832-v1-V1-qscan,GW241129_021832,0.0,0,,129.8823999995875
c2psa@multiscale,c2psa,0,GW241129_140416-v1-H1-qscan,GW241129_140416,0.051294758915901184,1,0.05129476,126.6886000003069
c2psa@multiscale,c2psa,0,GW241129_140416-v1-L1-qscan,GW241129_140416,0.16064688563346863,1,0.16064689,131.20529999923747
c2psa@multiscale,c2psa,0,GW241130_034908-v1-H1-qscan,GW241130_034908,0.9184379577636719,1,0.91843796,128.67390000064916
c2psa@multiscale,c2psa,0,GW241130_034908-v1-L1-qscan,GW241130_034908,0.7238332629203796,1,0.72383326,130.79870000001392
c2psa@multiscale,c2psa,0,GW241130_034908-v1-V1-qscan,GW241130_034908,0.0,0,,135.44150000052468
c2psa@multiscale,c2psa,0,GW241130_110422-v1-H1-qscan,GW241130_110422,0.106255903840065,1,0.10625590,135.05720000102883
c2psa@multiscale,c2psa,0,GW241130_110422-v1-L1-qscan,GW241130_110422,0.0,0,,132.9911999991964
c2psa@multiscale,c2psa,0,GW241130_110422-v1-V1-qscan,GW241130_110422,0.0,0,,126.80810000074416
c2psa@multiscale,c2psa,0,GW241201_055758-v1-H1-qscan,GW241201_055758,0.9012033343315125,1,0.90120333,123.08169999960228
c2psa@multiscale,c2psa,0,GW241201_055758-v1-L1-qscan,GW241201_055758,0.01566513441503048,1,0.01566513,124.49720000131492
c2psa@multiscale,c2psa,0,GW241201_055758-v1-V1-qscan,GW241201_055758,0.0,0,,131.91700000061246
c2psa@multiscale,c2psa,0,GW241201_142737-v1-H1-qscan,GW241201_142737,0.46729567646980286,1,0.46729568,135.93539999965287
c2psa@multiscale,c2psa,0,GW241201_142737-v1-L1-qscan,GW241201_142737,0.09691939502954483,1,0.09691940,131.25379999928555
c2psa@multiscale,c2psa,0,GW241201_142737-v1-V1-qscan,GW241201_142737,0.4969213008880615,1,0.49692130,131.10040000083245
c2psa@multiscale,c2psa,0,GW241210_023335-v1-H1-qscan,GW241210_023335,0.0,0,,133.18139999955747
c2psa@multiscale,c2psa,0,GW241210_023335-v1-L1-qscan,GW241210_023335,0.30324283242225647,1,0.30324283,136.8800000009287
c2psa@multiscale,c2psa,0,GW241210_060606-v1-H1-qscan,GW241210_060606,0.5542091727256775,1,0.55420917,132.4397999997018
c2psa@multiscale,c2psa,0,GW241210_060606-v1-L1-qscan,GW241210_060606,0.7044641375541687,1,0.70446414,131.98770000053628
c2psa@multiscale,c2psa,0,GW241210_060606-v1-V1-qscan,GW241210_060606,0.23217105865478516,1,0.23217106,133.7229999990086
c2psa@multiscale,c2psa,0,GW241210_120900-v1-H1-qscan,GW241210_120900,0.0,0,,132.93160000102944
c2psa@multiscale,c2psa,0,GW241210_120900-v1-L1-qscan,GW241210_120900,0.9396822452545166,1,0.93968225,126.96179999966262
c2psa@multiscale,c2psa,0,GW241219_222607-v1-H1-qscan,GW241219_222607,0.07697062939405441,1,0.07697063,128.92629999987548
c2psa@multiscale,c2psa,0,GW241219_222607-v1-L1-qscan,GW241219_222607,0.012626970186829567,1,0.01262697,130.98040000022593
c2psa@multiscale,c2psa,0,GW241220_062146-v1-H1-qscan,GW241220_062146,0.0,0,,131.07600000057573
c2psa@multiscale,c2psa,0,GW241220_062146-v1-L1-qscan,GW241220_062146,0.010307317599654198,1,0.01030732,130.95939999948314
c2psa@multiscale,c2psa,0,GW241225_042553-v1-L1-qscan,GW241225_042553,0.8485637307167053,1,0.84856373,133.2258999991609
c2psa@multiscale,c2psa,0,GW241225_042553-v1-V1-qscan,GW241225_042553,0.015280022285878658,1,0.01528002,137.26430000042456
c2psa@multiscale,c2psa,0,GW241225_082815-v1-H1-qscan,GW241225_082815,0.4753696024417877,1,0.47536960,131.68680000035238
c2psa@multiscale,c2psa,0,GW241225_082815-v1-L1-qscan,GW241225_082815,0.8728404641151428,1,0.87284046,137.32210000034684
c2psa@multiscale,c2psa,0,GW241229_155844-v1-H1-qscan,GW241229_155844,0.6934009790420532,1,0.69340098,129.30059999962396
c2psa@multiscale,c2psa,0,GW241229_155844-v1-L1-qscan,GW241229_155844,0.385662704706192,1,0.38566270,129.1715999996086
c2psa@multiscale,c2psa,0,GW241229_155844-v1-V1-qscan,GW241229_155844,0.0,0,,133.20269999985612
c2psa@multiscale,c2psa,0,GW241230_084504-v1-L1-qscan,GW241230_084504,0.8856301307678223,1,0.88563013,135.26650000130758
c2psa@multiscale,c2psa,0,GW241230_084504-v1-V1-qscan,GW241230_084504,0.0,0,,137.69570000022213
c2psa@multiscale,c2psa,0,GW241230_233618-v1-H1-qscan,GW241230_233618,0.09734039753675461,1,0.09734040,129.4843999994555
c2psa@multiscale,c2psa,0,GW241230_233618-v1-L1-qscan,GW241230_233618,0.8962088227272034,1,0.89620882,135.7060000009369
c2psa@multiscale,c2psa,0,GW241230_233618-v1-V1-qscan,GW241230_233618,0.0,0,,126.28100000074483
c2psa@multiscale,c2psa,0,GW241231_054133-v1-H1-qscan,GW241231_054133,0.8908442258834839,1,0.89084423,131.9602000003215
c2psa@multiscale,c2psa,0,GW241231_054133-v1-L1-qscan,GW241231_054133,0.8053585886955261,1,0.80535859,129.05599999885453
c2psa@multiscale,c2psa,0,GW241231_054133-v1-V1-qscan,GW241231_054133,0.0,0,,138.0035999991378
c2psa@multiscale,c2psa,0,GW250101_011205-v1-H1-qscan,GW250101_011205,0.15620461106300354,1,0.15620461,131.49610000164103
c2psa@multiscale,c2psa,0,GW250101_011205-v1-L1-qscan,GW250101_011205,0.7551818490028381,1,0.75518185,135.58760000069014
c2psa@multiscale,c2psa,0,GW250101_011205-v1-V1-qscan,GW250101_011205,0.0,0,,129.8295999995389
c2psa@multiscale,c2psa,0,GW250104_015122-v1-H1-qscan,GW250104_015122,0.21523472666740417,1,0.21523473,137.54510000035225
c2psa@multiscale,c2psa,0,GW250104_015122-v1-L1-qscan,GW250104_015122,0.7925164699554443,1,0.79251647,130.88260000040464
c2psa@multiscale,c2psa,0,GW250104_015122-v1-V1-qscan,GW250104_015122,0.0,0,,130.5207999994309
c2psa@multiscale,c2psa,0,GW250105_134047-v1-H1-qscan,GW250105_134047,0.0,0,,131.84220000039204
c2psa@multiscale,c2psa,0,GW250105_134047-v1-L1-qscan,GW250105_134047,0.38833847641944885,1,0.38833848,128.63470000047528
c2psa@multiscale,c2psa,0,GW250105_134047-v1-V1-qscan,GW250105_134047,0.0,0,,129.44450000031793
c2psa@multiscale,c2psa,0,GW250108_152221-v1-H1-qscan,GW250108_152221,0.7173665165901184,1,0.71736652,124.94199999946431
c2psa@multiscale,c2psa,0,GW250108_152221-v1-L1-qscan,GW250108_152221,0.9153795838356018,1,0.91537958,132.25770000008197
c2psa@multiscale,c2psa,0,GW250108_152221-v1-V1-qscan,GW250108_152221,0.08078625798225403,1,0.08078626,132.92279999950551
c2psa@multiscale,c2psa,0,GW250109_010541-v1-H1-qscan,GW250109_010541,0.34468725323677063,1,0.34468725,134.59819999934552
c2psa@multiscale,c2psa,0,GW250109_010541-v1-L1-qscan,GW250109_010541,0.8886675834655762,1,0.88866758,133.23730000047362
c2psa@multiscale,c2psa,0,GW250109_010541-v1-V1-qscan,GW250109_010541,0.7772108912467957,1,0.77721089,131.26000000011118
c2psa@multiscale,c2psa,0,GW250109_074552-v1-H1-qscan,GW250109_074552,0.8987622261047363,1,0.89876223,130.67600000067614
c2psa@multiscale,c2psa,0,GW250109_074552-v1-V1-qscan,GW250109_074552,0.12104213237762451,1,0.12104213,134.6622999999454
c2psa@multiscale,c2psa,0,GW250109_083206-v1-H1-qscan,GW250109_083206,0.7358109354972839,1,0.73581094,129.03819999883126
c2psa@multiscale,c2psa,0,GW250109_083206-v1-V1-qscan,GW250109_083206,0.0,0,,130.10949999988952
c2psa@multiscale,c2psa,0,GW250114_082203-v2-H1-qscan,GW250114_082203,0.22979800403118134,1,0.22979800,131.08479999937117
c2psa@multiscale,c2psa,0,GW250114_082203-v2-L1-qscan,GW250114_082203,0.8019906282424927,1,0.80199063,135.07149999986723
c2psa@multiscale,c2psa,0,GW250116_015318-v1-H1-qscan,GW250116_015318,0.5336873531341553,1,0.53368735,133.58770000013465
c2psa@multiscale,c2psa,0,GW250116_015318-v1-L1-qscan,GW250116_015318,0.0,0,,133.8755000006131
c2psa@multiscale,c2psa,0,GW250116_015318-v1-V1-qscan,GW250116_015318,0.0,0,,130.73649999932968
c2psa@multiscale,c2psa,0,GW250116_051426-v1-H1-qscan,GW250116_051426,0.020229704678058624,1,0.02022970,131.8289000000732
c2psa@multiscale,c2psa,0,GW250116_051426-v1-L1-qscan,GW250116_051426,0.0,0,,132.17419999818958
c2psa@multiscale,c2psa,0,GW250118_023225-v1-H1-qscan,GW250118_023225,0.5787525773048401,1,0.57875258,131.7945000000691
c2psa@multiscale,c2psa,0,GW250118_023225-v1-L1-qscan,GW250118_023225,0.7528230547904968,1,0.75282305,131.07380000019475
c2psa@multiscale,c2psa,0,GW250118_023225-v1-V1-qscan,GW250118_023225,0.0,0,,127.0687000005637
c2psa@multiscale,c2psa,0,GW250118_055802-v1-H1-qscan,GW250118_055802,0.34424203634262085,1,0.34424204,131.24160000097618
c2psa@multiscale,c2psa,0,GW250118_055802-v1-L1-qscan,GW250118_055802,0.07510443031787872,1,0.07510443,129.92599999961385
c2psa@multiscale,c2psa,0,GW250118_055802-v1-V1-qscan,GW250118_055802,0.040803831070661545,1,0.04080383,129.66589999996359
c2psa@multiscale,c2psa,0,GW250118_170523-v1-H1-qscan,GW250118_170523,0.90240478515625,1,0.90240479,131.66849999925034
c2psa@multiscale,c2psa,0,GW250118_170523-v1-L1-qscan,GW250118_170523,0.7976770401000977,1,0.79767704,131.98229999943578
c2psa@multiscale,c2psa,0,GW250119_025138-v1-H1-qscan,GW250119_025138,0.882344663143158,1,0.88234466,132.98570000097243
c2psa@multiscale,c2psa,0,GW250119_025138-v1-L1-qscan,GW250119_025138,0.8851637244224548,1,0.88516372,130.75709999884566
c2psa@multiscale,c2psa,0,GW250119_025138-v1-V1-qscan,GW250119_025138,0.1891191601753235,1,0.18911916,132.02710000041407
c2psa@multiscale,c2psa,0,GW250119_190238-v1-H1-qscan,GW250119_190238,0.432632714509964,1,0.43263271,129.56860000031156
c2psa@multiscale,c2psa,0,GW250119_190238-v1-L1-qscan,GW250119_190238,0.647863507270813,1,0.64786351,128.53489999906742
c2psa@multiscale,c2psa,0,GW250119_190238-v1-V1-qscan,GW250119_190238,0.0,0,,126.8034999993688
c2psa@multiscale,c2psa,0,GW250120_042414-v1-H1-qscan,GW250120_042414,0.014877976849675179,1,0.01487798,135.42969999980414
c2psa@multiscale,c2psa,0,GW250120_042414-v1-L1-qscan,GW250120_042414,0.0,0,,131.98630000078992
c2psa@multiscale,c2psa,0,GW250120_042414-v1-V1-qscan,GW250120_042414,0.16353660821914673,1,0.16353661,130.96930000028806
ensemble@512,baseline+c2psa,0,GW240406_062847-v1-H1-qscan,GW240406_062847,0.0,0,,39.60869999991701
ensemble@512,baseline+c2psa,0,GW240406_062847-v1-L1-qscan,GW240406_062847,0.06017306074500084,1,0.06017306,44.275899999320245
ensemble@512,baseline+c2psa,0,GW240407_040938-v1-H1-qscan,GW240407_040938,0.029240760952234268,1,0.02924076,46.40899999958492
ensemble@512,baseline+c2psa,0,GW240407_040938-v1-L1-qscan,GW240407_040938,0.011233481578528881,1,0.01123348,47.36880000018573
ensemble@512,baseline+c2psa,0,GW240407_040938-v1-V1-qscan,GW240407_040938,0.0,0,,47.104899999794725
ensemble@512,baseline+c2psa,0,GW240407_061416-v1-H1-qscan,GW240407_061416,0.6348610520362854,1,0.63486105,45.57199999953809
ensemble@512,baseline+c2psa,0,GW240407_061416-v1-L1-qscan,GW240407_061416,0.0,0,,42.10749999992913
ensemble@512,baseline+c2psa,0,GW240407_061416-v1-V1-qscan,GW240407_061416,0.0,0,,58.49670000088736
ensemble@512,baseline+c2psa,0,GW240407_214946-v1-H1-qscan,GW240407_214946,0.0,0,,56.10569999953441
ensemble@512,baseline+c2psa,0,GW240407_214946-v1-L1-qscan,GW240407_214946,0.0,0,,42.925999999624764
ensemble@512,baseline+c2psa,0,GW240407_214946-v1-V1-qscan,GW240407_214946,0.0,0,,45.57989999966594
ensemble@512,baseline+c2psa,0,GW240408_081753-v1-H1-qscan,GW240408_081753,0.11493123322725296,1,0.11493123,42.7230000000236
ensemble@512,baseline+c2psa,0,GW240408_081753-v1-L1-qscan,GW240408_081753,0.0,0,,43.761100000665465
ensemble@512,baseline+c2psa,0,GW240411_074140-v1-H1-qscan,GW240411_074140,0.0,0,,45.996500000001106
ensemble@512,baseline+c2psa,0,GW240411_074140-v1-L1-qscan,GW240411_074140,0.10476484894752502,1,0.10476485,40.436899999804155
ensemble@512,baseline+c2psa,0,GW240413_022019-v1-H1-qscan,GW240413_022019,0.0,0,,41.80939999969269
ensemble@512,baseline+c2psa,0,GW240413_022019-v1-L1-qscan,GW240413_022019,0.8708916902542114,1,0.87089169,42.96459999977742
ensemble@512,baseline+c2psa,0,GW240413_022019-v1-V1-qscan,GW240413_022019,0.0,0,,42.122199999994336
ensemble@512,baseline+c2psa,0,GW240414_054515-v1-H1-qscan,GW240414_054515,0.171952024102211,1,0.17195202,39.85790000024281
ensemble@512,baseline+c2psa,0,GW240414_054515-v1-V1-qscan,GW240414_054515,0.11446166783571243,1,0.11446167,40.74579999996786
ensemble@512,baseline+c2psa,0,GW240419_041206-v1-H1-qscan,GW240419_041206,0.05121717229485512,1,0.05121717,37.79640000084328
ensemble@512,baseline+c2psa,0,GW240419_041206-v1-L1-qscan,GW240419_041206,0.0,0,,42.311899999731395
ensemble@512,baseline+c2psa,0,GW240419_041206-v1-V1-qscan,GW240419_041206,0.16442421078681946,1,0.16442421,39.79760000083843
ensemble@512,baseline+c2psa,0,GW240420_175625-v1-H1-qscan,GW240420_175625,0.6189648509025574,1,0.61896485,40.234699999928125
ensemble@512,baseline+c2psa,0,GW240421_052935-v1-H1-qscan,GW240421_052935,0.30294981598854065,1,0.30294982,39.58580000016809
ensemble@512,baseline+c2psa,0,GW240421_052935-v1-L1-qscan,GW240421_052935,0.057436227798461914,1,0.05743623,52.55459999989398
ensemble@512,baseline+c2psa,0,GW240421_052935-v1-V1-qscan,GW240421_052935,0.0,0,,44.32319999978063
ensemble@512,baseline+c2psa,0,GW240426_031451-v1-H1-qscan,GW240426_031451,0.06822564452886581,1,0.06822564,41.41909999998461
ensemble@512,baseline+c2psa,0,GW240426_031451-v1-L1-qscan,GW240426_031451,0.8424850106239319,1,0.84248501,40.78319999916857
ensemble@512,baseline+c2psa,0,GW240426_085802-v1-H1-qscan,GW240426_085802,0.05267238989472389,1,0.05267239,42.78110000041124
ensemble@512,baseline+c2psa,0,GW240426_085802-v1-L1-qscan,GW240426_085802,0.0,0,,43.934299999818904
ensemble@512,baseline+c2psa,0,GW240426_085802-v1-V1-qscan,GW240426_085802,0.0,0,,45.54209999923842
ensemble@512,baseline+c2psa,0,GW240428_225440-v1-H1-qscan,GW240428_225440,0.8409746885299683,1,0.84097469,42.11410000016258
ensemble@512,baseline+c2psa,0,GW240428_225440-v1-V1-qscan,GW240428_225440,0.047642774879932404,1,0.04764277,40.311999999175896
ensemble@512,baseline+c2psa,0,GW240430_093517-v1-H1-qscan,GW240430_093517,0.0,0,,46.67729999982839
ensemble@512,baseline+c2psa,0,GW240430_093517-v1-L1-qscan,GW240430_093517,0.8671273589134216,1,0.86712736,40.77310000002399
ensemble@512,baseline+c2psa,0,GW240501_033534-v1-H1-qscan,GW240501_033534,0.9150614142417908,1,0.91506141,41.849000000638625
ensemble@512,baseline+c2psa,0,GW240501_033534-v1-L1-qscan,GW240501_033534,0.9405333995819092,1,0.94053340,36.83670000054917
ensemble@512,baseline+c2psa,0,GW240501_033534-v1-V1-qscan,GW240501_033534,0.0,0,,37.07600000007005
ensemble@512,baseline+c2psa,0,GW240505_133552-v1-H1-qscan,GW240505_133552,0.8153833746910095,1,0.81538337,53.313499999603664
ensemble@512,baseline+c2psa,0,GW240505_133552-v1-L1-qscan,GW240505_133552,0.7945367693901062,1,0.79453677,37.651199999800156
ensemble@512,baseline+c2psa,0,GW240505_133552-v1-V1-qscan,GW240505_133552,0.0,0,,40.317300000879186
ensemble@512,baseline+c2psa,0,GW240507_041632-v1-H1-qscan,GW240507_041632,0.034256286919116974,1,0.03425629,41.660200000023906
ensemble@512,baseline+c2psa,0,GW240507_041632-v1-L1-qscan,GW240507_041632,0.5888102054595947,1,0.58881021,48.506799999813666
ensemble@512,baseline+c2psa,0,GW240507_041632-v1-V1-qscan,GW240507_041632,0.0,0,,51.43069999985528
ensemble@512,baseline+c2psa,0,GW240509_102351-v1-H1-qscan,GW240509_102351,0.0,0,,44.76700000031997
ensemble@512,baseline+c2psa,0,GW240509_102351-v1-L1-qscan,GW240509_102351,0.020137229934334755,1,0.02013723,45.98489999989397
ensemble@512,baseline+c2psa,0,GW240509_102351-v1-V1-qscan,GW240509_102351,0.0,0,,41.133300000183226
ensemble@512,baseline+c2psa,0,GW240511_031507-v1-H1-qscan,GW240511_031507,0.7079121470451355,1,0.70791215,37.326199999824894
ensemble@512,baseline+c2psa,0,GW240511_031507-v1-L1-qscan,GW240511_031507,0.8789910674095154,1,0.87899107,39.26670000009835
ensemble@512,baseline+c2psa,0,GW240511_031507-v1-V1-qscan,GW240511_031507,0.011861070990562439,1,0.01186107,40.22419999955673
ensemble@512,baseline+c2psa,0,GW240512_024139-v1-H1-qscan,GW240512_024139,0.03164727985858917,1,0.03164728,43.09750000038548
ensemble@512,baseline+c2psa,0,GW240512_024139-v1-L1-qscan,GW240512_024139,0.5498833060264587,1,0.54988331,49.5402000001377
ensemble@512,baseline+c2psa,0,GW240512_024139-v1-V1-qscan,GW240512_024139,0.0,0,,51.24660000001313
ensemble@512,baseline+c2psa,0,GW240512_051606-v1-H1-qscan,GW240512_051606,0.0,0,,42.894100000467006
ensemble@512,baseline+c2psa,0,GW240512_051606-v1-L1-qscan,GW240512_051606,0.0,0,,44.11199999958626
ensemble@512,baseline+c2psa,0,GW240512_051606-v1-V1-qscan,GW240512_051606,0.0,0,,38.06819999954314
ensemble@512,baseline+c2psa,0,GW240513_183302-v1-H1-qscan,GW240513_183302,0.9579297304153442,1,0.95792973,38.32449999936216
ensemble@512,baseline+c2psa,0,GW240513_183302-v1-L1-qscan,GW240513_183302,0.8823622465133667,1,0.88236225,39.59420000046521
ensemble@512,baseline+c2psa,0,GW240513_183302-v1-V1-qscan,GW240513_183302,0.0,0,,51.94390000042404
ensemble@512,baseline+c2psa,0,GW240514_121713-v1-H1-qscan,GW240514_121713,0.36382830142974854,1,0.36382830,43.074899999282934
ensemble@512,baseline+c2psa,0,GW240514_121713-v1-L1-qscan,GW240514_121713,0.19112777709960938,1,0.19112778,41.91800000035073
ensemble@512,baseline+c2psa,0,GW240514_121713-v1-V1-qscan,GW240514_121713,0.0,0,,56.424600000354985
ensemble@512,baseline+c2psa,0,GW240515_005301-v1-H1-qscan,GW240515_005301,0.8589068055152893,1,0.85890681,42.6157000006242
ensemble@512,baseline+c2psa,0,GW240515_005301-v1-L1-qscan,GW240515_005301,0.6968005895614624,1,0.69680059,54.071400000339054
ensemble@512,baseline+c2psa,0,GW240515_005301-v1-V1-qscan,GW240515_005301,0.0,0,,44.364900000800844
ensemble@512,baseline+c2psa,0,GW240516_041939-v1-H1-qscan,GW240516_041939,0.0,0,,36.72939999978553
ensemble@512,baseline+c2psa,0,GW240516_041939-v1-L1-qscan,GW240516_041939,0.0,0,,40.759100000741455
ensemble@512,baseline+c2psa,0,GW240516_041939-v1-V1-qscan,GW240516_041939,0.015611403621733189,1,0.01561140,41.29060000059326
ensemble@512,baseline+c2psa,0,GW240519_012815-v1-L1-qscan,GW240519_012815,0.24682754278182983,1,0.24682754,42.4669999993057
ensemble@512,baseline+c2psa,0,GW240519_012815-v1-V1-qscan,GW240519_012815,0.637316882610321,1,0.63731688,45.252200000049925
ensemble@512,baseline+c2psa,0,GW240520_213616-v1-H1-qscan,GW240520_213616,0.10358694195747375,1,0.10358694,45.82819999950516
ensemble@512,baseline+c2psa,0,GW240520_213616-v1-L1-qscan,GW240520_213616,0.21539005637168884,1,0.21539006,47.72119999961433
ensemble@512,baseline+c2psa,0,GW240520_213616-v1-V1-qscan,GW240520_213616,0.017608562484383583,1,0.01760856,40.04650000069887
ensemble@512,baseline+c2psa,0,GW240525_031210-v1-H1-qscan,GW240525_031210,0.8212857246398926,1,0.82128572,41.11430000057226
ensemble@512,baseline+c2psa,0,GW240525_031210-v1-L1-qscan,GW240525_031210,0.8487526774406433,1,0.84875268,39.15600000073027
ensemble@512,baseline+c2psa,0,GW240525_031210-v1-V1-qscan,GW240525_031210,0.0,0,,41.870900000049005
ensemble@512,baseline+c2psa,0,GW240525_201644-v1-H1-qscan,GW240525_201644,0.0,0,,39.92299999936222
ensemble@512,baseline+c2psa,0,GW240525_201644-v1-L1-qscan,GW240525_201644,0.0,0,,37.51829999964684
ensemble@512,baseline+c2psa,0,GW240525_201644-v1-V1-qscan,GW240525_201644,0.0,0,,36.335499999950116
ensemble@512,baseline+c2psa,0,GW240526_093944-v1-H1-qscan,GW240526_093944,0.095862977206707,1,0.09586298,50.016499999401276
ensemble@512,baseline+c2psa,0,GW240526_093944-v1-L1-qscan,GW240526_093944,0.0,0,,44.92659999959869
ensemble@512,baseline+c2psa,0,GW240526_093944-v1-V1-qscan,GW240526_093944,0.0,0,,41.10490000039135
ensemble@512,baseline+c2psa,0,GW240527_150907-v1-H1-qscan,GW240527_150907,0.0,0,,38.7840999992477
ensemble@512,baseline+c2psa,0,GW240527_150907-v1-L1-qscan,GW240527_150907,0.0,0,,40.93940000075236
ensemble@512,baseline+c2psa,0,GW240527_150907-v1-V1-qscan,GW240527_150907,0.0,0,,44.592699999611796
ensemble@512,baseline+c2psa,0,GW240527_183429-v1-H1-qscan,GW240527_183429,0.8426640033721924,1,0.84266400,48.15169999938007
ensemble@512,baseline+c2psa,0,GW240527_183429-v1-L1-qscan,GW240527_183429,0.16270478069782257,1,0.16270478,40.9098999998605
ensemble@512,baseline+c2psa,0,GW240527_183429-v1-V1-qscan,GW240527_183429,0.0,0,,49.11379999975907
ensemble@512,baseline+c2psa,0,GW240527_230910-v1-H1-qscan,GW240527_230910,0.6347565054893494,1,0.63475651,43.29779999989114
ensemble@512,baseline+c2psa,0,GW240527_230910-v1-L1-qscan,GW240527_230910,0.01556507870554924,1,0.01556508,42.87279999971361
ensemble@512,baseline+c2psa,0,GW240527_230910-v1-V1-qscan,GW240527_230910,0.0,0,,37.33219999958237
ensemble@512,baseline+c2psa,0,GW240530_012417-v1-H1-qscan,GW240530_012417,0.04715747758746147,1,0.04715748,36.438100000395934
ensemble@512,baseline+c2psa,0,GW240530_012417-v1-L1-qscan,GW240530_012417,0.6077558398246765,1,0.60775584,37.29479999992691
ensemble@512,baseline+c2psa,0,GW240530_012417-v1-V1-qscan,GW240530_012417,0.0,0,,39.27710000107254
ensemble@512,baseline+c2psa,0,GW240531_040326-v1-H1-qscan,GW240531_040326,0.4625268578529358,1,0.46252686,38.627399999768386
ensemble@512,baseline+c2psa,0,GW240531_040326-v1-L1-qscan,GW240531_040326,0.0,0,,40.146099999674334
ensemble@512,baseline+c2psa,0,GW240531_040326-v1-V1-qscan,GW240531_040326,0.0,0,,41.24469999987923
ensemble@512,baseline+c2psa,0,GW240531_075248-v1-H1-qscan,GW240531_075248,0.0,0,,42.76939999954266
ensemble@512,baseline+c2psa,0,GW240531_075248-v1-L1-qscan,GW240531_075248,0.9356613159179688,1,0.93566132,46.88420000002225
ensemble@512,baseline+c2psa,0,GW240531_075248-v1-V1-qscan,GW240531_075248,0.0,0,,43.48150000032547
ensemble@512,baseline+c2psa,0,GW240601_061200-v1-H1-qscan,GW240601_061200,0.2484777271747589,1,0.24847773,33.61820000100124
ensemble@512,baseline+c2psa,0,GW240601_061200-v1-L1-qscan,GW240601_061200,0.1462915688753128,1,0.14629157,37.686099999518774
ensemble@512,baseline+c2psa,0,GW240601_061200-v1-V1-qscan,GW240601_061200,0.0,0,,42.846900000313326
ensemble@512,baseline+c2psa,0,GW240601_231004-v1-H1-qscan,GW240601_231004,0.0,0,,41.390799999589944
ensemble@512,baseline+c2psa,0,GW240601_231004-v1-L1-qscan,GW240601_231004,0.0,0,,43.19720000012239
ensemble@512,baseline+c2psa,0,GW240601_231004-v1-V1-qscan,GW240601_231004,0.01641484536230564,1,0.01641485,40.220099999714876
ensemble@512,baseline+c2psa,0,GW240611_214835-v1-L1-qscan,GW240611_214835,0.16408662497997284,1,0.16408662,37.80030000052648
ensemble@512,baseline+c2psa,0,GW240611_214835-v1-V1-qscan,GW240611_214835,0.0,0,,39.731799999572104
ensemble@512,baseline+c2psa,0,GW240612_081540-v1-H1-qscan,GW240612_081540,0.5605837106704712,1,0.56058371,39.47449999941455
ensemble@512,baseline+c2psa,0,GW240612_081540-v1-L1-qscan,GW240612_081540,0.010359559208154678,1,0.01035956,39.90730000077747
ensemble@512,baseline+c2psa,0,GW240612_081540-v1-V1-qscan,GW240612_081540,0.0,0,,40.79710000041814
ensemble@512,baseline+c2psa,0,GW240613_011503-v1-H1-qscan,GW240613_011503,0.0,0,,38.755500000661414
ensemble@512,baseline+c2psa,0,GW240613_011503-v1-L1-qscan,GW240613_011503,0.022529788315296173,1,0.02252979,40.90349999978571
ensemble@512,baseline+c2psa,0,GW240613_011503-v1-V1-qscan,GW240613_011503,0.0,0,,41.97789999989254
ensemble@512,baseline+c2psa,0,GW240615_113620-v1-H1-qscan,GW240615_113620,0.9056445956230164,1,0.90564460,36.227400000370835
ensemble@512,baseline+c2psa,0,GW240615_113620-v1-L1-qscan,GW240615_113620,0.8787767887115479,1,0.87877679,41.266600000199105
ensemble@512,baseline+c2psa,0,GW240615_113620-v1-V1-qscan,GW240615_113620,0.018811356276273727,1,0.01881136,41.534800000135874
ensemble@512,baseline+c2psa,0,GW240615_160735-v1-H1-qscan,GW240615_160735,0.7940280437469482,1,0.79402804,41.34870000052615
ensemble@512,baseline+c2psa,0,GW240615_160735-v1-L1-qscan,GW240615_160735,0.7712205052375793,1,0.77122051,42.998500000067
ensemble@512,baseline+c2psa,0,GW240615_160735-v1-V1-qscan,GW240615_160735,0.0,0,,38.40029999992112
ensemble@512,baseline+c2psa,0,GW240618_071627-v1-H1-qscan,GW240618_071627,0.5099977254867554,1,0.50999773,42.265699999006756
ensemble@512,baseline+c2psa,0,GW240618_071627-v1-L1-qscan,GW240618_071627,0.6889268159866333,1,0.68892682,38.79290000031688
ensemble@512,baseline+c2psa,0,GW240619_044535-v1-H1-qscan,GW240619_044535,0.045324817299842834,1,0.04532482,36.873199999718054
ensemble@512,baseline+c2psa,0,GW240619_044535-v1-L1-qscan,GW240619_044535,0.0,0,,41.29000000011729
ensemble@512,baseline+c2psa,0,GW240619_044535-v1-V1-qscan,GW240619_044535,0.0,0,,47.695400000066
ensemble@512,baseline+c2psa,0,GW240619_212357-v1-H1-qscan,GW240619_212357,0.9163699150085449,1,0.91636992,43.18150000062815
ensemble@512,baseline+c2psa,0,GW240619_212357-v1-L1-qscan,GW240619_212357,0.0,0,,45.41710000057719
ensemble@512,baseline+c2psa,0,GW240619_212357-v1-V1-qscan,GW240619_212357,0.04098392277956009,1,0.04098392,38.586799999393406
ensemble@512,baseline+c2psa,0,GW240620_094631-v1-H1-qscan,GW240620_094631,0.01642303168773651,1,0.01642303,42.25289999931192
ensemble@512,baseline+c2psa,0,GW240620_094631-v1-L1-qscan,GW240620_094631,0.0,0,,39.530300000478746
ensemble@512,baseline+c2psa,0,GW240620_094631-v1-V1-qscan,GW240620_094631,0.0,0,,39.44460000047911
ensemble@512,baseline+c2psa,0,GW240621_103457-v1-H1-qscan,GW240621_103457,0.010405986569821835,1,0.01040599,42.533800000001065
ensemble@512,baseline+c2psa,0,GW240621_103457-v1-L1-qscan,GW240621_103457,0.0,0,,38.68719999991299
ensemble@512,baseline+c2psa,0,GW240621_103457-v1-V1-qscan,GW240621_103457,0.0556802935898304,1,0.05568029,39.48300000047311
ensemble@512,baseline+c2psa,0,GW240621_195059-v1-H1-qscan,GW240621_195059,0.939556896686554,1,0.93955690,49.224299999877985
ensemble@512,baseline+c2psa,0,GW240621_195059-v1-L1-qscan,GW240621_195059,0.9236937761306763,1,0.92369378,48.743800000011106
ensemble@512,baseline+c2psa,0,GW240621_195059-v1-V1-qscan,GW240621_195059,0.16544513404369354,1,0.16544513,37.09809999963909
ensemble@512,baseline+c2psa,0,GW240621_200935-v1-H1-qscan,GW240621_200935,0.368856281042099,1,0.36885628,39.03669999999693
ensemble@512,baseline+c2psa,0,GW240621_200935-v1-L1-qscan,GW240621_200935,0.3611665964126587,1,0.36116660,42.44250000010652
ensemble@512,baseline+c2psa,0,GW240621_200935-v1-V1-qscan,GW240621_200935,0.0,0,,39.15880000067773
ensemble@512,baseline+c2psa,0,GW240621_214041-v1-H1-qscan,GW240621_214041,0.47728338837623596,1,0.47728339,53.05399999906513
ensemble@512,baseline+c2psa,0,GW240621_214041-v1-L1-qscan,GW240621_214041,0.7896790504455566,1,0.78967905,49.19259999996939
ensemble@512,baseline+c2psa,0,GW240621_214041-v1-V1-qscan,GW240621_214041,0.0,0,,40.819899999860354
ensemble@512,baseline+c2psa,0,GW240622_004008-v1-H1-qscan,GW240622_004008,0.5842347741127014,1,0.58423477,44.060000000172295
ensemble@512,baseline+c2psa,0,GW240622_004008-v1-L1-qscan,GW240622_004008,0.6700000166893005,1,0.67000002,47.26399999981368
ensemble@512,baseline+c2psa,0,GW240622_004008-v1-V1-qscan,GW240622_004008,0.0,0,,40.075500000511965
ensemble@512,baseline+c2psa,0,GW240625_073331-v1-H1-qscan,GW240625_073331,0.011324816383421421,1,0.01132482,38.58119999995324
ensemble@512,baseline+c2psa,0,GW240625_073331-v1-L1-qscan,GW240625_073331,0.0,0,,42.16560000077152
ensemble@512,baseline+c2psa,0,GW240627_131622-v1-H1-qscan,GW240627_131622,0.037240371108055115,1,0.03724037,42.132300000503164
ensemble@512,baseline+c2psa,0,GW240627_131622-v1-L1-qscan,GW240627_131622,0.017008086666464806,1,0.01700809,41.99719999996887
ensemble@512,baseline+c2psa,0,GW240627_131622-v1-V1-qscan,GW240627_131622,0.0,0,,39.146299999174516
ensemble@512,baseline+c2psa,0,GW240629_145256-v1-H1-qscan,GW240629_145256,0.058842193335294724,1,0.05884219,49.48849999982485
ensemble@512,baseline+c2psa,0,GW240629_145256-v1-L1-qscan,GW240629_145256,0.6841906905174255,1,0.68419069,37.027199999556615
ensemble@512,baseline+c2psa,0,GW240629_145256-v1-V1-qscan,GW240629_145256,0.014275779947638512,1,0.01427578,40.20180000043183
ensemble@512,baseline+c2psa,0,GW240630_101703-v1-H1-qscan,GW240630_101703,0.8417850136756897,1,0.84178501,44.14149999956862
ensemble@512,baseline+c2psa,0,GW240630_101703-v1-V1-qscan,GW240630_101703,0.0,0,,40.49470000063593
ensemble@512,baseline+c2psa,0,GW240630_115348-v1-H1-qscan,GW240630_115348,0.7670102715492249,1,0.76701027,43.3022000006531
ensemble@512,baseline+c2psa,0,GW240630_115348-v1-L1-qscan,GW240630_115348,0.4976445436477661,1,0.49764454,45.465400000466616
ensemble@512,baseline+c2psa,0,GW240630_115348-v1-V1-qscan,GW240630_115348,0.04629514366388321,1,0.04629514,41.069100000186154
ensemble@512,baseline+c2psa,0,GW240630_212937-v1-H1-qscan,GW240630_212937,0.16748172044754028,1,0.16748172,41.67089999964446
ensemble@512,baseline+c2psa,0,GW240630_212937-v1-L1-qscan,GW240630_212937,0.0,0,,40.24840000010954
ensemble@512,baseline+c2psa,0,GW240630_212937-v1-V1-qscan,GW240630_212937,0.0,0,,46.30840000072567
ensemble@512,baseline+c2psa,0,GW240701_011640-v1-H1-qscan,GW240701_011640,0.7040413022041321,1,0.70404130,37.33130000046003
ensemble@512,baseline+c2psa,0,GW240701_011640-v1-L1-qscan,GW240701_011640,0.012401584535837173,1,0.01240158,38.37229999999181
ensemble@512,baseline+c2psa,0,GW240701_011640-v1-V1-qscan,GW240701_011640,0.0,0,,41.466800000762305
ensemble@512,baseline+c2psa,0,GW240701_013826-v1-H1-qscan,GW240701_013826,0.0,0,,47.41130000047633
ensemble@512,baseline+c2psa,0,GW240701_013826-v1-L1-qscan,GW240701_013826,0.0,0,,42.65329999907408
ensemble@512,baseline+c2psa,0,GW240701_013826-v1-V1-qscan,GW240701_013826,0.0,0,,39.39760000002934
ensemble@512,baseline+c2psa,0,GW240701_203807-v1-H1-qscan,GW240701_203807,0.0,0,,40.90119999955277
ensemble@512,baseline+c2psa,0,GW240701_203807-v1-L1-qscan,GW240701_203807,0.0,0,,42.17389999985244
ensemble@512,baseline+c2psa,0,GW240701_203807-v1-V1-qscan,GW240701_203807,0.022655876353383064,1,0.02265588,52.5165999993078
ensemble@512,baseline+c2psa,0,GW240703_191355-v1-L1-qscan,GW240703_191355,0.5815886855125427,1,0.58158869,42.57290000032299
ensemble@512,baseline+c2psa,0,GW240703_191355-v1-V1-qscan,GW240703_191355,0.0,0,,46.67630000039935
ensemble@512,baseline+c2psa,0,GW240705_053215-v1-H1-qscan,GW240705_053215,0.9592562913894653,1,0.95925629,45.21590000058495
ensemble@512,baseline+c2psa,0,GW240705_053215-v1-L1-qscan,GW240705_053215,0.7821742296218872,1,0.78217423,40.06039999921995
ensemble@512,baseline+c2psa,0,GW240705_053215-v1-V1-qscan,GW240705_053215,0.0,0,,39.332000000285916
ensemble@512,baseline+c2psa,0,GW240716_034900-v1-L1-qscan,GW240716_034900,0.9388459324836731,1,0.93884593,37.502499999845895
ensemble@512,baseline+c2psa,0,GW240716_034900-v1-V1-qscan,GW240716_034900,0.0,0,,37.459100000432954
ensemble@512,baseline+c2psa,0,GW240806_043539-v1-L1-qscan,GW240806_043539,0.0,0,,41.12439999971684
ensemble@512,baseline+c2psa,0,GW240806_043539-v1-V1-qscan,GW240806_043539,0.0,0,,40.38319999972373
ensemble@512,baseline+c2psa,0,GW240807_214559-v1-L1-qscan,GW240807_214559,0.0,0,,38.716999999905966
ensemble@512,baseline+c2psa,0,GW240807_214559-v1-V1-qscan,GW240807_214559,0.0,0,,50.71109999971668
ensemble@512,baseline+c2psa,0,GW240813_034548-v1-L1-qscan,GW240813_034548,0.0,0,,39.733600000545266
ensemble@512,baseline+c2psa,0,GW240813_034548-v1-V1-qscan,GW240813_034548,0.0,0,,38.09279999950377
ensemble@512,baseline+c2psa,0,GW240814_145043-v1-L1-qscan,GW240814_145043,0.04351108893752098,1,0.04351109,38.18830000000162
ensemble@512,baseline+c2psa,0,GW240814_145043-v1-V1-qscan,GW240814_145043,0.0,0,,40.204800000083196
ensemble@512,baseline+c2psa,0,GW240824_205609-v1-H1-qscan,GW240824_205609,0.24163545668125153,1,0.24163546,43.65349999989121
ensemble@512,baseline+c2psa,0,GW240824_205609-v1-L1-qscan,GW240824_205609,0.0,0,,42.68610000008266
ensemble@512,baseline+c2psa,0,GW240824_205609-v1-V1-qscan,GW240824_205609,0.3879811465740204,1,0.38798115,50.88490000071033
ensemble@512,baseline+c2psa,0,GW240825_055146-v1-H1-qscan,GW240825_055146,0.18457524478435516,1,0.18457524,44.10500000085449
ensemble@512,baseline+c2psa,0,GW240825_055146-v1-L1-qscan,GW240825_055146,0.13277964293956757,1,0.13277964,47.3188999994818
ensemble@512,baseline+c2psa,0,GW240825_055146-v1-V1-qscan,GW240825_055146,0.0,0,,50.09220000010828
ensemble@512,baseline+c2psa,0,GW240828_102340-v1-H1-qscan,GW240828_102340,0.0,0,,41.775399999551155
ensemble@512,baseline+c2psa,0,GW240828_102340-v1-L1-qscan,GW240828_102340,0.012039999477565289,1,0.01204000,43.35059999993973
ensemble@512,baseline+c2psa,0,GW240828_102340-v1-V1-qscan,GW240828_102340,0.0,0,,43.5897000006662
ensemble@512,baseline+c2psa,0,GW240830_211120-v1-H1-qscan,GW240830_211120,0.0,0,,45.0198000007731
ensemble@512,baseline+c2psa,0,GW240830_211120-v1-L1-qscan,GW240830_211120,0.315684050321579,1,0.31568405,51.17200000086086
ensemble@512,baseline+c2psa,0,GW240830_211120-v1-V1-qscan,GW240830_211120,0.0,0,,49.064999999700376
ensemble@512,baseline+c2psa,0,GW240901_195332-v1-H1-qscan,GW240901_195332,0.0,0,,43.99740000008023
ensemble@512,baseline+c2psa,0,GW240901_195332-v1-L1-qscan,GW240901_195332,0.0,0,,45.324100000470935
ensemble@512,baseline+c2psa,0,GW240901_195332-v1-V1-qscan,GW240901_195332,0.029483875259757042,1,0.02948388,43.875699999716744
ensemble@512,baseline+c2psa,0,GW240902_143306-v1-H1-qscan,GW240902_143306,0.8234328031539917,1,0.82343280,43.71980000041731
ensemble@512,baseline+c2psa,0,GW240902_143306-v1-L1-qscan,GW240902_143306,0.08116855472326279,1,0.08116855,48.24730000018462
ensemble@512,baseline+c2psa,0,GW240902_143306-v1-V1-qscan,GW240902_143306,0.3639509081840515,1,0.36395091,51.93829999961963
ensemble@512,baseline+c2psa,0,GW240907_092521-v1-H1-qscan,GW240907_092521,0.590106725692749,1,0.59010673,50.583000000187894
ensemble@512,baseline+c2psa,0,GW240907_092521-v1-L1-qscan,GW240907_092521,0.0,0,,54.40880000105608
ensemble@512,baseline+c2psa,0,GW240907_092521-v1-V1-qscan,GW240907_092521,0.0,0,,46.652500000163855
ensemble@512,baseline+c2psa,0,GW240907_121650-v1-H1-qscan,GW240907_121650,0.013374664820730686,1,0.01337466,44.65299999992567
ensemble@512,baseline+c2psa,0,GW240907_121650-v1-L1-qscan,GW240907_121650,0.014024559408426285,1,0.01402456,61.41950000028373
ensemble@512,baseline+c2psa,0,GW240907_121650-v1-V1-qscan,GW240907_121650,0.17706570029258728,1,0.17706570,39.84269999955359
ensemble@512,baseline+c2psa,0,GW240907_153833-v1-H1-qscan,GW240907_153833,0.705518364906311,1,0.70551836,39.40059999968071
ensemble@512,baseline+c2psa,0,GW240907_153833-v1-L1-qscan,GW240907_153833,0.7067287564277649,1,0.70672876,43.411099999957514
ensemble@512,baseline+c2psa,0,GW240907_153833-v1-V1-qscan,GW240907_153833,0.42904505133628845,1,0.42904505,43.04060000049503
ensemble@512,baseline+c2psa,0,GW240908_082628-v1-H1-qscan,GW240908_082628,0.4038415551185608,1,0.40384156,42.92490000034377
ensemble@512,baseline+c2psa,0,GW240908_082628-v1-L1-qscan,GW240908_082628,0.857452929019928,1,0.85745293,45.96919999949023
ensemble@512,baseline+c2psa,0,GW240908_082628-v1-V1-qscan,GW240908_082628,0.07350613176822662,1,0.07350613,42.58479999998599
ensemble@512,baseline+c2psa,0,GW240908_125134-v1-H1-qscan,GW240908_125134,0.5516217350959778,1,0.55162174,44.5291999994879
ensemble@512,baseline+c2psa,0,GW240908_125134-v1-L1-qscan,GW240908_125134,0.05634571239352226,1,0.05634571,41.39840000016193
ensemble@512,baseline+c2psa,0,GW240908_125134-v1-V1-qscan,GW240908_125134,0.0,0,,42.11120000036317
ensemble@512,baseline+c2psa,0,GW240908_174149-v1-H1-qscan,GW240908_174149,0.0,0,,45.491600000332255
ensemble@512,baseline+c2psa,0,GW240908_174149-v1-L1-qscan,GW240908_174149,0.0,0,,44.73580000058064
ensemble@512,baseline+c2psa,0,GW240908_174149-v1-V1-qscan,GW240908_174149,0.0,0,,42.33539999950153
ensemble@512,baseline+c2psa,0,GW240910_103535-v1-H1-qscan,GW240910_103535,0.8693892359733582,1,0.86938924,40.02850000051694
ensemble@512,baseline+c2psa,0,GW240910_103535-v1-L1-qscan,GW240910_103535,0.20557531714439392,1,0.20557532,38.43939999978829
ensemble@512,baseline+c2psa,0,GW240913_111216-v1-H1-qscan,GW240913_111216,0.023052453994750977,1,0.02305245,40.18420000011247
ensemble@512,baseline+c2psa,0,GW240913_111216-v1-L1-qscan,GW240913_111216,0.0,0,,43.54359999933877
ensemble@512,baseline+c2psa,0,GW240913_111216-v1-V1-qscan,GW240913_111216,0.0,0,,46.94100000051549
ensemble@512,baseline+c2psa,0,GW240915_001357-v1-H1-qscan,GW240915_001357,0.28216519951820374,1,0.28216520,49.01670000072045
ensemble@512,baseline+c2psa,0,GW240915_001357-v1-L1-qscan,GW240915_001357,0.9133065342903137,1,0.91330653,45.16990000001897
ensemble@512,baseline+c2psa,0,GW240915_001357-v1-V1-qscan,GW240915_001357,0.0,0,,42.27249999985361
ensemble@512,baseline+c2psa,0,GW240915_045510-v1-H1-qscan,GW240915_045510,0.8380860090255737,1,0.83808601,45.147699999688484
ensemble@512,baseline+c2psa,0,GW240915_045510-v1-L1-qscan,GW240915_045510,0.0,0,,43.722299999899406
ensemble@512,baseline+c2psa,0,GW240915_045510-v1-V1-qscan,GW240915_045510,0.7780028581619263,1,0.77800286,46.452700000372715
ensemble@512,baseline+c2psa,0,GW240915_105151-v1-H1-qscan,GW240915_105151,0.7891892194747925,1,0.78918922,45.86559999961537
ensemble@512,baseline+c2psa,0,GW240915_105151-v1-V1-qscan,GW240915_105151,0.0,0,,45.84640000030049
ensemble@512,baseline+c2psa,0,GW240916_184352-v1-H1-qscan,GW240916_184352,0.0,0,,43.18979999970907
ensemble@512,baseline+c2psa,0,GW240916_184352-v1-L1-qscan,GW240916_184352,0.0,0,,43.01840000016455
ensemble@512,baseline+c2psa,0,GW240916_184352-v1-V1-qscan,GW240916_184352,0.03277011960744858,1,0.03277012,43.22300000012547
ensemble@512,baseline+c2psa,0,GW240917_130237-v1-H1-qscan,GW240917_130237,0.0,0,,44.00859999987006
ensemble@512,baseline+c2psa,0,GW240917_130237-v1-L1-qscan,GW240917_130237,0.0,0,,46.36879999907251
ensemble@512,baseline+c2psa,0,GW240919_061559-v1-H1-qscan,GW240919_061559,0.9341406226158142,1,0.93414062,38.47029999997176
ensemble@512,baseline+c2psa,0,GW240919_061559-v1-L1-qscan,GW240919_061559,0.734368622303009,1,0.73436862,45.30089999980191
ensemble@512,baseline+c2psa,0,GW240919_061559-v1-V1-qscan,GW240919_061559,0.9359680414199829,1,0.93596804,46.225000000504224
ensemble@512,baseline+c2psa,0,GW240919_215453-v1-H1-qscan,GW240919_215453,0.0,0,,47.10419999992155
ensemble@512,baseline+c2psa,0,GW240919_215453-v1-L1-qscan,GW240919_215453,0.9053340554237366,1,0.90533406,43.231699999978446
ensemble@512,baseline+c2psa,0,GW240919_215453-v1-V1-qscan,GW240919_215453,0.0,0,,46.65010000053371
ensemble@512,baseline+c2psa,0,GW240920_073424-v1-H1-qscan,GW240920_073424,0.8181488513946533,1,0.81814885,40.256600000248
ensemble@512,baseline+c2psa,0,GW240920_073424-v1-L1-qscan,GW240920_073424,0.49030032753944397,1,0.49030033,37.21090000044569
ensemble@512,baseline+c2psa,0,GW240920_073424-v1-V1-qscan,GW240920_073424,0.0,0,,40.719300000546355
ensemble@512,baseline+c2psa,0,GW240920_124024-v1-H1-qscan,GW240920_124024,0.9182586669921875,1,0.91825867,41.882799999712006
ensemble@512,baseline+c2psa,0,GW240920_124024-v1-L1-qscan,GW240920_124024,0.9357802271842957,1,0.93578023,42.99230000060561
ensemble@512,baseline+c2psa,0,GW240921_201835-v1-L1-qscan,GW240921_201835,0.741856575012207,1,0.74185658,45.76479999923322
ensemble@512,baseline+c2psa,0,GW240921_201835-v1-V1-qscan,GW240921_201835,0.0,0,,40.51049999998213
ensemble@512,baseline+c2psa,0,GW240923_000715-v1-H1-qscan,GW240923_000715,0.0,0,,43.86519999934535
ensemble@512,baseline+c2psa,0,GW240923_000715-v1-L1-qscan,GW240923_000715,0.0,0,,44.113500000094064
ensemble@512,baseline+c2psa,0,GW240923_000715-v1-V1-qscan,GW240923_000715,0.011837436817586422,1,0.01183744,47.46410000052492
ensemble@512,baseline+c2psa,0,GW240923_110846-v1-H1-qscan,GW240923_110846,0.7275593876838684,1,0.72755939,44.30839999986347
ensemble@512,baseline+c2psa,0,GW240923_204006-v1-H1-qscan,GW240923_204006,0.6794514656066895,1,0.67945147,47.216499999649386
ensemble@512,baseline+c2psa,0,GW240923_204006-v1-L1-qscan,GW240923_204006,0.9100292921066284,1,0.91002929,40.75770000054035
ensemble@512,baseline+c2psa,0,GW240924_000316-v1-H1-qscan,GW240924_000316,0.45446574687957764,1,0.45446575,39.529399999992165
ensemble@512,baseline+c2psa,0,GW240924_000316-v1-L1-qscan,GW240924_000316,0.28995388746261597,1,0.28995389,39.28410000025906
ensemble@512,baseline+c2psa,0,GW240924_000316-v1-V1-qscan,GW240924_000316,0.0,0,,41.50039999967703
ensemble@512,baseline+c2psa,0,GW240925_000956-v1-H1-qscan,GW240925_000956,0.0,0,,41.987999999946624
ensemble@512,baseline+c2psa,0,GW240925_000956-v1-L1-qscan,GW240925_000956,0.0,0,,42.6259999994727
ensemble@512,baseline+c2psa,0,GW240925_000956-v1-V1-qscan,GW240925_000956,0.05545888468623161,1,0.05545888,41.465599999810365
ensemble@512,baseline+c2psa,0,GW240925_005809-v2-H1-qscan,GW240925_005809,0.8586735129356384,1,0.85867351,44.22610000074201
ensemble@512,baseline+c2psa,0,GW240925_005809-v2-L1-qscan,GW240925_005809,0.9412193298339844,1,0.94121933,41.47190000048795
ensemble@512,baseline+c2psa,0,GW240925_005809-v2-V1-qscan,GW240925_005809,0.0,0,,46.805099999801314
ensemble@512,baseline+c2psa,0,GW240930_035959-v1-H1-qscan,GW240930_035959,0.8857408761978149,1,0.88574088,40.363400000842375
ensemble@512,baseline+c2psa,0,GW240930_035959-v1-L1-qscan,GW240930_035959,0.5040557980537415,1,0.50405580,44.33430000062799
ensemble@512,baseline+c2psa,0,GW240930_035959-v1-V1-qscan,GW240930_035959,0.0,0,,44.15430000017295
ensemble@512,baseline+c2psa,0,GW240930_123408-v1-H1-qscan,GW240930_123408,0.7149982452392578,1,0.71499825,44.368500000018685
ensemble@512,baseline+c2psa,0,GW240930_123408-v1-L1-qscan,GW240930_123408,0.0,0,,45.44689999966067
ensemble@512,baseline+c2psa,0,GW240930_123408-v1-V1-qscan,GW240930_123408,0.0,0,,41.474099999959435
ensemble@512,baseline+c2psa,0,GW240930_234614-v1-H1-qscan,GW240930_234614,0.0,0,,39.7026000000551
ensemble@512,baseline+c2psa,0,GW240930_234614-v1-L1-qscan,GW240930_234614,0.7218288779258728,1,0.72182888,37.862500000301225
ensemble@512,baseline+c2psa,0,GW240930_234614-v1-V1-qscan,GW240930_234614,0.0,0,,40.46569999991334
ensemble@512,baseline+c2psa,0,GW241002_030559-v1-L1-qscan,GW241002_030559,0.5776153206825256,1,0.57761532,41.25620000013441
ensemble@512,baseline+c2psa,0,GW241002_030559-v1-V1-qscan,GW241002_030559,0.04070410504937172,1,0.04070411,43.47020000022894
ensemble@512,baseline+c2psa,0,GW241006_015333-v1-H1-qscan,GW241006_015333,0.777026355266571,1,0.77702636,45.076999999764666
ensemble@512,baseline+c2psa,0,GW241006_015333-v1-L1-qscan,GW241006_015333,0.8098680973052979,1,0.80986810,41.83320000038293
ensemble@512,baseline+c2psa,0,GW241006_015333-v1-V1-qscan,GW241006_015333,0.02235926128923893,1,0.02235926,44.3371000001207
ensemble@512,baseline+c2psa,0,GW241007_082943-v1-H1-qscan,GW241007_082943,0.815995454788208,1,0.81599545,43.15610000003289
ensemble@512,baseline+c2psa,0,GW241007_082943-v1-L1-qscan,GW241007_082943,0.0,0,,42.85010000012335
ensemble@512,baseline+c2psa,0,GW241007_082943-v1-V1-qscan,GW241007_082943,0.0,0,,41.48910000003525
ensemble@512,baseline+c2psa,0,GW241009_022835-v1-H1-qscan,GW241009_022835,0.0,0,,54.106400000364374
ensemble@512,baseline+c2psa,0,GW241009_022835-v1-L1-qscan,GW241009_022835,0.7682127952575684,1,0.76821280,41.906299999482144
ensemble@512,baseline+c2psa,0,GW241009_022835-v1-V1-qscan,GW241009_022835,0.0,0,,42.0233000004373
ensemble@512,baseline+c2psa,0,GW241009_084816-v1-H1-qscan,GW241009_084816,0.8485941886901855,1,0.84859419,40.958300000056624
ensemble@512,baseline+c2psa,0,GW241009_084816-v1-L1-qscan,GW241009_084816,0.07739067077636719,1,0.07739067,42.992299999696115
ensemble@512,baseline+c2psa,0,GW241009_084816-v1-V1-qscan,GW241009_084816,0.0,0,,44.20269999991433
ensemble@512,baseline+c2psa,0,GW241009_220455-v1-H1-qscan,GW241009_220455,0.8058573007583618,1,0.80585730,37.977399999363115
ensemble@512,baseline+c2psa,0,GW241009_220455-v1-L1-qscan,GW241009_220455,0.12641502916812897,1,0.12641503,37.79779999968014
ensemble@512,baseline+c2psa,0,GW241009_220455-v1-V1-qscan,GW241009_220455,0.46620607376098633,1,0.46620607,40.55329999937385
ensemble@512,baseline+c2psa,0,GW241011_233834-v2-H1-qscan,GW241011_233834,0.9514802098274231,1,0.95148021,41.97490000024118
ensemble@512,baseline+c2psa,0,GW241011_233834-v2-V1-qscan,GW241011_233834,0.3397289216518402,1,0.33972892,43.1549999998424
ensemble@512,baseline+c2psa,0,GW241018_235402-v1-H1-qscan,GW241018_235402,0.8283866047859192,1,0.82838660,45.24149999997462
ensemble@512,baseline+c2psa,0,GW241018_235402-v1-V1-qscan,GW241018_235402,0.0,0,,42.34809999979916
ensemble@512,baseline+c2psa,0,GW241101_034726-v1-H1-qscan,GW241101_034726,0.0,0,,41.3325999998051
ensemble@512,baseline+c2psa,0,GW241101_034726-v1-L1-qscan,GW241101_034726,0.034332532435655594,1,0.03433253,38.50110000030327
ensemble@512,baseline+c2psa,0,GW241101_034726-v1-V1-qscan,GW241101_034726,0.07693696022033691,1,0.07693696,40.64139999991312
ensemble@512,baseline+c2psa,0,GW241101_220523-v1-L1-qscan,GW241101_220523,0.6376779675483704,1,0.63767797,36.690599999474216
ensemble@512,baseline+c2psa,0,GW241101_220523-v1-V1-qscan,GW241101_220523,0.0,0,,38.83749999977226
ensemble@512,baseline+c2psa,0,GW241102_124058-v1-H1-qscan,GW241102_124058,0.8135547041893005,1,0.81355470,40.86600000027829
ensemble@512,baseline+c2psa,0,GW241102_124058-v1-L1-qscan,GW241102_124058,0.810748279094696,1,0.81074828,43.56790000019828
ensemble@512,baseline+c2psa,0,GW241102_124058-v1-V1-qscan,GW241102_124058,0.0,0,,42.44710000011764
ensemble@512,baseline+c2psa,0,GW241102_144729-v1-H1-qscan,GW241102_144729,0.7550983428955078,1,0.75509834,44.841700000688434
ensemble@512,baseline+c2psa,0,GW241102_144729-v1-L1-qscan,GW241102_144729,0.9050049185752869,1,0.90500492,39.83559999960562
ensemble@512,baseline+c2psa,0,GW241102_144729-v1-V1-qscan,GW241102_144729,0.0,0,,38.133099999868136
ensemble@512,baseline+c2psa,0,GW241106_110932-v1-H1-qscan,GW241106_110932,0.0,0,,35.99259999964488
ensemble@512,baseline+c2psa,0,GW241106_110932-v1-L1-qscan,GW241106_110932,0.012013665400445461,1,0.01201367,40.536900000006426
ensemble@512,baseline+c2psa,0,GW241106_110932-v1-V1-qscan,GW241106_110932,0.0,0,,50.57700000043042
ensemble@512,baseline+c2psa,0,GW241109_005349-v1-H1-qscan,GW241109_005349,0.0,0,,45.33659999970041
ensemble@512,baseline+c2psa,0,GW241109_005349-v1-L1-qscan,GW241109_005349,0.0,0,,40.78830000025846
ensemble@512,baseline+c2psa,0,GW241109_033317-v1-L1-qscan,GW241109_033317,0.7756523489952087,1,0.77565235,39.7332000006827
ensemble@512,baseline+c2psa,0,GW241109_033317-v1-V1-qscan,GW241109_033317,0.0,0,,37.59260000015274
ensemble@512,baseline+c2psa,0,GW241109_115924-v1-H1-qscan,GW241109_115924,0.7720065712928772,1,0.77200657,39.5501999996668
ensemble@512,baseline+c2psa,0,GW241109_115924-v1-V1-qscan,GW241109_115924,0.0,0,,41.643800000201736
ensemble@512,baseline+c2psa,0,GW241110_124123-v2-H1-qscan,GW241110_124123,0.3446637988090515,1,0.34466380,42.728400000214606
ensemble@512,baseline+c2psa,0,GW241110_124123-v2-L1-qscan,GW241110_124123,0.19587339460849762,1,0.19587339,40.952300000753894
ensemble@512,baseline+c2psa,0,GW241110_124123-v2-V1-qscan,GW241110_124123,0.05131792277097702,1,0.05131792,51.323600000159786
ensemble@512,baseline+c2psa,0,GW241111_111552-v1-H1-qscan,GW241111_111552,0.8875761032104492,1,0.88757610,44.21490000049744
ensemble@512,baseline+c2psa,0,GW241111_111552-v1-L1-qscan,GW241111_111552,0.01934335194528103,1,0.01934335,43.90570000032312
ensemble@512,baseline+c2psa,0,GW241113_163507-v1-L1-qscan,GW241113_163507,0.6734919548034668,1,0.67349195,43.93599999957587
ensemble@512,baseline+c2psa,0,GW241113_163507-v1-V1-qscan,GW241113_163507,0.0,0,,43.62489999994068
ensemble@512,baseline+c2psa,0,GW241114_024711-v1-H1-qscan,GW241114_024711,0.7775155305862427,1,0.77751553,41.50329999947644
ensemble@512,baseline+c2psa,0,GW241114_024711-v1-L1-qscan,GW241114_024711,0.17446568608283997,1,0.17446569,37.01599999976679
ensemble@512,baseline+c2psa,0,GW241114_024711-v1-V1-qscan,GW241114_024711,0.0,0,,37.10759999967195
ensemble@512,baseline+c2psa,0,GW241114_235258-v1-L1-qscan,GW241114_235258,0.0179134514182806,1,0.01791345,52.99930000001041
ensemble@512,baseline+c2psa,0,GW241114_235258-v1-V1-qscan,GW241114_235258,0.0,0,,41.06919999958336
ensemble@512,baseline+c2psa,0,GW241116_151753-v1-H1-qscan,GW241116_151753,0.16935965418815613,1,0.16935965,43.27119999970819
ensemble@512,baseline+c2psa,0,GW241116_151753-v1-L1-qscan,GW241116_151753,0.148173525929451,1,0.14817353,49.904200000128185
ensemble@512,baseline+c2psa,0,GW241116_151753-v1-V1-qscan,GW241116_151753,0.0,0,,51.30260000032649
ensemble@512,baseline+c2psa,0,GW241124_024914-v1-H1-qscan,GW241124_024914,0.9237245917320251,1,0.92372459,45.54210000014791
ensemble@512,baseline+c2psa,0,GW241124_024914-v1-L1-qscan,GW241124_024914,0.4042986333370209,1,0.40429863,43.78519999954733
ensemble@512,baseline+c2psa,0,GW241124_024914-v1-V1-qscan,GW241124_024914,0.0,0,,36.05089999973643
ensemble@512,baseline+c2psa,0,GW241125_010116-v1-H1-qscan,GW241125_010116,0.05224315822124481,1,0.05224316,37.43600000052538
ensemble@512,baseline+c2psa,0,GW241125_010116-v1-L1-qscan,GW241125_010116,0.7981618642807007,1,0.79816186,37.763499999527994
ensemble@512,baseline+c2psa,0,GW241125_010116-v1-V1-qscan,GW241125_010116,0.0,0,,43.77470000054018
ensemble@512,baseline+c2psa,0,GW241127_061008-v1-H1-qscan,GW241127_061008,0.9437118172645569,1,0.94371182,46.20980000026975
ensemble@512,baseline+c2psa,0,GW241127_061008-v1-L1-qscan,GW241127_061008,0.9193047285079956,1,0.91930473,40.773499999431806
ensemble@512,baseline+c2psa,0,GW241127_061008-v1-V1-qscan,GW241127_061008,0.0,0,,42.086400000243884
ensemble@512,baseline+c2psa,0,GW241129_021832-v1-H1-qscan,GW241129_021832,0.44648477435112,1,0.44648477,42.743899999550194
ensemble@512,baseline+c2psa,0,GW241129_021832-v1-L1-qscan,GW241129_021832,0.8535921573638916,1,0.85359216,42.13729999992211
ensemble@512,baseline+c2psa,0,GW241129_021832-v1-V1-qscan,GW241129_021832,0.0,0,,43.14520000025368
ensemble@512,baseline+c2psa,0,GW241129_140416-v1-H1-qscan,GW241129_140416,0.0,0,,41.401500000119995
ensemble@512,baseline+c2psa,0,GW241129_140416-v1-L1-qscan,GW241129_140416,0.025727059692144394,1,0.02572706,36.62819999999556
ensemble@512,baseline+c2psa,0,GW241130_034908-v1-H1-qscan,GW241130_034908,0.6598278880119324,1,0.65982789,42.47080000004644
ensemble@512,baseline+c2psa,0,GW241130_034908-v1-L1-qscan,GW241130_034908,0.6408812999725342,1,0.64088130,56.05810000042766
ensemble@512,baseline+c2psa,0,GW241130_034908-v1-V1-qscan,GW241130_034908,0.0,0,,41.17980000000898
ensemble@512,baseline+c2psa,0,GW241130_110422-v1-H1-qscan,GW241130_110422,0.157182514667511,1,0.15718251,42.07110000015746
ensemble@512,baseline+c2psa,0,GW241130_110422-v1-L1-qscan,GW241130_110422,0.0,0,,45.54529999995793
ensemble@512,baseline+c2psa,0,GW241130_110422-v1-V1-qscan,GW241130_110422,0.0,0,,43.04789999969216
ensemble@512,baseline+c2psa,0,GW241201_055758-v1-H1-qscan,GW241201_055758,0.9012033343315125,1,0.90120333,35.52880000006553
ensemble@512,baseline+c2psa,0,GW241201_055758-v1-L1-qscan,GW241201_055758,0.0,0,,37.68060000084006
ensemble@512,baseline+c2psa,0,GW241201_055758-v1-V1-qscan,GW241201_055758,0.0,0,,43.75200000049517
ensemble@512,baseline+c2psa,0,GW241201_142737-v1-H1-qscan,GW241201_142737,0.46729567646980286,1,0.46729568,43.62529999980325
ensemble@512,baseline+c2psa,0,GW241201_142737-v1-L1-qscan,GW241201_142737,0.05466288700699806,1,0.05466289,42.55550000016228
ensemble@512,baseline+c2psa,0,GW241201_142737-v1-V1-qscan,GW241201_142737,0.4969213008880615,1,0.49692130,42.942000000039116
ensemble@512,baseline+c2psa,0,GW241210_023335-v1-H1-qscan,GW241210_023335,0.0,0,,49.06669999991209
ensemble@512,baseline+c2psa,0,GW241210_023335-v1-L1-qscan,GW241210_023335,0.17167159914970398,1,0.17167160,41.63420000077167
ensemble@512,baseline+c2psa,0,GW241210_060606-v1-H1-qscan,GW241210_060606,0.3381354808807373,1,0.33813548,42.189000000234955
ensemble@512,baseline+c2psa,0,GW241210_060606-v1-L1-qscan,GW241210_060606,0.38933178782463074,1,0.38933179,55.05220000031841
ensemble@512,baseline+c2psa,0,GW241210_060606-v1-V1-qscan,GW241210_060606,0.047160904854536057,1,0.04716090,54.701200000181416
ensemble@512,baseline+c2psa,0,GW241210_120900-v1-H1-qscan,GW241210_120900,0.0,0,,38.5879999998906
ensemble@512,baseline+c2psa,0,GW241210_120900-v1-L1-qscan,GW241210_120900,0.9396822452545166,1,0.93968225,37.78149999970992
ensemble@512,baseline+c2psa,0,GW241219_222607-v1-H1-qscan,GW241219_222607,0.019225824624300003,1,0.01922582,41.12199999963195
ensemble@512,baseline+c2psa,0,GW241219_222607-v1-L1-qscan,GW241219_222607,0.0,0,,44.82340000004115
ensemble@512,baseline+c2psa,0,GW241220_062146-v1-H1-qscan,GW241220_062146,0.0,0,,45.486300000447955
ensemble@512,baseline+c2psa,0,GW241220_062146-v1-L1-qscan,GW241220_062146,0.010307317599654198,1,0.01030732,41.217999999389576
ensemble@512,baseline+c2psa,0,GW241225_042553-v1-L1-qscan,GW241225_042553,0.8899532556533813,1,0.88995326,42.313199999625795
ensemble@512,baseline+c2psa,0,GW241225_042553-v1-V1-qscan,GW241225_042553,0.015280022285878658,1,0.01528002,42.06139999996594
ensemble@512,baseline+c2psa,0,GW241225_082815-v1-H1-qscan,GW241225_082815,0.2527778744697571,1,0.25277787,44.67609999983324
ensemble@512,baseline+c2psa,0,GW241225_082815-v1-L1-qscan,GW241225_082815,0.9148963689804077,1,0.91489637,44.44959999955245
ensemble@512,baseline+c2psa,0,GW241229_155844-v1-H1-qscan,GW241229_155844,0.916167140007019,1,0.91616714,42.03060000054393
ensemble@512,baseline+c2psa,0,GW241229_155844-v1-L1-qscan,GW241229_155844,0.0,0,,43.58899999988353
ensemble@512,baseline+c2psa,0,GW241229_155844-v1-V1-qscan,GW241229_155844,0.0,0,,46.027099999264465
ensemble@512,baseline+c2psa,0,GW241230_084504-v1-L1-qscan,GW241230_084504,0.2920842170715332,1,0.29208422,45.85410000026968
ensemble@512,baseline+c2psa,0,GW241230_084504-v1-V1-qscan,GW241230_084504,0.0,0,,46.02459999978237
ensemble@512,baseline+c2psa,0,GW241230_233618-v1-H1-qscan,GW241230_233618,0.0,0,,41.14010000012058
ensemble@512,baseline+c2psa,0,GW241230_233618-v1-L1-qscan,GW241230_233618,0.6868321299552917,1,0.68683213,45.809400000507594
ensemble@512,baseline+c2psa,0,GW241230_233618-v1-V1-qscan,GW241230_233618,0.0,0,,43.35879999962344
ensemble@512,baseline+c2psa,0,GW241231_054133-v1-H1-qscan,GW241231_054133,0.8908442258834839,1,0.89084423,47.09010000033231
ensemble@512,baseline+c2psa,0,GW241231_054133-v1-L1-qscan,GW241231_054133,0.3972058892250061,1,0.39720589,38.970899999640096
ensemble@512,baseline+c2psa,0,GW241231_054133-v1-V1-qscan,GW241231_054133,0.0,0,,55.1167999997233
ensemble@512,baseline+c2psa,0,GW250101_011205-v1-H1-qscan,GW250101_011205,0.33962494134902954,1,0.33962494,46.26180000059321
ensemble@512,baseline+c2psa,0,GW250101_011205-v1-L1-qscan,GW250101_011205,0.62245112657547,1,0.62245113,42.00540000010733
ensemble@512,baseline+c2psa,0,GW250101_011205-v1-V1-qscan,GW250101_011205,0.0,0,,42.0974000003298
ensemble@512,baseline+c2psa,0,GW250104_015122-v1-H1-qscan,GW250104_015122,0.8864479064941406,1,0.88644791,46.369800000775285
ensemble@512,baseline+c2psa,0,GW250104_015122-v1-L1-qscan,GW250104_015122,0.2704269587993622,1,0.27042696,41.942299999846
ensemble@512,baseline+c2psa,0,GW250104_015122-v1-V1-qscan,GW250104_015122,0.0,0,,41.31269999970755
ensemble@512,baseline+c2psa,0,GW250105_134047-v1-H1-qscan,GW250105_134047,0.0,0,,42.64839999996184
ensemble@512,baseline+c2psa,0,GW250105_134047-v1-L1-qscan,GW250105_134047,0.0,0,,47.342800000478746
ensemble@512,baseline+c2psa,0,GW250105_134047-v1-V1-qscan,GW250105_134047,0.0,0,,43.74560000042038
ensemble@512,baseline+c2psa,0,GW250108_152221-v1-H1-qscan,GW250108_152221,0.9133453965187073,1,0.91334540,41.506699999899865
ensemble@512,baseline+c2psa,0,GW250108_152221-v1-L1-qscan,GW250108_152221,0.95787113904953,1,0.95787114,44.22869999962131
ensemble@512,baseline+c2psa,0,GW250108_152221-v1-V1-qscan,GW250108_152221,0.048651229590177536,1,0.04865123,41.865799999868614
ensemble@512,baseline+c2psa,0,GW250109_010541-v1-H1-qscan,GW250109_010541,0.5703837871551514,1,0.57038379,42.787699999735196
ensemble@512,baseline+c2psa,0,GW250109_010541-v1-L1-qscan,GW250109_010541,0.9520388841629028,1,0.95203888,42.763599999943835
ensemble@512,baseline+c2psa,0,GW250109_010541-v1-V1-qscan,GW250109_010541,0.5660642981529236,1,0.56606430,41.11779999993814
ensemble@512,baseline+c2psa,0,GW250109_074552-v1-H1-qscan,GW250109_074552,0.809053361415863,1,0.80905336,42.91730000068128
ensemble@512,baseline+c2psa,0,GW250109_074552-v1-V1-qscan,GW250109_074552,0.0,0,,44.8458999999275
ensemble@512,baseline+c2psa,0,GW250109_083206-v1-H1-qscan,GW250109_083206,0.8999500274658203,1,0.89995003,41.81949999929202
ensemble@512,baseline+c2psa,0,GW250109_083206-v1-V1-qscan,GW250109_083206,0.0,0,,38.208099999792466
ensemble@512,baseline+c2psa,0,GW250114_082203-v2-H1-qscan,GW250114_082203,0.7544291615486145,1,0.75442916,42.023599999993166
ensemble@512,baseline+c2psa,0,GW250114_082203-v2-L1-qscan,GW250114_082203,0.9198078513145447,1,0.91980785,43.25890000018262
ensemble@512,baseline+c2psa,0,GW250116_015318-v1-H1-qscan,GW250116_015318,0.7061092853546143,1,0.70610929,50.04149999967922
ensemble@512,baseline+c2psa,0,GW250116_015318-v1-L1-qscan,GW250116_015318,0.0,0,,43.46830000031332
ensemble@512,baseline+c2psa,0,GW250116_015318-v1-V1-qscan,GW250116_015318,0.0,0,,48.21490000040285
ensemble@512,baseline+c2psa,0,GW250116_051426-v1-H1-qscan,GW250116_051426,0.0,0,,44.708299999911105
ensemble@512,baseline+c2psa,0,GW250116_051426-v1-L1-qscan,GW250116_051426,0.0,0,,40.97390000015366
ensemble@512,baseline+c2psa,0,GW250118_023225-v1-H1-qscan,GW250118_023225,0.41467219591140747,1,0.41467220,41.114200000265555
ensemble@512,baseline+c2psa,0,GW250118_023225-v1-L1-qscan,GW250118_023225,0.4864571988582611,1,0.48645720,38.72139999975843
ensemble@512,baseline+c2psa,0,GW250118_023225-v1-V1-qscan,GW250118_023225,0.0,0,,41.1802999997235
ensemble@512,baseline+c2psa,0,GW250118_055802-v1-H1-qscan,GW250118_055802,0.5206036567687988,1,0.52060366,41.89760000053866
ensemble@512,baseline+c2psa,0,GW250118_055802-v1-L1-qscan,GW250118_055802,0.018247071653604507,1,0.01824707,42.880500000137545
ensemble@512,baseline+c2psa,0,GW250118_055802-v1-V1-qscan,GW250118_055802,0.0,0,,42.16570000016873
ensemble@512,baseline+c2psa,0,GW250118_170523-v1-H1-qscan,GW250118_170523,0.8621302843093872,1,0.86213028,42.11510000004637
ensemble@512,baseline+c2psa,0,GW250118_170523-v1-L1-qscan,GW250118_170523,0.9641051888465881,1,0.96410519,43.393899999955465
ensemble@512,baseline+c2psa,0,GW250119_025138-v1-H1-qscan,GW250119_025138,0.8566750288009644,1,0.85667503,43.504500000381086
ensemble@512,baseline+c2psa,0,GW250119_025138-v1-L1-qscan,GW250119_025138,0.4766205847263336,1,0.47662058,45.321399999920686
ensemble@512,baseline+c2psa,0,GW250119_025138-v1-V1-qscan,GW250119_025138,0.2506072223186493,1,0.25060722,39.63830000020607
ensemble@512,baseline+c2psa,0,GW250119_190238-v1-H1-qscan,GW250119_190238,0.7364003658294678,1,0.73640037,37.70389999999679
ensemble@512,baseline+c2psa,0,GW250119_190238-v1-L1-qscan,GW250119_190238,0.5258694887161255,1,0.52586949,36.89319999966756
ensemble@512,baseline+c2psa,0,GW250119_190238-v1-V1-qscan,GW250119_190238,0.0,0,,41.88779999913095
ensemble@512,baseline+c2psa,0,GW250120_042414-v1-H1-qscan,GW250120_042414,0.014877976849675179,1,0.01487798,43.15140000062456
ensemble@512,baseline+c2psa,0,GW250120_042414-v1-L1-qscan,GW250120_042414,0.0,0,,45.34120000062103
ensemble@512,baseline+c2psa,0,GW250120_042414-v1-V1-qscan,GW250120_042414,0.0,0,,44.91420000022117
ensemble@640,baseline+c2psa,0,GW240406_062847-v1-H1-qscan,GW240406_062847,0.0,0,,66.70549999989817
ensemble@640,baseline+c2psa,0,GW240406_062847-v1-L1-qscan,GW240406_062847,0.0,0,,64.5306000005803
ensemble@640,baseline+c2psa,0,GW240407_040938-v1-H1-qscan,GW240407_040938,0.39212766289711,1,0.39212766,68.84469999977227
ensemble@640,baseline+c2psa,0,GW240407_040938-v1-L1-qscan,GW240407_040938,0.0,0,,62.67299999990428
ensemble@640,baseline+c2psa,0,GW240407_040938-v1-V1-qscan,GW240407_040938,0.05626882612705231,1,0.05626883,62.80520000018441
ensemble@640,baseline+c2psa,0,GW240407_061416-v1-H1-qscan,GW240407_061416,0.8127669095993042,1,0.81276691,65.36120000055234
ensemble@640,baseline+c2psa,0,GW240407_061416-v1-L1-qscan,GW240407_061416,0.019449617713689804,1,0.01944962,63.30640000032872
ensemble@640,baseline+c2psa,0,GW240407_061416-v1-V1-qscan,GW240407_061416,0.0,0,,63.73669999993581
ensemble@640,baseline+c2psa,0,GW240407_214946-v1-H1-qscan,GW240407_214946,0.0,0,,61.842699999488104
ensemble@640,baseline+c2psa,0,GW240407_214946-v1-L1-qscan,GW240407_214946,0.0,0,,68.3059999996658
ensemble@640,baseline+c2psa,0,GW240407_214946-v1-V1-qscan,GW240407_214946,0.0,0,,60.29360000002271
ensemble@640,baseline+c2psa,0,GW240408_081753-v1-H1-qscan,GW240408_081753,0.0,0,,61.38810000038575
ensemble@640,baseline+c2psa,0,GW240408_081753-v1-L1-qscan,GW240408_081753,0.0,0,,63.37450000091849
ensemble@640,baseline+c2psa,0,GW240411_074140-v1-H1-qscan,GW240411_074140,0.022337883710861206,1,0.02233788,65.12720000091576
ensemble@640,baseline+c2psa,0,GW240411_074140-v1-L1-qscan,GW240411_074140,0.11943181604146957,1,0.11943182,64.49799999973038
ensemble@640,baseline+c2psa,0,GW240413_022019-v1-H1-qscan,GW240413_022019,0.0,0,,64.51990000005026
ensemble@640,baseline+c2psa,0,GW240413_022019-v1-L1-qscan,GW240413_022019,0.7700248956680298,1,0.77002490,68.40910000028089
ensemble@640,baseline+c2psa,0,GW240413_022019-v1-V1-qscan,GW240413_022019,0.0,0,,64.19839999989563
ensemble@640,baseline+c2psa,0,GW240414_054515-v1-H1-qscan,GW240414_054515,0.4820203483104706,1,0.48202035,68.39630000058605
ensemble@640,baseline+c2psa,0,GW240414_054515-v1-V1-qscan,GW240414_054515,0.049437180161476135,1,0.04943718,64.99990000020262
ensemble@640,baseline+c2psa,0,GW240419_041206-v1-H1-qscan,GW240419_041206,0.07479721307754517,1,0.07479721,70.76750000078391
ensemble@640,baseline+c2psa,0,GW240419_041206-v1-L1-qscan,GW240419_041206,0.011700313538312912,1,0.01170031,64.67550000024858
ensemble@640,baseline+c2psa,0,GW240419_041206-v1-V1-qscan,GW240419_041206,0.026320796459913254,1,0.02632080,68.61529999923732
ensemble@640,baseline+c2psa,0,GW240420_175625-v1-H1-qscan,GW240420_175625,0.6201156973838806,1,0.62011570,63.705100000333914
ensemble@640,baseline+c2psa,0,GW240421_052935-v1-H1-qscan,GW240421_052935,0.24630452692508698,1,0.24630453,67.38050000012663
ensemble@640,baseline+c2psa,0,GW240421_052935-v1-L1-qscan,GW240421_052935,0.0,0,,63.36319999991247
ensemble@640,baseline+c2psa,0,GW240421_052935-v1-V1-qscan,GW240421_052935,0.0,0,,66.87420000071143
ensemble@640,baseline+c2psa,0,GW240426_031451-v1-H1-qscan,GW240426_031451,0.1131533607840538,1,0.11315336,63.21650000018053
ensemble@640,baseline+c2psa,0,GW240426_031451-v1-L1-qscan,GW240426_031451,0.7827547192573547,1,0.78275472,66.55339999997523
ensemble@640,baseline+c2psa,0,GW240426_085802-v1-H1-qscan,GW240426_085802,0.3740732967853546,1,0.37407330,62.05670000053942
ensemble@640,baseline+c2psa,0,GW240426_085802-v1-L1-qscan,GW240426_085802,0.0,0,,63.5283999999956
ensemble@640,baseline+c2psa,0,GW240426_085802-v1-V1-qscan,GW240426_085802,0.0155880656093359,1,0.01558807,59.58199999940916
ensemble@640,baseline+c2psa,0,GW240428_225440-v1-H1-qscan,GW240428_225440,0.8856828808784485,1,0.88568288,62.20290000055684
ensemble@640,baseline+c2psa,0,GW240428_225440-v1-V1-qscan,GW240428_225440,0.0,0,,61.60240000053818
ensemble@640,baseline+c2psa,0,GW240430_093517-v1-H1-qscan,GW240430_093517,0.0,0,,65.01280000020415
ensemble@640,baseline+c2psa,0,GW240430_093517-v1-L1-qscan,GW240430_093517,0.5249324440956116,1,0.52493244,67.21110000034969
ensemble@640,baseline+c2psa,0,GW240501_033534-v1-H1-qscan,GW240501_033534,0.9061710834503174,1,0.90617108,65.9949000000779
ensemble@640,baseline+c2psa,0,GW240501_033534-v1-L1-qscan,GW240501_033534,0.9134878516197205,1,0.91348785,68.24740000001839
ensemble@640,baseline+c2psa,0,GW240501_033534-v1-V1-qscan,GW240501_033534,0.0,0,,63.416099999813014
ensemble@640,baseline+c2psa,0,GW240505_133552-v1-H1-qscan,GW240505_133552,0.7641547322273254,1,0.76415473,69.71810000004552
ensemble@640,baseline+c2psa,0,GW240505_133552-v1-L1-qscan,GW240505_133552,0.5827630758285522,1,0.58276308,65.87160000026415
ensemble@640,baseline+c2psa,0,GW240505_133552-v1-V1-qscan,GW240505_133552,0.013921263627707958,1,0.01392126,66.96150000016132
ensemble@640,baseline+c2psa,0,GW240507_041632-v1-H1-qscan,GW240507_041632,0.27431073784828186,1,0.27431074,65.57959999963714
ensemble@640,baseline+c2psa,0,GW240507_041632-v1-L1-qscan,GW240507_041632,0.2494572252035141,1,0.24945723,68.75590000026932
ensemble@640,baseline+c2psa,0,GW240507_041632-v1-V1-qscan,GW240507_041632,0.0,0,,64.72979999989548
ensemble@640,baseline+c2psa,0,GW240509_102351-v1-H1-qscan,GW240509_102351,0.0,0,,68.37529999984326
ensemble@640,baseline+c2psa,0,GW240509_102351-v1-L1-qscan,GW240509_102351,0.015584992244839668,1,0.01558499,63.57460000026549
ensemble@640,baseline+c2psa,0,GW240509_102351-v1-V1-qscan,GW240509_102351,0.0,0,,69.0545999996175
ensemble@640,baseline+c2psa,0,GW240511_031507-v1-H1-qscan,GW240511_031507,0.7621601223945618,1,0.76216012,64.47830000024624
ensemble@640,baseline+c2psa,0,GW240511_031507-v1-L1-qscan,GW240511_031507,0.9351291656494141,1,0.93512917,69.56239999999525
ensemble@640,baseline+c2psa,0,GW240511_031507-v1-V1-qscan,GW240511_031507,0.056188683956861496,1,0.05618868,63.992400000188354
ensemble@640,baseline+c2psa,0,GW240512_024139-v1-H1-qscan,GW240512_024139,0.0,0,,69.06180000032691
ensemble@640,baseline+c2psa,0,GW240512_024139-v1-L1-qscan,GW240512_024139,0.6499437689781189,1,0.64994377,64.64189999951486
ensemble@640,baseline+c2psa,0,GW240512_024139-v1-V1-qscan,GW240512_024139,0.0,0,,67.28239999983998
ensemble@640,baseline+c2psa,0,GW240512_051606-v1-H1-qscan,GW240512_051606,0.09219799190759659,1,0.09219799,62.58730000081414
ensemble@640,baseline+c2psa,0,GW240512_051606-v1-L1-qscan,GW240512_051606,0.0,0,,64.66609999961292
ensemble@640,baseline+c2psa,0,GW240512_051606-v1-V1-qscan,GW240512_051606,0.0,0,,59.00190000011207
ensemble@640,baseline+c2psa,0,GW240513_183302-v1-H1-qscan,GW240513_183302,0.9126325249671936,1,0.91263252,59.916900000189344
ensemble@640,baseline+c2psa,0,GW240513_183302-v1-L1-qscan,GW240513_183302,0.8948011994361877,1,0.89480120,65.16470000042318
ensemble@640,baseline+c2psa,0,GW240513_183302-v1-V1-qscan,GW240513_183302,0.0,0,,65.26799999937793
ensemble@640,baseline+c2psa,0,GW240514_121713-v1-H1-qscan,GW240514_121713,0.8749019503593445,1,0.87490195,65.10130000106074
ensemble@640,baseline+c2psa,0,GW240514_121713-v1-L1-qscan,GW240514_121713,0.5930172204971313,1,0.59301722,65.61939999983224
ensemble@640,baseline+c2psa,0,GW240514_121713-v1-V1-qscan,GW240514_121713,0.0,0,,69.71379999959026
ensemble@640,baseline+c2psa,0,GW240515_005301-v1-H1-qscan,GW240515_005301,0.8699184656143188,1,0.86991847,64.87230000038835
ensemble@640,baseline+c2psa,0,GW240515_005301-v1-L1-qscan,GW240515_005301,0.7493606209754944,1,0.74936062,69.46629999993092
ensemble@640,baseline+c2psa,0,GW240515_005301-v1-V1-qscan,GW240515_005301,0.0,0,,65.42720000061308
ensemble@640,baseline+c2psa,0,GW240516_041939-v1-H1-qscan,GW240516_041939,0.0,0,,68.03869999930612
ensemble@640,baseline+c2psa,0,GW240516_041939-v1-L1-qscan,GW240516_041939,0.0,0,,64.01779999941937
ensemble@640,baseline+c2psa,0,GW240516_041939-v1-V1-qscan,GW240516_041939,0.0,0,,67.72059999912017
ensemble@640,baseline+c2psa,0,GW240519_012815-v1-L1-qscan,GW240519_012815,0.7875955700874329,1,0.78759557,63.46729999950185
ensemble@640,baseline+c2psa,0,GW240519_012815-v1-V1-qscan,GW240519_012815,0.8655955195426941,1,0.86559552,64.47259999958987
ensemble@640,baseline+c2psa,0,GW240520_213616-v1-H1-qscan,GW240520_213616,0.31691133975982666,1,0.31691134,64.44739999960802
ensemble@640,baseline+c2psa,0,GW240520_213616-v1-L1-qscan,GW240520_213616,0.03363749757409096,1,0.03363750,63.884800000323594
ensemble@640,baseline+c2psa,0,GW240520_213616-v1-V1-qscan,GW240520_213616,0.0,0,,64.44280000096114
ensemble@640,baseline+c2psa,0,GW240525_031210-v1-H1-qscan,GW240525_031210,0.7807340621948242,1,0.78073406,66.46610000052533
ensemble@640,baseline+c2psa,0,GW240525_031210-v1-L1-qscan,GW240525_031210,0.7777884602546692,1,0.77778846,62.05880000015895
ensemble@640,baseline+c2psa,0,GW240525_031210-v1-V1-qscan,GW240525_031210,0.0,0,,59.316199999557284
ensemble@640,baseline+c2psa,0,GW240525_201644-v1-H1-qscan,GW240525_201644,0.0,0,,65.20670000054452
ensemble@640,baseline+c2psa,0,GW240525_201644-v1-L1-qscan,GW240525_201644,0.0,0,,62.21480000112933
ensemble@640,baseline+c2psa,0,GW240525_201644-v1-V1-qscan,GW240525_201644,0.0,0,,64.12550000004558
ensemble@640,baseline+c2psa,0,GW240526_093944-v1-H1-qscan,GW240526_093944,0.4588833451271057,1,0.45888335,65.0855000003503
ensemble@640,baseline+c2psa,0,GW240526_093944-v1-L1-qscan,GW240526_093944,0.0,0,,66.30719999975554
ensemble@640,baseline+c2psa,0,GW240526_093944-v1-V1-qscan,GW240526_093944,0.0,0,,64.17050000027302
ensemble@640,baseline+c2psa,0,GW240527_150907-v1-H1-qscan,GW240527_150907,0.0,0,,65.83629999977347
ensemble@640,baseline+c2psa,0,GW240527_150907-v1-L1-qscan,GW240527_150907,0.0,0,,67.23309999961202
ensemble@640,baseline+c2psa,0,GW240527_150907-v1-V1-qscan,GW240527_150907,0.0,0,,66.03980000090814
ensemble@640,baseline+c2psa,0,GW240527_183429-v1-H1-qscan,GW240527_183429,0.8461869359016418,1,0.84618694,68.5486000002129
ensemble@640,baseline+c2psa,0,GW240527_183429-v1-L1-qscan,GW240527_183429,0.10028858482837677,1,0.10028858,63.996200000474346
ensemble@640,baseline+c2psa,0,GW240527_183429-v1-V1-qscan,GW240527_183429,0.0,0,,64.7396999997909
ensemble@640,baseline+c2psa,0,GW240527_230910-v1-H1-qscan,GW240527_230910,0.4355759918689728,1,0.43557599,63.328700000056415
ensemble@640,baseline+c2psa,0,GW240527_230910-v1-L1-qscan,GW240527_230910,0.027935780584812164,1,0.02793578,66.22029999971346
ensemble@640,baseline+c2psa,0,GW240527_230910-v1-V1-qscan,GW240527_230910,0.08942628651857376,1,0.08942629,64.58129999964513
ensemble@640,baseline+c2psa,0,GW240530_012417-v1-H1-qscan,GW240530_012417,0.044558096677064896,1,0.04455810,64.15850000030332
ensemble@640,baseline+c2psa,0,GW240530_012417-v1-L1-qscan,GW240530_012417,0.8629174828529358,1,0.86291748,68.33200000073703
ensemble@640,baseline+c2psa,0,GW240530_012417-v1-V1-qscan,GW240530_012417,0.0,0,,65.42229999968185
ensemble@640,baseline+c2psa,0,GW240531_040326-v1-H1-qscan,GW240531_040326,0.6792890429496765,1,0.67928904,70.11569999986023
ensemble@640,baseline+c2psa,0,GW240531_040326-v1-L1-qscan,GW240531_040326,0.0,0,,62.93200000027355
ensemble@640,baseline+c2psa,0,GW240531_040326-v1-V1-qscan,GW240531_040326,0.0,0,,62.894499999856635
ensemble@640,baseline+c2psa,0,GW240531_075248-v1-H1-qscan,GW240531_075248,0.0,0,,59.349800000291
ensemble@640,baseline+c2psa,0,GW240531_075248-v1-L1-qscan,GW240531_075248,0.9372535943984985,1,0.93725359,65.69710000030682
ensemble@640,baseline+c2psa,0,GW240531_075248-v1-V1-qscan,GW240531_075248,0.026680799201130867,1,0.02668080,65.0140999996438
ensemble@640,baseline+c2psa,0,GW240601_061200-v1-H1-qscan,GW240601_061200,0.047346923500299454,1,0.04734692,69.28269999934855
ensemble@640,baseline+c2psa,0,GW240601_061200-v1-L1-qscan,GW240601_061200,0.291311115026474,1,0.29131112,64.74399999933667
ensemble@640,baseline+c2psa,0,GW240601_061200-v1-V1-qscan,GW240601_061200,0.0,0,,69.04609999992317
ensemble@640,baseline+c2psa,0,GW240601_231004-v1-H1-qscan,GW240601_231004,0.0,0,,65.3746000002684
ensemble@640,baseline+c2psa,0,GW240601_231004-v1-L1-qscan,GW240601_231004,0.0,0,,66.18109999999433
ensemble@640,baseline+c2psa,0,GW240601_231004-v1-V1-qscan,GW240601_231004,0.02938941866159439,1,0.02938942,62.56829999983893
ensemble@640,baseline+c2psa,0,GW240611_214835-v1-L1-qscan,GW240611_214835,0.2880634367465973,1,0.28806344,62.37830000009126
ensemble@640,baseline+c2psa,0,GW240611_214835-v1-V1-qscan,GW240611_214835,0.0,0,,58.893499999612686
ensemble@640,baseline+c2psa,0,GW240612_081540-v1-H1-qscan,GW240612_081540,0.6718988418579102,1,0.67189884,63.24559999984558
ensemble@640,baseline+c2psa,0,GW240612_081540-v1-L1-qscan,GW240612_081540,0.04903101921081543,1,0.04903102,63.302000000476255
ensemble@640,baseline+c2psa,0,GW240612_081540-v1-V1-qscan,GW240612_081540,0.0,0,,63.96110000014232
ensemble@640,baseline+c2psa,0,GW240613_011503-v1-H1-qscan,GW240613_011503,0.0,0,,68.07300000036776
ensemble@640,baseline+c2psa,0,GW240613_011503-v1-L1-qscan,GW240613_011503,0.0712556317448616,1,0.07125563,64.52849999959653
ensemble@640,baseline+c2psa,0,GW240613_011503-v1-V1-qscan,GW240613_011503,0.0,0,,67.75530000049912
ensemble@640,baseline+c2psa,0,GW240615_113620-v1-H1-qscan,GW240615_113620,0.9214239716529846,1,0.92142397,62.80040000046938
ensemble@640,baseline+c2psa,0,GW240615_113620-v1-L1-qscan,GW240615_113620,0.9290520548820496,1,0.92905205,67.68789999978253
ensemble@640,baseline+c2psa,0,GW240615_113620-v1-V1-qscan,GW240615_113620,0.03768473491072655,1,0.03768473,60.00059999996665
ensemble@640,baseline+c2psa,0,GW240615_160735-v1-H1-qscan,GW240615_160735,0.8828011751174927,1,0.88280118,64.19169999935548
ensemble@640,baseline+c2psa,0,GW240615_160735-v1-L1-qscan,GW240615_160735,0.2857967019081116,1,0.28579670,60.733499999514606
ensemble@640,baseline+c2psa,0,GW240615_160735-v1-V1-qscan,GW240615_160735,0.0,0,,67.58700000000317
ensemble@640,baseline+c2psa,0,GW240618_071627-v1-H1-qscan,GW240618_071627,0.5305671095848083,1,0.53056711,64.07129999979588
ensemble@640,baseline+c2psa,0,GW240618_071627-v1-L1-qscan,GW240618_071627,0.6104780435562134,1,0.61047804,66.57920000043305
ensemble@640,baseline+c2psa,0,GW240619_044535-v1-H1-qscan,GW240619_044535,0.01596108451485634,1,0.01596108,64.34910000007221
ensemble@640,baseline+c2psa,0,GW240619_044535-v1-L1-qscan,GW240619_044535,0.0,0,,64.63919999987411
ensemble@640,baseline+c2psa,0,GW240619_044535-v1-V1-qscan,GW240619_044535,0.0,0,,64.84850000015285
ensemble@640,baseline+c2psa,0,GW240619_212357-v1-H1-qscan,GW240619_212357,0.881754994392395,1,0.88175499,65.5575000009776
ensemble@640,baseline+c2psa,0,GW240619_212357-v1-L1-qscan,GW240619_212357,0.0,0,,68.66479999962394
ensemble@640,baseline+c2psa,0,GW240619_212357-v1-V1-qscan,GW240619_212357,0.012931820005178452,1,0.01293182,66.58949999973629
ensemble@640,baseline+c2psa,0,GW240620_094631-v1-H1-qscan,GW240620_094631,0.0,0,,69.25810000029742
ensemble@640,baseline+c2psa,0,GW240620_094631-v1-L1-qscan,GW240620_094631,0.0,0,,63.58120000004419
ensemble@640,baseline+c2psa,0,GW240620_094631-v1-V1-qscan,GW240620_094631,0.0,0,,64.79949999948076
ensemble@640,baseline+c2psa,0,GW240621_103457-v1-H1-qscan,GW240621_103457,0.07168912887573242,1,0.07168913,59.70560000059777
ensemble@640,baseline+c2psa,0,GW240621_103457-v1-L1-qscan,GW240621_103457,0.03714611381292343,1,0.03714611,63.52019999985714
ensemble@640,baseline+c2psa,0,GW240621_103457-v1-V1-qscan,GW240621_103457,0.01659679040312767,1,0.01659679,63.643599999977596
ensemble@640,baseline+c2psa,0,GW240621_195059-v1-H1-qscan,GW240621_195059,0.9392355680465698,1,0.93923557,64.06830000014452
ensemble@640,baseline+c2psa,0,GW240621_195059-v1-L1-qscan,GW240621_195059,0.8564283847808838,1,0.85642838,64.11500000012893
ensemble@640,baseline+c2psa,0,GW240621_195059-v1-V1-qscan,GW240621_195059,0.1767810732126236,1,0.17678107,65.18449999975928
ensemble@640,baseline+c2psa,0,GW240621_200935-v1-H1-qscan,GW240621_200935,0.3022828698158264,1,0.30228287,62.594500000159314
ensemble@640,baseline+c2psa,0,GW240621_200935-v1-L1-qscan,GW240621_200935,0.32195237278938293,1,0.32195237,64.9783999997453
ensemble@640,baseline+c2psa,0,GW240621_200935-v1-V1-qscan,GW240621_200935,0.017253946512937546,1,0.01725395,66.10079999973095
ensemble@640,baseline+c2psa,0,GW240621_214041-v1-H1-qscan,GW240621_214041,0.367360919713974,1,0.36736092,64.92289999960121
ensemble@640,baseline+c2psa,0,GW240621_214041-v1-L1-qscan,GW240621_214041,0.7927765250205994,1,0.79277653,68.42260000030365
ensemble@640,baseline+c2psa,0,GW240621_214041-v1-V1-qscan,GW240621_214041,0.0,0,,64.44720000081361
ensemble@640,baseline+c2psa,0,GW240622_004008-v1-H1-qscan,GW240622_004008,0.12882056832313538,1,0.12882057,63.22139999974752
ensemble@640,baseline+c2psa,0,GW240622_004008-v1-L1-qscan,GW240622_004008,0.9398146271705627,1,0.93981463,59.6110000005865
ensemble@640,baseline+c2psa,0,GW240622_004008-v1-V1-qscan,GW240622_004008,0.0,0,,64.55090000054042
ensemble@640,baseline+c2psa,0,GW240625_073331-v1-H1-qscan,GW240625_073331,0.0961630791425705,1,0.09616308,64.70629999967059
ensemble@640,baseline+c2psa,0,GW240625_073331-v1-L1-qscan,GW240625_073331,0.0,0,,67.99409999939598
ensemble@640,baseline+c2psa,0,GW240627_131622-v1-H1-qscan,GW240627_131622,0.5336348414421082,1,0.53363484,64.01749999940876
ensemble@640,baseline+c2psa,0,GW240627_131622-v1-L1-qscan,GW240627_131622,0.0169444028288126,1,0.01694440,64.9875999993128
ensemble@640,baseline+c2psa,0,GW240627_131622-v1-V1-qscan,GW240627_131622,0.04239095374941826,1,0.04239095,64.229499999783
ensemble@640,baseline+c2psa,0,GW240629_145256-v1-H1-qscan,GW240629_145256,0.2822771370410919,1,0.28227714,64.29120000029798
ensemble@640,baseline+c2psa,0,GW240629_145256-v1-L1-qscan,GW240629_145256,0.6267463564872742,1,0.62674636,64.80060000058074
ensemble@640,baseline+c2psa,0,GW240629_145256-v1-V1-qscan,GW240629_145256,0.020760297775268555,1,0.02076030,67.6554000001488
ensemble@640,baseline+c2psa,0,GW240630_101703-v1-H1-qscan,GW240630_101703,0.520762026309967,1,0.52076203,63.221599999906175
ensemble@640,baseline+c2psa,0,GW240630_101703-v1-V1-qscan,GW240630_101703,0.0,0,,66.4627000001019
ensemble@640,baseline+c2psa,0,GW240630_115348-v1-H1-qscan,GW240630_115348,0.823343813419342,1,0.82334381,60.88670000008278
ensemble@640,baseline+c2psa,0,GW240630_115348-v1-L1-qscan,GW240630_115348,0.3807757794857025,1,0.38077578,62.426200000118115
ensemble@640,baseline+c2psa,0,GW240630_115348-v1-V1-qscan,GW240630_115348,0.10125690698623657,1,0.10125691,60.67959999973027
ensemble@640,baseline+c2psa,0,GW240630_212937-v1-H1-qscan,GW240630_212937,0.02936139889061451,1,0.02936140,65.31110000059925
ensemble@640,baseline+c2psa,0,GW240630_212937-v1-L1-qscan,GW240630_212937,0.0,0,,69.34980000005453
ensemble@640,baseline+c2psa,0,GW240630_212937-v1-V1-qscan,GW240630_212937,0.0,0,,65.28529999968669
ensemble@640,baseline+c2psa,0,GW240701_011640-v1-H1-qscan,GW240701_011640,0.14340874552726746,1,0.14340875,64.77270000004864
ensemble@640,baseline+c2psa,0,GW240701_011640-v1-L1-qscan,GW240701_011640,0.0,0,,58.36509999971895
ensemble@640,baseline+c2psa,0,GW240701_011640-v1-V1-qscan,GW240701_011640,0.0,0,,60.00739999944926
ensemble@640,baseline+c2psa,0,GW240701_013826-v1-H1-qscan,GW240701_013826,0.0,0,,63.97880000076839
ensemble@640,baseline+c2psa,0,GW240701_013826-v1-L1-qscan,GW240701_013826,0.0,0,,64.96920000063255
ensemble@640,baseline+c2psa,0,GW240701_013826-v1-V1-qscan,GW240701_013826,0.1717899739742279,1,0.17178997,68.1973999994625
ensemble@640,baseline+c2psa,0,GW240701_203807-v1-H1-qscan,GW240701_203807,0.0,0,,65.23470000092857
ensemble@640,baseline+c2psa,0,GW240701_203807-v1-L1-qscan,GW240701_203807,0.0,0,,66.48219999988214
ensemble@640,baseline+c2psa,0,GW240701_203807-v1-V1-qscan,GW240701_203807,0.0,0,,64.62860000010551
ensemble@640,baseline+c2psa,0,GW240703_191355-v1-L1-qscan,GW240703_191355,0.5657264590263367,1,0.56572646,68.40570000031221
ensemble@640,baseline+c2psa,0,GW240703_191355-v1-V1-qscan,GW240703_191355,0.015862084925174713,1,0.01586208,59.81930000052671
ensemble@640,baseline+c2psa,0,GW240705_053215-v1-H1-qscan,GW240705_053215,0.9569945931434631,1,0.95699459,65.17600000006496
ensemble@640,baseline+c2psa,0,GW240705_053215-v1-L1-qscan,GW240705_053215,0.7374071478843689,1,0.73740715,63.503200000468496
ensemble@640,baseline+c2psa,0,GW240705_053215-v1-V1-qscan,GW240705_053215,0.0,0,,65.98099999973783
ensemble@640,baseline+c2psa,0,GW240716_034900-v1-L1-qscan,GW240716_034900,0.9398602247238159,1,0.93986022,66.10169999976279
ensemble@640,baseline+c2psa,0,GW240716_034900-v1-V1-qscan,GW240716_034900,0.0,0,,67.33319999966625
ensemble@640,baseline+c2psa,0,GW240806_043539-v1-L1-qscan,GW240806_043539,0.0,0,,65.85790000008274
ensemble@640,baseline+c2psa,0,GW240806_043539-v1-V1-qscan,GW240806_043539,0.0,0,,67.78549999989991
ensemble@640,baseline+c2psa,0,GW240807_214559-v1-L1-qscan,GW240807_214559,0.0,0,,63.08239999998477
ensemble@640,baseline+c2psa,0,GW240807_214559-v1-V1-qscan,GW240807_214559,0.0,0,,65.97319999991669
ensemble@640,baseline+c2psa,0,GW240813_034548-v1-L1-qscan,GW240813_034548,0.0,0,,60.781800000313524
ensemble@640,baseline+c2psa,0,GW240813_034548-v1-V1-qscan,GW240813_034548,0.019519733265042305,1,0.01951973,63.41470000006666
ensemble@640,baseline+c2psa,0,GW240814_145043-v1-L1-qscan,GW240814_145043,0.025174465030431747,1,0.02517447,60.03569999938918
ensemble@640,baseline+c2psa,0,GW240814_145043-v1-V1-qscan,GW240814_145043,0.0,0,,63.19110000049477
ensemble@640,baseline+c2psa,0,GW240824_205609-v1-H1-qscan,GW240824_205609,0.7472952008247375,1,0.74729520,63.618899999710266
ensemble@640,baseline+c2psa,0,GW240824_205609-v1-L1-qscan,GW240824_205609,0.04250771179795265,1,0.04250771,65.31520000044111
ensemble@640,baseline+c2psa,0,GW240824_205609-v1-V1-qscan,GW240824_205609,0.6913691759109497,1,0.69136918,68.7767000003987
ensemble@640,baseline+c2psa,0,GW240825_055146-v1-H1-qscan,GW240825_055146,0.28058645129203796,1,0.28058645,65.19249999973908
ensemble@640,baseline+c2psa,0,GW240825_055146-v1-L1-qscan,GW240825_055146,0.3274361789226532,1,0.32743618,66.51550000060524
ensemble@640,baseline+c2psa,0,GW240825_055146-v1-V1-qscan,GW240825_055146,0.0,0,,64.76059999977224
ensemble@640,baseline+c2psa,0,GW240828_102340-v1-H1-qscan,GW240828_102340,0.11321284621953964,1,0.11321285,67.71740000021964
ensemble@640,baseline+c2psa,0,GW240828_102340-v1-L1-qscan,GW240828_102340,0.10023567080497742,1,0.10023567,63.74900000082562
ensemble@640,baseline+c2psa,0,GW240828_102340-v1-V1-qscan,GW240828_102340,0.0,0,,65.1812000000973
ensemble@640,baseline+c2psa,0,GW240830_211120-v1-H1-qscan,GW240830_211120,0.01288046408444643,1,0.01288046,60.97260000069582
ensemble@640,baseline+c2psa,0,GW240830_211120-v1-L1-qscan,GW240830_211120,0.44754987955093384,1,0.44754988,58.86670000018057
ensemble@640,baseline+c2psa,0,GW240830_211120-v1-V1-qscan,GW240830_211120,0.0,0,,62.309499999628315
ensemble@640,baseline+c2psa,0,GW240901_195332-v1-H1-qscan,GW240901_195332,0.0,0,,63.88690000039787
ensemble@640,baseline+c2psa,0,GW240901_195332-v1-L1-qscan,GW240901_195332,0.0,0,,64.14619999941351
ensemble@640,baseline+c2psa,0,GW240901_195332-v1-V1-qscan,GW240901_195332,0.0,0,,64.50050000012197
ensemble@640,baseline+c2psa,0,GW240902_143306-v1-H1-qscan,GW240902_143306,0.7282637357711792,1,0.72826374,68.76769999962562
ensemble@640,baseline+c2psa,0,GW240902_143306-v1-L1-qscan,GW240902_143306,0.037824373692274094,1,0.03782437,64.3312999995942
ensemble@640,baseline+c2psa,0,GW240902_143306-v1-V1-qscan,GW240902_143306,0.1255774050951004,1,0.12557741,68.920999999591
ensemble@640,baseline+c2psa,0,GW240907_092521-v1-H1-qscan,GW240907_092521,0.15650765597820282,1,0.15650766,62.87279999969542
ensemble@640,baseline+c2psa,0,GW240907_092521-v1-L1-qscan,GW240907_092521,0.0,0,,59.649899999385525
ensemble@640,baseline+c2psa,0,GW240907_092521-v1-V1-qscan,GW240907_092521,0.0,0,,58.929100000113976
ensemble@640,baseline+c2psa,0,GW240907_121650-v1-H1-qscan,GW240907_121650,0.04365432634949684,1,0.04365433,64.03509999927337
ensemble@640,baseline+c2psa,0,GW240907_121650-v1-L1-qscan,GW240907_121650,0.0,0,,62.615500000447355
ensemble@640,baseline+c2psa,0,GW240907_121650-v1-V1-qscan,GW240907_121650,0.2566671073436737,1,0.25666711,65.75530000009167
ensemble@640,baseline+c2psa,0,GW240907_153833-v1-H1-qscan,GW240907_153833,0.7710365653038025,1,0.77103657,68.89679999994769
ensemble@640,baseline+c2psa,0,GW240907_153833-v1-L1-qscan,GW240907_153833,0.7798861861228943,1,0.77988619,68.287199999304
ensemble@640,baseline+c2psa,0,GW240907_153833-v1-V1-qscan,GW240907_153833,0.38717302680015564,1,0.38717303,69.71430000021428
ensemble@640,baseline+c2psa,0,GW240908_082628-v1-H1-qscan,GW240908_082628,0.13746273517608643,1,0.13746274,63.74920000052953
ensemble@640,baseline+c2psa,0,GW240908_082628-v1-L1-qscan,GW240908_082628,0.7576088905334473,1,0.75760889,69.72150000046895
ensemble@640,baseline+c2psa,0,GW240908_082628-v1-V1-qscan,GW240908_082628,0.03448506444692612,1,0.03448506,66.07680000070104
ensemble@640,baseline+c2psa,0,GW240908_125134-v1-H1-qscan,GW240908_125134,0.3547031581401825,1,0.35470316,71.23800000044866
ensemble@640,baseline+c2psa,0,GW240908_125134-v1-L1-qscan,GW240908_125134,0.060962241142988205,1,0.06096224,65.45970000024681
ensemble@640,baseline+c2psa,0,GW240908_125134-v1-V1-qscan,GW240908_125134,0.0,0,,68.60069999993357
ensemble@640,baseline+c2psa,0,GW240908_174149-v1-H1-qscan,GW240908_174149,0.20548446476459503,1,0.20548446,64.90000000030705
ensemble@640,baseline+c2psa,0,GW240908_174149-v1-L1-qscan,GW240908_174149,0.0,0,,70.3282999993462
ensemble@640,baseline+c2psa,0,GW240908_174149-v1-V1-qscan,GW240908_174149,0.0,0,,62.74519999988115
ensemble@640,baseline+c2psa,0,GW240910_103535-v1-H1-qscan,GW240910_103535,0.7794334292411804,1,0.77943343,65.24579999995694
ensemble@640,baseline+c2psa,0,GW240910_103535-v1-L1-qscan,GW240910_103535,0.20432500541210175,1,0.20432501,62.527399999908084
ensemble@640,baseline+c2psa,0,GW240913_111216-v1-H1-qscan,GW240913_111216,0.027965763583779335,1,0.02796576,66.27049999997325
ensemble@640,baseline+c2psa,0,GW240913_111216-v1-L1-qscan,GW240913_111216,0.0,0,,58.98040000010951
ensemble@640,baseline+c2psa,0,GW240913_111216-v1-V1-qscan,GW240913_111216,0.0,0,,67.8742000004604
ensemble@640,baseline+c2psa,0,GW240915_001357-v1-H1-qscan,GW240915_001357,0.10554391145706177,1,0.10554391,64.85320000001593
ensemble@640,baseline+c2psa,0,GW240915_001357-v1-L1-qscan,GW240915_001357,0.9414931535720825,1,0.94149315,69.7718999999779
ensemble@640,baseline+c2psa,0,GW240915_001357-v1-V1-qscan,GW240915_001357,0.0,0,,64.46970000069996
ensemble@640,baseline+c2psa,0,GW240915_045510-v1-H1-qscan,GW240915_045510,0.43714091181755066,1,0.43714091,70.27510000034454
ensemble@640,baseline+c2psa,0,GW240915_045510-v1-L1-qscan,GW240915_045510,0.0,0,,64.58940000084112
ensemble@640,baseline+c2psa,0,GW240915_045510-v1-V1-qscan,GW240915_045510,0.8561524152755737,1,0.85615242,69.09690000065893
ensemble@640,baseline+c2psa,0,GW240915_105151-v1-H1-qscan,GW240915_105151,0.3027869462966919,1,0.30278695,64.45229999962976
ensemble@640,baseline+c2psa,0,GW240915_105151-v1-V1-qscan,GW240915_105151,0.022916976362466812,1,0.02291698,69.70439999940936
ensemble@640,baseline+c2psa,0,GW240916_184352-v1-H1-qscan,GW240916_184352,0.0,0,,63.331999999263644
ensemble@640,baseline+c2psa,0,GW240916_184352-v1-L1-qscan,GW240916_184352,0.0,0,,63.16210000022693
ensemble@640,baseline+c2psa,0,GW240916_184352-v1-V1-qscan,GW240916_184352,0.1491067111492157,1,0.14910671,60.820600000624836
ensemble@640,baseline+c2psa,0,GW240917_130237-v1-H1-qscan,GW240917_130237,0.0,0,,68.3032999995703
ensemble@640,baseline+c2psa,0,GW240917_130237-v1-L1-qscan,GW240917_130237,0.0,0,,65.06900000022142
ensemble@640,baseline+c2psa,0,GW240919_061559-v1-H1-qscan,GW240919_061559,0.9160135984420776,1,0.91601360,70.91759999957503
ensemble@640,baseline+c2psa,0,GW240919_061559-v1-L1-qscan,GW240919_061559,0.9291929602622986,1,0.92919296,66.5856999994503
ensemble@640,baseline+c2psa,0,GW240919_061559-v1-V1-qscan,GW240919_061559,0.62581467628479,1,0.62581468,70.01100000024962
ensemble@640,baseline+c2psa,0,GW240919_215453-v1-H1-qscan,GW240919_215453,0.0,0,,62.2427999996944
ensemble@640,baseline+c2psa,0,GW240919_215453-v1-L1-qscan,GW240919_215453,0.7965012192726135,1,0.79650122,69.99019999966549
ensemble@640,baseline+c2psa,0,GW240919_215453-v1-V1-qscan,GW240919_215453,0.013643153943121433,1,0.01364315,69.8061000002781
ensemble@640,baseline+c2psa,0,GW240920_073424-v1-H1-qscan,GW240920_073424,0.8735154271125793,1,0.87351543,65.36240000014004
ensemble@640,baseline+c2psa,0,GW240920_073424-v1-L1-qscan,GW240920_073424,0.6621671915054321,1,0.66216719,63.1919000002199
ensemble@640,baseline+c2psa,0,GW240920_073424-v1-V1-qscan,GW240920_073424,0.4434000849723816,1,0.44340008,66.72039999966728
ensemble@640,baseline+c2psa,0,GW240920_124024-v1-H1-qscan,GW240920_124024,0.9537262320518494,1,0.95372623,63.46589999975549
ensemble@640,baseline+c2psa,0,GW240920_124024-v1-L1-qscan,GW240920_124024,0.8882904052734375,1,0.88829041,67.89559999970152
ensemble@640,baseline+c2psa,0,GW240921_201835-v1-L1-qscan,GW240921_201835,0.7875798940658569,1,0.78757989,63.79800000013347
ensemble@640,baseline+c2psa,0,GW240921_201835-v1-V1-qscan,GW240921_201835,0.0,0,,70.38129999955345
ensemble@640,baseline+c2psa,0,GW240923_000715-v1-H1-qscan,GW240923_000715,0.0,0,,65.34839999994801
ensemble@640,baseline+c2psa,0,GW240923_000715-v1-L1-qscan,GW240923_000715,0.0,0,,67.46889999976702
ensemble@640,baseline+c2psa,0,GW240923_000715-v1-V1-qscan,GW240923_000715,0.012956462800502777,1,0.01295646,65.91199999957098
ensemble@640,baseline+c2psa,0,GW240923_110846-v1-H1-qscan,GW240923_110846,0.8802185654640198,1,0.88021857,64.15830000014466
ensemble@640,baseline+c2psa,0,GW240923_204006-v1-H1-qscan,GW240923_204006,0.2536522448062897,1,0.25365224,64.04100000008839
ensemble@640,baseline+c2psa,0,GW240923_204006-v1-L1-qscan,GW240923_204006,0.792128324508667,1,0.79212832,63.22149999959947
ensemble@640,baseline+c2psa,0,GW240924_000316-v1-H1-qscan,GW240924_000316,0.8779637217521667,1,0.87796372,62.938999999460066
ensemble@640,baseline+c2psa,0,GW240924_000316-v1-L1-qscan,GW240924_000316,0.08662168681621552,1,0.08662169,65.30259999999544
ensemble@640,baseline+c2psa,0,GW240924_000316-v1-V1-qscan,GW240924_000316,0.0,0,,69.14529999994556
ensemble@640,baseline+c2psa,0,GW240925_000956-v1-H1-qscan,GW240925_000956,0.0,0,,66.6545999997652
ensemble@640,baseline+c2psa,0,GW240925_000956-v1-L1-qscan,GW240925_000956,0.0,0,,68.89000000046508
ensemble@640,baseline+c2psa,0,GW240925_000956-v1-V1-qscan,GW240925_000956,0.03264046087861061,1,0.03264046,66.83299999986048
ensemble@640,baseline+c2psa,0,GW240925_005809-v2-H1-qscan,GW240925_005809,0.8609493374824524,1,0.86094934,67.4036000000342
ensemble@640,baseline+c2psa,0,GW240925_005809-v2-L1-qscan,GW240925_005809,0.8299035429954529,1,0.82990354,62.484999999924185
ensemble@640,baseline+c2psa,0,GW240925_005809-v2-V1-qscan,GW240925_005809,0.0,0,,65.68500000003041
ensemble@640,baseline+c2psa,0,GW240930_035959-v1-H1-qscan,GW240930_035959,0.586155891418457,1,0.58615589,63.182700000197656
ensemble@640,baseline+c2psa,0,GW240930_035959-v1-L1-qscan,GW240930_035959,0.27374452352523804,1,0.27374452,63.49030000046696
ensemble@640,baseline+c2psa,0,GW240930_035959-v1-V1-qscan,GW240930_035959,0.0,0,,66.89330000017435
ensemble@640,baseline+c2psa,0,GW240930_123408-v1-H1-qscan,GW240930_123408,0.6441701650619507,1,0.64417017,67.88849999975355
ensemble@640,baseline+c2psa,0,GW240930_123408-v1-L1-qscan,GW240930_123408,0.0,0,,69.89609999982349
ensemble@640,baseline+c2psa,0,GW240930_123408-v1-V1-qscan,GW240930_123408,0.0,0,,63.22029999955703
ensemble@640,baseline+c2psa,0,GW240930_234614-v1-H1-qscan,GW240930_234614,0.0,0,,64.94720000000598
ensemble@640,baseline+c2psa,0,GW240930_234614-v1-L1-qscan,GW240930_234614,0.32919424772262573,1,0.32919425,63.27409999948941
ensemble@640,baseline+c2psa,0,GW240930_234614-v1-V1-qscan,GW240930_234614,0.0,0,,60.651700000562414
ensemble@640,baseline+c2psa,0,GW241002_030559-v1-L1-qscan,GW241002_030559,0.7725249528884888,1,0.77252495,69.47200000013254
ensemble@640,baseline+c2psa,0,GW241002_030559-v1-V1-qscan,GW241002_030559,0.036949463188648224,1,0.03694946,65.42810000019017
ensemble@640,baseline+c2psa,0,GW241006_015333-v1-H1-qscan,GW241006_015333,0.8624286651611328,1,0.86242867,72.0300999992105
ensemble@640,baseline+c2psa,0,GW241006_015333-v1-L1-qscan,GW241006_015333,0.8912777304649353,1,0.89127773,65.95160000006217
ensemble@640,baseline+c2psa,0,GW241006_015333-v1-V1-qscan,GW241006_015333,0.11070068180561066,1,0.11070068,67.02950000044439
ensemble@640,baseline+c2psa,0,GW241007_082943-v1-H1-qscan,GW241007_082943,0.9155174493789673,1,0.91551745,65.87619999936578
ensemble@640,baseline+c2psa,0,GW241007_082943-v1-L1-qscan,GW241007_082943,0.0187264084815979,1,0.01872641,66.66959999984101
ensemble@640,baseline+c2psa,0,GW241007_082943-v1-V1-qscan,GW241007_082943,0.0,0,,66.34769999982382
ensemble@640,baseline+c2psa,0,GW241009_022835-v1-H1-qscan,GW241009_022835,0.0,0,,66.68770000032964
ensemble@640,baseline+c2psa,0,GW241009_022835-v1-L1-qscan,GW241009_022835,0.038265813142061234,1,0.03826581,64.03839999984484
ensemble@640,baseline+c2psa,0,GW241009_022835-v1-V1-qscan,GW241009_022835,0.0,0,,66.75720000021101
ensemble@640,baseline+c2psa,0,GW241009_084816-v1-H1-qscan,GW241009_084816,0.48386329412460327,1,0.48386329,61.97340000016993
ensemble@640,baseline+c2psa,0,GW241009_084816-v1-L1-qscan,GW241009_084816,0.3171275556087494,1,0.31712756,63.860299999305425
ensemble@640,baseline+c2psa,0,GW241009_084816-v1-V1-qscan,GW241009_084816,0.0,0,,61.54149999974834
ensemble@640,baseline+c2psa,0,GW241009_220455-v1-H1-qscan,GW241009_220455,0.4242144227027893,1,0.42421442,62.38150000035603
ensemble@640,baseline+c2psa,0,GW241009_220455-v1-L1-qscan,GW241009_220455,0.022766167297959328,1,0.02276617,68.03969999964465
ensemble@640,baseline+c2psa,0,GW241009_220455-v1-V1-qscan,GW241009_220455,0.9041160345077515,1,0.90411603,69.51240000034886
ensemble@640,baseline+c2psa,0,GW241011_233834-v2-H1-qscan,GW241011_233834,0.9580327868461609,1,0.95803279,65.80560000020341
ensemble@640,baseline+c2psa,0,GW241011_233834-v2-V1-qscan,GW241011_233834,0.32694441080093384,1,0.32694441,66.89359999973021
ensemble@640,baseline+c2psa,0,GW241018_235402-v1-H1-qscan,GW241018_235402,0.43713489174842834,1,0.43713489,71.35469999957422
ensemble@640,baseline+c2psa,0,GW241018_235402-v1-V1-qscan,GW241018_235402,0.0,0,,66.14910000007512
ensemble@640,baseline+c2psa,0,GW241101_034726-v1-H1-qscan,GW241101_034726,0.0,0,,70.39890000032756
ensemble@640,baseline+c2psa,0,GW241101_034726-v1-L1-qscan,GW241101_034726,0.03878375515341759,1,0.03878376,71.16399999995338
ensemble@640,baseline+c2psa,0,GW241101_034726-v1-V1-qscan,GW241101_034726,0.029456939548254013,1,0.02945694,73.98660000035306
ensemble@640,baseline+c2psa,0,GW241101_220523-v1-L1-qscan,GW241101_220523,0.8529842495918274,1,0.85298425,78.95790000020497
ensemble@640,baseline+c2psa,0,GW241101_220523-v1-V1-qscan,GW241101_220523,0.0,0,,67.2524999995403
ensemble@640,baseline+c2psa,0,GW241102_124058-v1-H1-qscan,GW241102_124058,0.55235755443573,1,0.55235755,67.62699999990218
ensemble@640,baseline+c2psa,0,GW241102_124058-v1-L1-qscan,GW241102_124058,0.6925306916236877,1,0.69253069,64.77110000059838
ensemble@640,baseline+c2psa,0,GW241102_124058-v1-V1-qscan,GW241102_124058,0.013450021855533123,1,0.01345002,64.52049999961673
ensemble@640,baseline+c2psa,0,GW241102_144729-v1-H1-qscan,GW241102_144729,0.8579868078231812,1,0.85798681,66.10399999999572
ensemble@640,baseline+c2psa,0,GW241102_144729-v1-L1-qscan,GW241102_144729,0.9327471256256104,1,0.93274713,64.2611999996916
ensemble@640,baseline+c2psa,0,GW241102_144729-v1-V1-qscan,GW241102_144729,0.0,0,,65.63079999932597
ensemble@640,baseline+c2psa,0,GW241106_110932-v1-H1-qscan,GW241106_110932,0.1382223665714264,1,0.13822237,65.13499999937267
ensemble@640,baseline+c2psa,0,GW241106_110932-v1-L1-qscan,GW241106_110932,0.0,0,,63.30679999973654
ensemble@640,baseline+c2psa,0,GW241106_110932-v1-V1-qscan,GW241106_110932,0.0,0,,65.7814999999573
ensemble@640,baseline+c2psa,0,GW241109_005349-v1-H1-qscan,GW241109_005349,0.0,0,,71.70759999962684
ensemble@640,baseline+c2psa,0,GW241109_005349-v1-L1-qscan,GW241109_005349,0.0,0,,71.05420000016238
ensemble@640,baseline+c2psa,0,GW241109_033317-v1-L1-qscan,GW241109_033317,0.41639426350593567,1,0.41639426,76.63179999963177
ensemble@640,baseline+c2psa,0,GW241109_033317-v1-V1-qscan,GW241109_033317,0.02921067364513874,1,0.02921067,66.47930000008273
ensemble@640,baseline+c2psa,0,GW241109_115924-v1-H1-qscan,GW241109_115924,0.7478237748146057,1,0.74782377,72.1614000003683
ensemble@640,baseline+c2psa,0,GW241109_115924-v1-V1-qscan,GW241109_115924,0.0,0,,67.86079999983485
ensemble@640,baseline+c2psa,0,GW241110_124123-v2-H1-qscan,GW241110_124123,0.5248908996582031,1,0.52489090,70.85170000027574
ensemble@640,baseline+c2psa,0,GW241110_124123-v2-L1-qscan,GW241110_124123,0.1142907366156578,1,0.11429074,70.32130000015968
ensemble@640,baseline+c2psa,0,GW241110_124123-v2-V1-qscan,GW241110_124123,0.2760525643825531,1,0.27605256,73.10899999947651
ensemble@640,baseline+c2psa,0,GW241111_111552-v1-H1-qscan,GW241111_111552,0.7999791502952576,1,0.79997915,66.62869999991017
ensemble@640,baseline+c2psa,0,GW241111_111552-v1-L1-qscan,GW241111_111552,0.18409259617328644,1,0.18409260,67.86700000020573
ensemble@640,baseline+c2psa,0,GW241113_163507-v1-L1-qscan,GW241113_163507,0.8533245921134949,1,0.85332459,67.61869999991177
ensemble@640,baseline+c2psa,0,GW241113_163507-v1-V1-qscan,GW241113_163507,0.018062200397253036,1,0.01806220,67.54949999958626
ensemble@640,baseline+c2psa,0,GW241114_024711-v1-H1-qscan,GW241114_024711,0.781943142414093,1,0.78194314,66.16199999962191
ensemble@640,baseline+c2psa,0,GW241114_024711-v1-L1-qscan,GW241114_024711,0.36012834310531616,1,0.36012834,70.85909999977957
ensemble@640,baseline+c2psa,0,GW241114_024711-v1-V1-qscan,GW241114_024711,0.0,0,,65.17440000015995
ensemble@640,baseline+c2psa,0,GW241114_235258-v1-L1-qscan,GW241114_235258,0.02220834791660309,1,0.02220835,69.95100000040111
ensemble@640,baseline+c2psa,0,GW241114_235258-v1-V1-qscan,GW241114_235258,0.0,0,,66.8906000005336
ensemble@640,baseline+c2psa,0,GW241116_151753-v1-H1-qscan,GW241116_151753,0.12119385600090027,1,0.12119386,70.5988999998226
ensemble@640,baseline+c2psa,0,GW241116_151753-v1-L1-qscan,GW241116_151753,0.7225453853607178,1,0.72254539,67.52550000055635
ensemble@640,baseline+c2psa,0,GW241116_151753-v1-V1-qscan,GW241116_151753,0.0,0,,71.32530000035331
ensemble@640,baseline+c2psa,0,GW241124_024914-v1-H1-qscan,GW241124_024914,0.9301706552505493,1,0.93017066,67.69550000035451
ensemble@640,baseline+c2psa,0,GW241124_024914-v1-L1-qscan,GW241124_024914,0.46475735306739807,1,0.46475735,71.39369999958944
ensemble@640,baseline+c2psa,0,GW241124_024914-v1-V1-qscan,GW241124_024914,0.0,0,,66.32239999953526
ensemble@640,baseline+c2psa,0,GW241125_010116-v1-H1-qscan,GW241125_010116,0.11857185512781143,1,0.11857186,71.24179999891567
ensemble@640,baseline+c2psa,0,GW241125_010116-v1-L1-qscan,GW241125_010116,0.5954818725585938,1,0.59548187,66.91300000011324
ensemble@640,baseline+c2psa,0,GW241125_010116-v1-V1-qscan,GW241125_010116,0.0,0,,68.63770000018121
ensemble@640,baseline+c2psa,0,GW241127_061008-v1-H1-qscan,GW241127_061008,0.935461699962616,1,0.93546170,67.69850000046063
ensemble@640,baseline+c2psa,0,GW241127_061008-v1-L1-qscan,GW241127_061008,0.9193629622459412,1,0.91936296,70.91039999932036
ensemble@640,baseline+c2psa,0,GW241127_061008-v1-V1-qscan,GW241127_061008,0.01791018806397915,1,0.01791019,65.85330000007161
ensemble@640,baseline+c2psa,0,GW241129_021832-v1-H1-qscan,GW241129_021832,0.9229763150215149,1,0.92297632,71.5423999995437
ensemble@640,baseline+c2psa,0,GW241129_021832-v1-L1-qscan,GW241129_021832,0.893298864364624,1,0.89329886,66.7833999996219
ensemble@640,baseline+c2psa,0,GW241129_021832-v1-V1-qscan,GW241129_021832,0.0,0,,65.0562999999238
ensemble@640,baseline+c2psa,0,GW241129_140416-v1-H1-qscan,GW241129_140416,0.0,0,,65.6662000005781
ensemble@640,baseline+c2psa,0,GW241129_140416-v1-L1-qscan,GW241129_140416,0.16064688563346863,1,0.16064689,70.3059999996185
ensemble@640,baseline+c2psa,0,GW241130_034908-v1-H1-qscan,GW241130_034908,0.8598742485046387,1,0.85987425,69.90450000057535
ensemble@640,baseline+c2psa,0,GW241130_034908-v1-L1-qscan,GW241130_034908,0.4899602234363556,1,0.48996022,69.28770000058648
ensemble@640,baseline+c2psa,0,GW241130_034908-v1-V1-qscan,GW241130_034908,0.0,0,,65.21259999954054
ensemble@640,baseline+c2psa,0,GW241130_110422-v1-H1-qscan,GW241130_110422,0.07802166789770126,1,0.07802167,69.98760000078619
ensemble@640,baseline+c2psa,0,GW241130_110422-v1-L1-qscan,GW241130_110422,0.28467047214508057,1,0.28467047,66.47549999934199
ensemble@640,baseline+c2psa,0,GW241130_110422-v1-V1-qscan,GW241130_110422,0.0,0,,65.75440000005983
ensemble@640,baseline+c2psa,0,GW241201_055758-v1-H1-qscan,GW241201_055758,0.7573896050453186,1,0.75738961,67.85329999956957
ensemble@640,baseline+c2psa,0,GW241201_055758-v1-L1-qscan,GW241201_055758,0.0,0,,82.93340000000171
ensemble@640,baseline+c2psa,0,GW241201_055758-v1-V1-qscan,GW241201_055758,0.0,0,,67.39749999997002
ensemble@640,baseline+c2psa,0,GW241201_142737-v1-H1-qscan,GW241201_142737,0.03273855894804001,1,0.03273856,69.6536999998898
ensemble@640,baseline+c2psa,0,GW241201_142737-v1-L1-qscan,GW241201_142737,0.09691939502954483,1,0.09691940,65.199699999539
ensemble@640,baseline+c2psa,0,GW241201_142737-v1-V1-qscan,GW241201_142737,0.29225924611091614,1,0.29225925,71.93770000094446
ensemble@640,baseline+c2psa,0,GW241210_023335-v1-H1-qscan,GW241210_023335,0.0,0,,65.22790000008172
ensemble@640,baseline+c2psa,0,GW241210_023335-v1-L1-qscan,GW241210_023335,0.30324283242225647,1,0.30324283,73.00660000055359
ensemble@640,baseline+c2psa,0,GW241210_060606-v1-H1-qscan,GW241210_060606,0.3640900254249573,1,0.36409003,66.60619999956907
ensemble@640,baseline+c2psa,0,GW241210_060606-v1-L1-qscan,GW241210_060606,0.606831431388855,1,0.60683143,71.45649999984016
ensemble@640,baseline+c2psa,0,GW241210_060606-v1-V1-qscan,GW241210_060606,0.23217105865478516,1,0.23217106,66.60550000015064
ensemble@640,baseline+c2psa,0,GW241210_120900-v1-H1-qscan,GW241210_120900,0.0,0,,73.03679999995438
ensemble@640,baseline+c2psa,0,GW241210_120900-v1-L1-qscan,GW241210_120900,0.8853767514228821,1,0.88537675,63.50020000081713
ensemble@640,baseline+c2psa,0,GW241219_222607-v1-H1-qscan,GW241219_222607,0.20530803501605988,1,0.20530804,92.7054999997381
ensemble@640,baseline+c2psa,0,GW241219_222607-v1-L1-qscan,GW241219_222607,0.012626970186829567,1,0.01262697,67.02890000042316
ensemble@640,baseline+c2psa,0,GW241220_062146-v1-H1-qscan,GW241220_062146,0.0,0,,68.92589999961274
ensemble@640,baseline+c2psa,0,GW241220_062146-v1-L1-qscan,GW241220_062146,0.0,0,,67.83050000012736
ensemble@640,baseline+c2psa,0,GW241225_042553-v1-L1-qscan,GW241225_042553,0.8485637307167053,1,0.84856373,64.89730000021154
ensemble@640,baseline+c2psa,0,GW241225_042553-v1-V1-qscan,GW241225_042553,0.03197392821311951,1,0.03197393,64.87530000003972
ensemble@640,baseline+c2psa,0,GW241225_082815-v1-H1-qscan,GW241225_082815,0.4753696024417877,1,0.47536960,62.56230000008145
ensemble@640,baseline+c2psa,0,GW241225_082815-v1-L1-qscan,GW241225_082815,0.8927251696586609,1,0.89272517,70.94850000021324
ensemble@640,baseline+c2psa,0,GW241229_155844-v1-H1-qscan,GW241229_155844,0.6533709168434143,1,0.65337092,69.84859999920445
ensemble@640,baseline+c2psa,0,GW241229_155844-v1-L1-qscan,GW241229_155844,0.01947428286075592,1,0.01947428,66.53000000005704
ensemble@640,baseline+c2psa,0,GW241229_155844-v1-V1-qscan,GW241229_155844,0.0,0,,66.81200000048193
ensemble@640,baseline+c2psa,0,GW241230_084504-v1-L1-qscan,GW241230_084504,0.9282320737838745,1,0.92823207,69.81769999993048
ensemble@640,baseline+c2psa,0,GW241230_084504-v1-V1-qscan,GW241230_084504,0.0,0,,71.67449999997189
ensemble@640,baseline+c2psa,0,GW241230_233618-v1-H1-qscan,GW241230_233618,0.015085794031620026,1,0.01508579,65.47719999934998
ensemble@640,baseline+c2psa,0,GW241230_233618-v1-L1-qscan,GW241230_233618,0.8572484254837036,1,0.85724843,70.53440000026967
ensemble@640,baseline+c2psa,0,GW241230_233618-v1-V1-qscan,GW241230_233618,0.0,0,,65.2184000005036
ensemble@640,baseline+c2psa,0,GW241231_054133-v1-H1-qscan,GW241231_054133,0.7717233300209045,1,0.77172333,69.29119999995237
ensemble@640,baseline+c2psa,0,GW241231_054133-v1-L1-qscan,GW241231_054133,0.07113233953714371,1,0.07113234,68.06409999990137
ensemble@640,baseline+c2psa,0,GW241231_054133-v1-V1-qscan,GW241231_054133,0.0,0,,66.31300000026386
ensemble@640,baseline+c2psa,0,GW250101_011205-v1-H1-qscan,GW250101_011205,0.6987555027008057,1,0.69875550,65.95770000012635
ensemble@640,baseline+c2psa,0,GW250101_011205-v1-L1-qscan,GW250101_011205,0.7551818490028381,1,0.75518185,67.55960000054984
ensemble@640,baseline+c2psa,0,GW250101_011205-v1-V1-qscan,GW250101_011205,0.0,0,,65.9203999998681
ensemble@640,baseline+c2psa,0,GW250104_015122-v1-H1-qscan,GW250104_015122,0.833860456943512,1,0.83386046,64.84869999985676
ensemble@640,baseline+c2psa,0,GW250104_015122-v1-L1-qscan,GW250104_015122,0.8049066066741943,1,0.80490661,62.77380000028643
ensemble@640,baseline+c2psa,0,GW250104_015122-v1-V1-qscan,GW250104_015122,0.0,0,,68.58879999981582
ensemble@640,baseline+c2psa,0,GW250105_134047-v1-H1-qscan,GW250105_134047,0.0,0,,65.60570000056032
ensemble@640,baseline+c2psa,0,GW250105_134047-v1-L1-qscan,GW250105_134047,0.0,0,,67.64410000050702
ensemble@640,baseline+c2psa,0,GW250105_134047-v1-V1-qscan,GW250105_134047,0.0,0,,63.5205000003225
ensemble@640,baseline+c2psa,0,GW250108_152221-v1-H1-qscan,GW250108_152221,0.8292922377586365,1,0.82929224,67.13509999963208
ensemble@640,baseline+c2psa,0,GW250108_152221-v1-L1-qscan,GW250108_152221,0.9404491782188416,1,0.94044918,72.69920000044294
ensemble@640,baseline+c2psa,0,GW250108_152221-v1-V1-qscan,GW250108_152221,0.04348916560411453,1,0.04348917,72.02979999965464
ensemble@640,baseline+c2psa,0,GW250109_010541-v1-H1-qscan,GW250109_010541,0.40801146626472473,1,0.40801147,68.66559999980382
ensemble@640,baseline+c2psa,0,GW250109_010541-v1-L1-qscan,GW250109_010541,0.9438403844833374,1,0.94384038,68.59710000071573
ensemble@640,baseline+c2psa,0,GW250109_010541-v1-V1-qscan,GW250109_010541,0.5326551795005798,1,0.53265518,70.0105000005351
ensemble@640,baseline+c2psa,0,GW250109_074552-v1-H1-qscan,GW250109_074552,0.8987622261047363,1,0.89876223,66.5516000003663
ensemble@640,baseline+c2psa,0,GW250109_074552-v1-V1-qscan,GW250109_074552,0.035419803112745285,1,0.03541980,72.11460000007719
ensemble@640,baseline+c2psa,0,GW250109_083206-v1-H1-qscan,GW250109_083206,0.8813170194625854,1,0.88131702,72.17820000005304
ensemble@640,baseline+c2psa,0,GW250109_083206-v1-V1-qscan,GW250109_083206,0.0,0,,73.15609999977823
ensemble@640,baseline+c2psa,0,GW250114_082203-v2-H1-qscan,GW250114_082203,0.6429415345191956,1,0.64294153,68.39519999948607
ensemble@640,baseline+c2psa,0,GW250114_082203-v2-L1-qscan,GW250114_082203,0.8504102826118469,1,0.85041028,68.58719999945606
ensemble@640,baseline+c2psa,0,GW250116_015318-v1-H1-qscan,GW250116_015318,0.8252817988395691,1,0.82528180,68.03619999982402
ensemble@640,baseline+c2psa,0,GW250116_015318-v1-L1-qscan,GW250116_015318,0.0,0,,72.0099999998638
ensemble@640,baseline+c2psa,0,GW250116_015318-v1-V1-qscan,GW250116_015318,0.0,0,,66.71969999933935
ensemble@640,baseline+c2psa,0,GW250116_051426-v1-H1-qscan,GW250116_051426,0.020229704678058624,1,0.02022970,67.47140000061336
ensemble@640,baseline+c2psa,0,GW250116_051426-v1-L1-qscan,GW250116_051426,0.0,0,,67.10019999945871
ensemble@640,baseline+c2psa,0,GW250118_023225-v1-H1-qscan,GW250118_023225,0.5787525773048401,1,0.57875258,65.38959999988947
ensemble@640,baseline+c2psa,0,GW250118_023225-v1-L1-qscan,GW250118_023225,0.7193835973739624,1,0.71938360,66.16659999963304
ensemble@640,baseline+c2psa,0,GW250118_023225-v1-V1-qscan,GW250118_023225,0.0,0,,64.91700000015044
ensemble@640,baseline+c2psa,0,GW250118_055802-v1-H1-qscan,GW250118_055802,0.3746527433395386,1,0.37465274,72.00410000041302
ensemble@640,baseline+c2psa,0,GW250118_055802-v1-L1-qscan,GW250118_055802,0.07510443031787872,1,0.07510443,67.70460000007006
ensemble@640,baseline+c2psa,0,GW250118_055802-v1-V1-qscan,GW250118_055802,0.0,0,,70.21120000035808
ensemble@640,baseline+c2psa,0,GW250118_170523-v1-H1-qscan,GW250118_170523,0.90240478515625,1,0.90240479,69.87329999992653
ensemble@640,baseline+c2psa,0,GW250118_170523-v1-L1-qscan,GW250118_170523,0.33452850580215454,1,0.33452851,66.1668999991889
ensemble@640,baseline+c2psa,0,GW250119_025138-v1-H1-qscan,GW250119_025138,0.8786589503288269,1,0.87865895,64.45430000030683
ensemble@640,baseline+c2psa,0,GW250119_025138-v1-L1-qscan,GW250119_025138,0.6377280950546265,1,0.63772810,65.10299999899871
ensemble@640,baseline+c2psa,0,GW250119_025138-v1-V1-qscan,GW250119_025138,0.27231529355049133,1,0.27231529,66.48529999984021
ensemble@640,baseline+c2psa,0,GW250119_190238-v1-H1-qscan,GW250119_190238,0.432632714509964,1,0.43263271,64.51620000007097
ensemble@640,baseline+c2psa,0,GW250119_190238-v1-L1-qscan,GW250119_190238,0.2220451980829239,1,0.22204520,67.78750000012224
ensemble@640,baseline+c2psa,0,GW250119_190238-v1-V1-qscan,GW250119_190238,0.0,0,,63.81329999976515
ensemble@640,baseline+c2psa,0,GW250120_042414-v1-H1-qscan,GW250120_042414,0.011873193085193634,1,0.01187319,71.85389999995095
ensemble@640,baseline+c2psa,0,GW250120_042414-v1-L1-qscan,GW250120_042414,0.0,0,,68.7196000003496
ensemble@640,baseline+c2psa,0,GW250120_042414-v1-V1-qscan,GW250120_042414,0.08220277726650238,1,0.08220278,71.99209999953382
ensemble@768,baseline+c2psa,0,GW240406_062847-v1-H1-qscan,GW240406_062847,0.0,0,,94.26899999971283
ensemble@768,baseline+c2psa,0,GW240406_062847-v1-L1-qscan,GW240406_062847,0.016642799600958824,1,0.01664280,92.25189999961003
ensemble@768,baseline+c2psa,0,GW240407_040938-v1-H1-qscan,GW240407_040938,0.16688869893550873,1,0.16688870,86.62679999997636
ensemble@768,baseline+c2psa,0,GW240407_040938-v1-L1-qscan,GW240407_040938,0.03032836690545082,1,0.03032837,92.11349999986851
ensemble@768,baseline+c2psa,0,GW240407_040938-v1-V1-qscan,GW240407_040938,0.04955505207180977,1,0.04955505,89.04040000061286
ensemble@768,baseline+c2psa,0,GW240407_061416-v1-H1-qscan,GW240407_061416,0.8042671084403992,1,0.80426711,92.20279999999548
ensemble@768,baseline+c2psa,0,GW240407_061416-v1-L1-qscan,GW240407_061416,0.03754987567663193,1,0.03754988,89.26169999995182
ensemble@768,baseline+c2psa,0,GW240407_061416-v1-V1-qscan,GW240407_061416,0.0,0,,108.86829999981273
ensemble@768,baseline+c2psa,0,GW240407_214946-v1-H1-qscan,GW240407_214946,0.0,0,,102.98210000019026
ensemble@768,baseline+c2psa,0,GW240407_214946-v1-L1-qscan,GW240407_214946,0.0,0,,102.86029999997481
ensemble@768,baseline+c2psa,0,GW240407_214946-v1-V1-qscan,GW240407_214946,0.0,0,,97.34240000034333
ensemble@768,baseline+c2psa,0,GW240408_081753-v1-H1-qscan,GW240408_081753,0.015337865799665451,1,0.01533787,102.26200000033714
ensemble@768,baseline+c2psa,0,GW240408_081753-v1-L1-qscan,GW240408_081753,0.0,0,,99.68390000040017
ensemble@768,baseline+c2psa,0,GW240411_074140-v1-H1-qscan,GW240411_074140,0.022995971143245697,1,0.02299597,104.07740000027843
ensemble@768,baseline+c2psa,0,GW240411_074140-v1-L1-qscan,GW240411_074140,0.1585542857646942,1,0.15855429,110.18190000049799
ensemble@768,baseline+c2psa,0,GW240413_022019-v1-H1-qscan,GW240413_022019,0.0,0,,113.26470000085465
ensemble@768,baseline+c2psa,0,GW240413_022019-v1-L1-qscan,GW240413_022019,0.6845409274101257,1,0.68454093,109.21779999944192
ensemble@768,baseline+c2psa,0,GW240413_022019-v1-V1-qscan,GW240413_022019,0.0,0,,103.46550000076604
ensemble@768,baseline+c2psa,0,GW240414_054515-v1-H1-qscan,GW240414_054515,0.835238516330719,1,0.83523852,104.41360000004352
ensemble@768,baseline+c2psa,0,GW240414_054515-v1-V1-qscan,GW240414_054515,0.1582081913948059,1,0.15820819,101.7649999994319
ensemble@768,baseline+c2psa,0,GW240419_041206-v1-H1-qscan,GW240419_041206,0.24378718435764313,1,0.24378718,103.69760000003225
ensemble@768,baseline+c2psa,0,GW240419_041206-v1-L1-qscan,GW240419_041206,0.02641213685274124,1,0.02641214,107.52859999956854
ensemble@768,baseline+c2psa,0,GW240419_041206-v1-V1-qscan,GW240419_041206,0.012330936267971992,1,0.01233094,103.71990000066944
ensemble@768,baseline+c2psa,0,GW240420_175625-v1-H1-qscan,GW240420_175625,0.72515869140625,1,0.72515869,104.7539000001052
ensemble@768,baseline+c2psa,0,GW240421_052935-v1-H1-qscan,GW240421_052935,0.4288574457168579,1,0.42885745,103.76869999981864
ensemble@768,baseline+c2psa,0,GW240421_052935-v1-L1-qscan,GW240421_052935,0.0,0,,106.37070000075255
ensemble@768,baseline+c2psa,0,GW240421_052935-v1-V1-qscan,GW240421_052935,0.0,0,,103.59669999979815
ensemble@768,baseline+c2psa,0,GW240426_031451-v1-H1-qscan,GW240426_031451,0.12102741748094559,1,0.12102742,104.5813000000635
ensemble@768,baseline+c2psa,0,GW240426_031451-v1-L1-qscan,GW240426_031451,0.19265644252300262,1,0.19265644,103.9174999991701
ensemble@768,baseline+c2psa,0,GW240426_085802-v1-H1-qscan,GW240426_085802,0.12973399460315704,1,0.12973399,105.98780000009356
ensemble@768,baseline+c2psa,0,GW240426_085802-v1-L1-qscan,GW240426_085802,0.0,0,,99.27610000022469
ensemble@768,baseline+c2psa,0,GW240426_085802-v1-V1-qscan,GW240426_085802,0.0,0,,100.21379999898272
ensemble@768,baseline+c2psa,0,GW240428_225440-v1-H1-qscan,GW240428_225440,0.6549955606460571,1,0.65499556,97.31199999941964
ensemble@768,baseline+c2psa,0,GW240428_225440-v1-V1-qscan,GW240428_225440,0.05777985602617264,1,0.05777986,101.27670000019862
ensemble@768,baseline+c2psa,0,GW240430_093517-v1-H1-qscan,GW240430_093517,0.0,0,,98.62140000041109
ensemble@768,baseline+c2psa,0,GW240430_093517-v1-L1-qscan,GW240430_093517,0.6696693301200867,1,0.66966933,92.93010000010327
ensemble@768,baseline+c2psa,0,GW240501_033534-v1-H1-qscan,GW240501_033534,0.8929222226142883,1,0.89292222,99.42330000058064
ensemble@768,baseline+c2psa,0,GW240501_033534-v1-L1-qscan,GW240501_033534,0.9152022004127502,1,0.91520220,103.8671999995131
ensemble@768,baseline+c2psa,0,GW240501_033534-v1-V1-qscan,GW240501_033534,0.0,0,,101.83860000051936
ensemble@768,baseline+c2psa,0,GW240505_133552-v1-H1-qscan,GW240505_133552,0.8097350597381592,1,0.80973506,96.77120000014838
ensemble@768,baseline+c2psa,0,GW240505_133552-v1-L1-qscan,GW240505_133552,0.5813539028167725,1,0.58135390,100.17250000009881
ensemble@768,baseline+c2psa,0,GW240505_133552-v1-V1-qscan,GW240505_133552,0.0,0,,100.08749999997235
ensemble@768,baseline+c2psa,0,GW240507_041632-v1-H1-qscan,GW240507_041632,0.3416460156440735,1,0.34164602,100.52229999928386
ensemble@768,baseline+c2psa,0,GW240507_041632-v1-L1-qscan,GW240507_041632,0.5743913650512695,1,0.57439137,99.28800000034244
ensemble@768,baseline+c2psa,0,GW240507_041632-v1-V1-qscan,GW240507_041632,0.0,0,,98.9305000002787
ensemble@768,baseline+c2psa,0,GW240509_102351-v1-H1-qscan,GW240509_102351,0.0,0,,100.51509999993868
ensemble@768,baseline+c2psa,0,GW240509_102351-v1-L1-qscan,GW240509_102351,0.018461281433701515,1,0.01846128,97.42169999935868
ensemble@768,baseline+c2psa,0,GW240509_102351-v1-V1-qscan,GW240509_102351,0.0,0,,96.86239999973623
ensemble@768,baseline+c2psa,0,GW240511_031507-v1-H1-qscan,GW240511_031507,0.8854359984397888,1,0.88543600,94.39259999999194
ensemble@768,baseline+c2psa,0,GW240511_031507-v1-L1-qscan,GW240511_031507,0.7698332667350769,1,0.76983327,92.8873000002568
ensemble@768,baseline+c2psa,0,GW240511_031507-v1-V1-qscan,GW240511_031507,0.06330283731222153,1,0.06330284,97.7709999997387
ensemble@768,baseline+c2psa,0,GW240512_024139-v1-H1-qscan,GW240512_024139,0.0,0,,99.85469999992347
ensemble@768,baseline+c2psa,0,GW240512_024139-v1-L1-qscan,GW240512_024139,0.35245606303215027,1,0.35245606,98.62990000056016
ensemble@768,baseline+c2psa,0,GW240512_024139-v1-V1-qscan,GW240512_024139,0.0,0,,94.88299999884475
ensemble@768,baseline+c2psa,0,GW240512_051606-v1-H1-qscan,GW240512_051606,0.5652981400489807,1,0.56529814,94.33200000057695
ensemble@768,baseline+c2psa,0,GW240512_051606-v1-L1-qscan,GW240512_051606,0.03549027815461159,1,0.03549028,98.68079999978363
ensemble@768,baseline+c2psa,0,GW240512_051606-v1-V1-qscan,GW240512_051606,0.0,0,,98.11079999963113
ensemble@768,baseline+c2psa,0,GW240513_183302-v1-H1-qscan,GW240513_183302,0.6227084994316101,1,0.62270850,98.33270000035554
ensemble@768,baseline+c2psa,0,GW240513_183302-v1-L1-qscan,GW240513_183302,0.6296015977859497,1,0.62960160,100.66949999963981
ensemble@768,baseline+c2psa,0,GW240513_183302-v1-V1-qscan,GW240513_183302,0.0,0,,99.2063000003327
ensemble@768,baseline+c2psa,0,GW240514_121713-v1-H1-qscan,GW240514_121713,0.8955878615379333,1,0.89558786,97.55440000026283
ensemble@768,baseline+c2psa,0,GW240514_121713-v1-L1-qscan,GW240514_121713,0.8852753639221191,1,0.88527536,102.56550000030984
ensemble@768,baseline+c2psa,0,GW240514_121713-v1-V1-qscan,GW240514_121713,0.0,0,,97.27310000016587
ensemble@768,baseline+c2psa,0,GW240515_005301-v1-H1-qscan,GW240515_005301,0.9043284058570862,1,0.90432841,94.66390000034153
ensemble@768,baseline+c2psa,0,GW240515_005301-v1-L1-qscan,GW240515_005301,0.35183826088905334,1,0.35183826,95.15170000122453
ensemble@768,baseline+c2psa,0,GW240515_005301-v1-V1-qscan,GW240515_005301,0.0,0,,98.70429999955377
ensemble@768,baseline+c2psa,0,GW240516_041939-v1-H1-qscan,GW240516_041939,0.0,0,,98.46659999948315
ensemble@768,baseline+c2psa,0,GW240516_041939-v1-L1-qscan,GW240516_041939,0.0,0,,99.30689999873721
ensemble@768,baseline+c2psa,0,GW240516_041939-v1-V1-qscan,GW240516_041939,0.01837386004626751,1,0.01837386,99.9599999995553
ensemble@768,baseline+c2psa,0,GW240519_012815-v1-L1-qscan,GW240519_012815,0.8901329040527344,1,0.89013290,88.42809999987367
ensemble@768,baseline+c2psa,0,GW240519_012815-v1-V1-qscan,GW240519_012815,0.7890950441360474,1,0.78909504,94.25819999978557
ensemble@768,baseline+c2psa,0,GW240520_213616-v1-H1-qscan,GW240520_213616,0.31952765583992004,1,0.31952766,100.35820000121021
ensemble@768,baseline+c2psa,0,GW240520_213616-v1-L1-qscan,GW240520_213616,0.0,0,,98.57079999983398
ensemble@768,baseline+c2psa,0,GW240520_213616-v1-V1-qscan,GW240520_213616,0.0,0,,97.76460000011866
ensemble@768,baseline+c2psa,0,GW240525_031210-v1-H1-qscan,GW240525_031210,0.8256213068962097,1,0.82562131,87.99079999971582
ensemble@768,baseline+c2psa,0,GW240525_031210-v1-L1-qscan,GW240525_031210,0.7944369912147522,1,0.79443699,92.52289999949426
ensemble@768,baseline+c2psa,0,GW240525_031210-v1-V1-qscan,GW240525_031210,0.0,0,,98.16719999980705
ensemble@768,baseline+c2psa,0,GW240525_201644-v1-H1-qscan,GW240525_201644,0.0,0,,113.18759999994654
ensemble@768,baseline+c2psa,0,GW240525_201644-v1-L1-qscan,GW240525_201644,0.0,0,,104.86719999971683
ensemble@768,baseline+c2psa,0,GW240525_201644-v1-V1-qscan,GW240525_201644,0.0,0,,93.89029999874765
ensemble@768,baseline+c2psa,0,GW240526_093944-v1-H1-qscan,GW240526_093944,0.6449777483940125,1,0.64497775,92.60059999996884
ensemble@768,baseline+c2psa,0,GW240526_093944-v1-L1-qscan,GW240526_093944,0.0,0,,97.28739999991376
ensemble@768,baseline+c2psa,0,GW240526_093944-v1-V1-qscan,GW240526_093944,0.0,0,,98.10620000007475
ensemble@768,baseline+c2psa,0,GW240527_150907-v1-H1-qscan,GW240527_150907,0.0,0,,92.82569999959378
ensemble@768,baseline+c2psa,0,GW240527_150907-v1-L1-qscan,GW240527_150907,0.0,0,,102.92870000012044
ensemble@768,baseline+c2psa,0,GW240527_150907-v1-V1-qscan,GW240527_150907,0.0259010661393404,1,0.02590107,100.04870000011579
ensemble@768,baseline+c2psa,0,GW240527_183429-v1-H1-qscan,GW240527_183429,0.6273922324180603,1,0.62739223,92.28800000073534
ensemble@768,baseline+c2psa,0,GW240527_183429-v1-L1-qscan,GW240527_183429,0.16946512460708618,1,0.16946512,97.85339999962162
ensemble@768,baseline+c2psa,0,GW240527_183429-v1-V1-qscan,GW240527_183429,0.0,0,,97.29409999908967
ensemble@768,baseline+c2psa,0,GW240527_230910-v1-H1-qscan,GW240527_230910,0.15386216342449188,1,0.15386216,97.63930000008259
ensemble@768,baseline+c2psa,0,GW240527_230910-v1-L1-qscan,GW240527_230910,0.08034496009349823,1,0.08034496,99.55130000071222
ensemble@768,baseline+c2psa,0,GW240527_230910-v1-V1-qscan,GW240527_230910,0.11409274488687515,1,0.11409274,94.75360000033106
ensemble@768,baseline+c2psa,0,GW240530_012417-v1-H1-qscan,GW240530_012417,0.10241858661174774,1,0.10241859,93.597499999305
ensemble@768,baseline+c2psa,0,GW240530_012417-v1-L1-qscan,GW240530_012417,0.6861793398857117,1,0.68617934,98.16640000099142
ensemble@768,baseline+c2psa,0,GW240530_012417-v1-V1-qscan,GW240530_012417,0.0,0,,99.5865999993839
ensemble@768,baseline+c2psa,0,GW240531_040326-v1-H1-qscan,GW240531_040326,0.10793787986040115,1,0.10793788,99.50630000003002
ensemble@768,baseline+c2psa,0,GW240531_040326-v1-L1-qscan,GW240531_040326,0.0,0,,91.66100000038568
ensemble@768,baseline+c2psa,0,GW240531_040326-v1-V1-qscan,GW240531_040326,0.0,0,,98.20880000006582
ensemble@768,baseline+c2psa,0,GW240531_075248-v1-H1-qscan,GW240531_075248,0.0,0,,97.86519999943266
ensemble@768,baseline+c2psa,0,GW240531_075248-v1-L1-qscan,GW240531_075248,0.9140591621398926,1,0.91405916,96.47539999969013
ensemble@768,baseline+c2psa,0,GW240531_075248-v1-V1-qscan,GW240531_075248,0.15911224484443665,1,0.15911224,95.90529999968567
ensemble@768,baseline+c2psa,0,GW240601_061200-v1-H1-qscan,GW240601_061200,0.051431816071271896,1,0.05143182,94.84040000006644
ensemble@768,baseline+c2psa,0,GW240601_061200-v1-L1-qscan,GW240601_061200,0.5568332076072693,1,0.55683321,96.61719999985507
ensemble@768,baseline+c2psa,0,GW240601_061200-v1-V1-qscan,GW240601_061200,0.0,0,,96.69720000056259
ensemble@768,baseline+c2psa,0,GW240601_231004-v1-H1-qscan,GW240601_231004,0.0,0,,94.58290000020497
ensemble@768,baseline+c2psa,0,GW240601_231004-v1-L1-qscan,GW240601_231004,0.0,0,,97.52840000055585
ensemble@768,baseline+c2psa,0,GW240601_231004-v1-V1-qscan,GW240601_231004,0.09439586848020554,1,0.09439587,91.95880000061152
ensemble@768,baseline+c2psa,0,GW240611_214835-v1-L1-qscan,GW240611_214835,0.2667672634124756,1,0.26676726,93.6747000005198
ensemble@768,baseline+c2psa,0,GW240611_214835-v1-V1-qscan,GW240611_214835,0.0,0,,94.23040000001492
ensemble@768,baseline+c2psa,0,GW240612_081540-v1-H1-qscan,GW240612_081540,0.35975998640060425,1,0.35975999,95.61510000003182
ensemble@768,baseline+c2psa,0,GW240612_081540-v1-L1-qscan,GW240612_081540,0.16683335602283478,1,0.16683336,97.91760000007343
ensemble@768,baseline+c2psa,0,GW240612_081540-v1-V1-qscan,GW240612_081540,0.0,0,,94.19359999992594
ensemble@768,baseline+c2psa,0,GW240613_011503-v1-H1-qscan,GW240613_011503,0.0,0,,92.46549999988929
ensemble@768,baseline+c2psa,0,GW240613_011503-v1-L1-qscan,GW240613_011503,0.08370324224233627,1,0.08370324,88.92049999940355
ensemble@768,baseline+c2psa,0,GW240613_011503-v1-V1-qscan,GW240613_011503,0.0,0,,92.14810000048601
ensemble@768,baseline+c2psa,0,GW240615_113620-v1-H1-qscan,GW240615_113620,0.927310049533844,1,0.92731005,93.80909999981668
ensemble@768,baseline+c2psa,0,GW240615_113620-v1-L1-qscan,GW240615_113620,0.9161478281021118,1,0.91614783,97.16500000013184
ensemble@768,baseline+c2psa,0,GW240615_113620-v1-V1-qscan,GW240615_113620,0.08951256424188614,1,0.08951256,96.96309999981167
ensemble@768,baseline+c2psa,0,GW240615_160735-v1-H1-qscan,GW240615_160735,0.8559467196464539,1,0.85594672,97.23989999929472
ensemble@768,baseline+c2psa,0,GW240615_160735-v1-L1-qscan,GW240615_160735,0.38746124505996704,1,0.38746125,91.86949999912031
ensemble@768,baseline+c2psa,0,GW240615_160735-v1-V1-qscan,GW240615_160735,0.0,0,,94.34020000117016
ensemble@768,baseline+c2psa,0,GW240618_071627-v1-H1-qscan,GW240618_071627,0.6128917932510376,1,0.61289179,96.64620000057766
ensemble@768,baseline+c2psa,0,GW240618_071627-v1-L1-qscan,GW240618_071627,0.36562883853912354,1,0.36562884,96.03600000082224
ensemble@768,baseline+c2psa,0,GW240619_044535-v1-H1-qscan,GW240619_044535,0.07929892838001251,1,0.07929893,100.19590000138123
ensemble@768,baseline+c2psa,0,GW240619_044535-v1-L1-qscan,GW240619_044535,0.0,0,,99.07919999932346
ensemble@768,baseline+c2psa,0,GW240619_044535-v1-V1-qscan,GW240619_044535,0.0,0,,92.90650000002643
ensemble@768,baseline+c2psa,0,GW240619_212357-v1-H1-qscan,GW240619_212357,0.8453995585441589,1,0.84539956,91.2746000003608
ensemble@768,baseline+c2psa,0,GW240619_212357-v1-L1-qscan,GW240619_212357,0.0,0,,97.29419999985112
ensemble@768,baseline+c2psa,0,GW240619_212357-v1-V1-qscan,GW240619_212357,0.03973061591386795,1,0.03973062,96.57359999982873
ensemble@768,baseline+c2psa,0,GW240620_094631-v1-H1-qscan,GW240620_094631,0.0,0,,94.2457999999533
ensemble@768,baseline+c2psa,0,GW240620_094631-v1-L1-qscan,GW240620_094631,0.0,0,,95.26660000028642
ensemble@768,baseline+c2psa,0,GW240620_094631-v1-V1-qscan,GW240620_094631,0.0,0,,93.8759000000573
ensemble@768,baseline+c2psa,0,GW240621_103457-v1-H1-qscan,GW240621_103457,0.21703465282917023,1,0.21703465,98.87240000080055
ensemble@768,baseline+c2psa,0,GW240621_103457-v1-L1-qscan,GW240621_103457,0.0,0,,98.16249999948923
ensemble@768,baseline+c2psa,0,GW240621_103457-v1-V1-qscan,GW240621_103457,0.0,0,,96.63490000002639
ensemble@768,baseline+c2psa,0,GW240621_195059-v1-H1-qscan,GW240621_195059,0.9625710248947144,1,0.96257102,95.62040000037086
ensemble@768,baseline+c2psa,0,GW240621_195059-v1-L1-qscan,GW240621_195059,0.9437075853347778,1,0.94370759,95.68080000099144
ensemble@768,baseline+c2psa,0,GW240621_195059-v1-V1-qscan,GW240621_195059,0.0719219222664833,1,0.07192192,92.75929999967047
ensemble@768,baseline+c2psa,0,GW240621_200935-v1-H1-qscan,GW240621_200935,0.3246704936027527,1,0.32467049,97.41519999988668
ensemble@768,baseline+c2psa,0,GW240621_200935-v1-L1-qscan,GW240621_200935,0.6268115043640137,1,0.62681150,98.71790000033798
ensemble@768,baseline+c2psa,0,GW240621_200935-v1-V1-qscan,GW240621_200935,0.0,0,,98.89830000065558
ensemble@768,baseline+c2psa,0,GW240621_214041-v1-H1-qscan,GW240621_214041,0.14248141646385193,1,0.14248142,94.03070000007574
ensemble@768,baseline+c2psa,0,GW240621_214041-v1-L1-qscan,GW240621_214041,0.842311441898346,1,0.84231144,92.48180000031425
ensemble@768,baseline+c2psa,0,GW240621_214041-v1-V1-qscan,GW240621_214041,0.0,0,,95.01759999966453
ensemble@768,baseline+c2psa,0,GW240622_004008-v1-H1-qscan,GW240622_004008,0.35451599955558777,1,0.35451600,99.02499999952852
ensemble@768,baseline+c2psa,0,GW240622_004008-v1-L1-qscan,GW240622_004008,0.8380545973777771,1,0.83805460,98.55220000008558
ensemble@768,baseline+c2psa,0,GW240622_004008-v1-V1-qscan,GW240622_004008,0.020127950236201286,1,0.02012795,97.67889999966428
ensemble@768,baseline+c2psa,0,GW240625_073331-v1-H1-qscan,GW240625_073331,0.04470892250537872,1,0.04470892,96.23559999999998
ensemble@768,baseline+c2psa,0,GW240625_073331-v1-L1-qscan,GW240625_073331,0.0,0,,97.37089999998716
ensemble@768,baseline+c2psa,0,GW240627_131622-v1-H1-qscan,GW240627_131622,0.758578896522522,1,0.75857890,91.82369999962248
ensemble@768,baseline+c2psa,0,GW240627_131622-v1-L1-qscan,GW240627_131622,0.106443390250206,1,0.10644339,95.50289999970119
ensemble@768,baseline+c2psa,0,GW240627_131622-v1-V1-qscan,GW240627_131622,0.0,0,,97.47969999989436
ensemble@768,baseline+c2psa,0,GW240629_145256-v1-H1-qscan,GW240629_145256,0.16486871242523193,1,0.16486871,94.40470000026835
ensemble@768,baseline+c2psa,0,GW240629_145256-v1-L1-qscan,GW240629_145256,0.6221498847007751,1,0.62214988,96.84620000007271
ensemble@768,baseline+c2psa,0,GW240629_145256-v1-V1-qscan,GW240629_145256,0.0,0,,93.3826999998928
ensemble@768,baseline+c2psa,0,GW240630_101703-v1-H1-qscan,GW240630_101703,0.5303301215171814,1,0.53033012,96.085199999834
ensemble@768,baseline+c2psa,0,GW240630_101703-v1-V1-qscan,GW240630_101703,0.0,0,,97.71920000002865
ensemble@768,baseline+c2psa,0,GW240630_115348-v1-H1-qscan,GW240630_115348,0.6159906983375549,1,0.61599070,94.8644999989483
ensemble@768,baseline+c2psa,0,GW240630_115348-v1-L1-qscan,GW240630_115348,0.8013582229614258,1,0.80135822,98.66249999959109
ensemble@768,baseline+c2psa,0,GW240630_115348-v1-V1-qscan,GW240630_115348,0.054906971752643585,1,0.05490697,97.35529999943537
ensemble@768,baseline+c2psa,0,GW240630_212937-v1-H1-qscan,GW240630_212937,0.02021244540810585,1,0.02021245,96.37430000020686
ensemble@768,baseline+c2psa,0,GW240630_212937-v1-L1-qscan,GW240630_212937,0.012116420082747936,1,0.01211642,98.48750000037398
ensemble@768,baseline+c2psa,0,GW240630_212937-v1-V1-qscan,GW240630_212937,0.0,0,,97.18529999918246
ensemble@768,baseline+c2psa,0,GW240701_011640-v1-H1-qscan,GW240701_011640,0.030435414984822273,1,0.03043541,96.15320000011707
ensemble@768,baseline+c2psa,0,GW240701_011640-v1-L1-qscan,GW240701_011640,0.0,0,,95.37080000063725
ensemble@768,baseline+c2psa,0,GW240701_011640-v1-V1-qscan,GW240701_011640,0.0,0,,99.08859999995911
ensemble@768,baseline+c2psa,0,GW240701_013826-v1-H1-qscan,GW240701_013826,0.0,0,,98.11829999944166
ensemble@768,baseline+c2psa,0,GW240701_013826-v1-L1-qscan,GW240701_013826,0.0,0,,88.35460000045714
ensemble@768,baseline+c2psa,0,GW240701_013826-v1-V1-qscan,GW240701_013826,0.5994093418121338,1,0.59940934,89.00790000006964
ensemble@768,baseline+c2psa,0,GW240701_203807-v1-H1-qscan,GW240701_203807,0.0,0,,95.86189999936323
ensemble@768,baseline+c2psa,0,GW240701_203807-v1-L1-qscan,GW240701_203807,0.0,0,,98.38270000091143
ensemble@768,baseline+c2psa,0,GW240701_203807-v1-V1-qscan,GW240701_203807,0.06492452323436737,1,0.06492452,97.75449999960983
ensemble@768,baseline+c2psa,0,GW240703_191355-v1-L1-qscan,GW240703_191355,0.6395164132118225,1,0.63951641,94.73429999979999
ensemble@768,baseline+c2psa,0,GW240703_191355-v1-V1-qscan,GW240703_191355,0.02526705525815487,1,0.02526706,93.17189999910624
ensemble@768,baseline+c2psa,0,GW240705_053215-v1-H1-qscan,GW240705_053215,0.8793420791625977,1,0.87934208,97.90400000019872
ensemble@768,baseline+c2psa,0,GW240705_053215-v1-L1-qscan,GW240705_053215,0.9032937288284302,1,0.90329373,97.14769999936834
ensemble@768,baseline+c2psa,0,GW240705_053215-v1-V1-qscan,GW240705_053215,0.0,0,,95.84679999989021
ensemble@768,baseline+c2psa,0,GW240716_034900-v1-L1-qscan,GW240716_034900,0.9025737643241882,1,0.90257376,93.81690000009257
ensemble@768,baseline+c2psa,0,GW240716_034900-v1-V1-qscan,GW240716_034900,0.0,0,,92.9643000008582
ensemble@768,baseline+c2psa,0,GW240806_043539-v1-L1-qscan,GW240806_043539,0.02961297519505024,1,0.02961298,98.63879999920755
ensemble@768,baseline+c2psa,0,GW240806_043539-v1-V1-qscan,GW240806_043539,0.0,0,,96.4574999998149
ensemble@768,baseline+c2psa,0,GW240807_214559-v1-L1-qscan,GW240807_214559,0.023376381024718285,1,0.02337638,97.36520000024029
ensemble@768,baseline+c2psa,0,GW240807_214559-v1-V1-qscan,GW240807_214559,0.0,0,,94.7600000008606
ensemble@768,baseline+c2psa,0,GW240813_034548-v1-L1-qscan,GW240813_034548,0.0,0,,96.84849999939615
ensemble@768,baseline+c2psa,0,GW240813_034548-v1-V1-qscan,GW240813_034548,0.012235315516591072,1,0.01223532,93.44740000051388
ensemble@768,baseline+c2psa,0,GW240814_145043-v1-L1-qscan,GW240814_145043,0.20315751433372498,1,0.20315751,96.19039999961387
ensemble@768,baseline+c2psa,0,GW240814_145043-v1-V1-qscan,GW240814_145043,0.0,0,,98.91699999934644
ensemble@768,baseline+c2psa,0,GW240824_205609-v1-H1-qscan,GW240824_205609,0.253772497177124,1,0.25377250,105.3146000003835
ensemble@768,baseline+c2psa,0,GW240824_205609-v1-L1-qscan,GW240824_205609,0.0,0,,96.88619999997172
ensemble@768,baseline+c2psa,0,GW240824_205609-v1-V1-qscan,GW240824_205609,0.6927439570426941,1,0.69274396,91.984799999409
ensemble@768,baseline+c2psa,0,GW240825_055146-v1-H1-qscan,GW240825_055146,0.19457457959651947,1,0.19457458,96.66899999956513
ensemble@768,baseline+c2psa,0,GW240825_055146-v1-L1-qscan,GW240825_055146,0.6087216138839722,1,0.60872161,95.98600000026636
ensemble@768,baseline+c2psa,0,GW240825_055146-v1-V1-qscan,GW240825_055146,0.0775613859295845,1,0.07756139,99.0990000000238
ensemble@768,baseline+c2psa,0,GW240828_102340-v1-H1-qscan,GW240828_102340,0.10212381929159164,1,0.10212382,99.50840000055905
ensemble@768,baseline+c2psa,0,GW240828_102340-v1-L1-qscan,GW240828_102340,0.5147326588630676,1,0.51473266,93.69609999976092
ensemble@768,baseline+c2psa,0,GW240828_102340-v1-V1-qscan,GW240828_102340,0.0,0,,95.77410000019881
ensemble@768,baseline+c2psa,0,GW240830_211120-v1-H1-qscan,GW240830_211120,0.0,0,,97.05550000035146
ensemble@768,baseline+c2psa,0,GW240830_211120-v1-L1-qscan,GW240830_211120,0.6996070742607117,1,0.69960707,96.93570000035834
ensemble@768,baseline+c2psa,0,GW240830_211120-v1-V1-qscan,GW240830_211120,0.0,0,,98.00900000027468
ensemble@768,baseline+c2psa,0,GW240901_195332-v1-H1-qscan,GW240901_195332,0.0,0,,98.67010000016307
ensemble@768,baseline+c2psa,0,GW240901_195332-v1-L1-qscan,GW240901_195332,0.03642602264881134,1,0.03642602,93.06180000021413
ensemble@768,baseline+c2psa,0,GW240901_195332-v1-V1-qscan,GW240901_195332,0.0,0,,94.55930000058288
ensemble@768,baseline+c2psa,0,GW240902_143306-v1-H1-qscan,GW240902_143306,0.6181645393371582,1,0.61816454,96.54729999965639
ensemble@768,baseline+c2psa,0,GW240902_143306-v1-L1-qscan,GW240902_143306,0.11272622644901276,1,0.11272623,97.0221000006859
ensemble@768,baseline+c2psa,0,GW240902_143306-v1-V1-qscan,GW240902_143306,0.2853747606277466,1,0.28537476,97.6728000005096
ensemble@768,baseline+c2psa,0,GW240907_092521-v1-H1-qscan,GW240907_092521,0.19684013724327087,1,0.19684014,95.58059999926627
ensemble@768,baseline+c2psa,0,GW240907_092521-v1-L1-qscan,GW240907_092521,0.013784755021333694,1,0.01378476,96.44339999977092
ensemble@768,baseline+c2psa,0,GW240907_092521-v1-V1-qscan,GW240907_092521,0.0,0,,96.00320000026841
ensemble@768,baseline+c2psa,0,GW240907_121650-v1-H1-qscan,GW240907_121650,0.10797692090272903,1,0.10797692,97.6994000002378
ensemble@768,baseline+c2psa,0,GW240907_121650-v1-L1-qscan,GW240907_121650,0.0,0,,96.53960000014195
ensemble@768,baseline+c2psa,0,GW240907_121650-v1-V1-qscan,GW240907_121650,0.40192079544067383,1,0.40192080,90.59870000055525
ensemble@768,baseline+c2psa,0,GW240907_153833-v1-H1-qscan,GW240907_153833,0.736522912979126,1,0.73652291,96.64830000110669
ensemble@768,baseline+c2psa,0,GW240907_153833-v1-L1-qscan,GW240907_153833,0.8717325329780579,1,0.87173253,97.30690000014874
ensemble@768,baseline+c2psa,0,GW240907_153833-v1-V1-qscan,GW240907_153833,0.2044823318719864,1,0.20448233,98.44840000005206
ensemble@768,baseline+c2psa,0,GW240908_082628-v1-H1-qscan,GW240908_082628,0.538285493850708,1,0.53828549,94.21999999904074
ensemble@768,baseline+c2psa,0,GW240908_082628-v1-L1-qscan,GW240908_082628,0.6256883144378662,1,0.62568831,93.16859999944427
ensemble@768,baseline+c2psa,0,GW240908_082628-v1-V1-qscan,GW240908_082628,0.03987670689821243,1,0.03987671,93.44049999981507
ensemble@768,baseline+c2psa,0,GW240908_125134-v1-H1-qscan,GW240908_125134,0.6584665179252625,1,0.65846652,98.00710000035906
ensemble@768,baseline+c2psa,0,GW240908_125134-v1-L1-qscan,GW240908_125134,0.09964817017316818,1,0.09964817,91.43670000048587
ensemble@768,baseline+c2psa,0,GW240908_125134-v1-V1-qscan,GW240908_125134,0.0,0,,93.29360000083398
ensemble@768,baseline+c2psa,0,GW240908_174149-v1-H1-qscan,GW240908_174149,0.049695901572704315,1,0.04969590,93.01109999978507
ensemble@768,baseline+c2psa,0,GW240908_174149-v1-L1-qscan,GW240908_174149,0.0,0,,92.90600000076665
ensemble@768,baseline+c2psa,0,GW240908_174149-v1-V1-qscan,GW240908_174149,0.0,0,,92.28580000035436
ensemble@768,baseline+c2psa,0,GW240910_103535-v1-H1-qscan,GW240910_103535,0.7240097522735596,1,0.72400975,89.28500000001804
ensemble@768,baseline+c2psa,0,GW240910_103535-v1-L1-qscan,GW240910_103535,0.13019698858261108,1,0.13019699,97.08020000016404
ensemble@768,baseline+c2psa,0,GW240913_111216-v1-H1-qscan,GW240913_111216,0.10061600804328918,1,0.10061601,98.99459999996907
ensemble@768,baseline+c2psa,0,GW240913_111216-v1-L1-qscan,GW240913_111216,0.0,0,,99.2644999996628
ensemble@768,baseline+c2psa,0,GW240913_111216-v1-V1-qscan,GW240913_111216,0.011530932039022446,1,0.01153093,90.94699999968725
ensemble@768,baseline+c2psa,0,GW240915_001357-v1-H1-qscan,GW240915_001357,0.4768105447292328,1,0.47681054,94.49279999989812
ensemble@768,baseline+c2psa,0,GW240915_001357-v1-L1-qscan,GW240915_001357,0.8241477012634277,1,0.82414770,97.07870000056573
ensemble@768,baseline+c2psa,0,GW240915_001357-v1-V1-qscan,GW240915_001357,0.0,0,,97.7720999990197
ensemble@768,baseline+c2psa,0,GW240915_045510-v1-H1-qscan,GW240915_045510,0.5537619590759277,1,0.55376196,97.21859999990556
ensemble@768,baseline+c2psa,0,GW240915_045510-v1-L1-qscan,GW240915_045510,0.0,0,,94.24459999991086
ensemble@768,baseline+c2psa,0,GW240915_045510-v1-V1-qscan,GW240915_045510,0.9139295816421509,1,0.91392958,92.81780000128492
ensemble@768,baseline+c2psa,0,GW240915_105151-v1-H1-qscan,GW240915_105151,0.565944254398346,1,0.56594425,98.38180000042485
ensemble@768,baseline+c2psa,0,GW240915_105151-v1-V1-qscan,GW240915_105151,0.0,0,,95.04800000013347
ensemble@768,baseline+c2psa,0,GW240916_184352-v1-H1-qscan,GW240916_184352,0.0,0,,97.02740000011545
ensemble@768,baseline+c2psa,0,GW240916_184352-v1-L1-qscan,GW240916_184352,0.0,0,,97.48539999964123
ensemble@768,baseline+c2psa,0,GW240916_184352-v1-V1-qscan,GW240916_184352,0.04603093862533569,1,0.04603094,93.15579999929469
ensemble@768,baseline+c2psa,0,GW240917_130237-v1-H1-qscan,GW240917_130237,0.0,0,,96.86870000041381
ensemble@768,baseline+c2psa,0,GW240917_130237-v1-L1-qscan,GW240917_130237,0.0,0,,95.27090000028693
ensemble@768,baseline+c2psa,0,GW240919_061559-v1-H1-qscan,GW240919_061559,0.6698833703994751,1,0.66988337,97.27740000016638
ensemble@768,baseline+c2psa,0,GW240919_061559-v1-L1-qscan,GW240919_061559,0.8919199705123901,1,0.89191997,96.8020999998771
ensemble@768,baseline+c2psa,0,GW240919_061559-v1-V1-qscan,GW240919_061559,0.5582806468009949,1,0.55828065,99.37189999982365
ensemble@768,baseline+c2psa,0,GW240919_215453-v1-H1-qscan,GW240919_215453,0.0,0,,88.52579999893351
ensemble@768,baseline+c2psa,0,GW240919_215453-v1-L1-qscan,GW240919_215453,0.5396952033042908,1,0.53969520,97.19529999983934
ensemble@768,baseline+c2psa,0,GW240919_215453-v1-V1-qscan,GW240919_215453,0.0,0,,96.2589000000662
ensemble@768,baseline+c2psa,0,GW240920_073424-v1-H1-qscan,GW240920_073424,0.8329683542251587,1,0.83296835,96.81340000042837
ensemble@768,baseline+c2psa,0,GW240920_073424-v1-L1-qscan,GW240920_073424,0.6409692168235779,1,0.64096922,98.57190000093397
ensemble@768,baseline+c2psa,0,GW240920_073424-v1-V1-qscan,GW240920_073424,0.7287811040878296,1,0.72878110,94.80650000023161
ensemble@768,baseline+c2psa,0,GW240920_124024-v1-H1-qscan,GW240920_124024,0.915320873260498,1,0.91532087,95.61500000108936
ensemble@768,baseline+c2psa,0,GW240920_124024-v1-L1-qscan,GW240920_124024,0.8176749348640442,1,0.81767493,99.1716999997152
ensemble@768,baseline+c2psa,0,GW240921_201835-v1-L1-qscan,GW240921_201835,0.4981496036052704,1,0.49814960,99.47310000006837
ensemble@768,baseline+c2psa,0,GW240921_201835-v1-V1-qscan,GW240921_201835,0.0,0,,96.39620000052673
ensemble@768,baseline+c2psa,0,GW240923_000715-v1-H1-qscan,GW240923_000715,0.0,0,,93.21820000059233
ensemble@768,baseline+c2psa,0,GW240923_000715-v1-L1-qscan,GW240923_000715,0.0,0,,95.17740000046615
ensemble@768,baseline+c2psa,0,GW240923_000715-v1-V1-qscan,GW240923_000715,0.05444534122943878,1,0.05444534,98.20830000080605
ensemble@768,baseline+c2psa,0,GW240923_110846-v1-H1-qscan,GW240923_110846,0.839617133140564,1,0.83961713,90.95569999954023
ensemble@768,baseline+c2psa,0,GW240923_204006-v1-H1-qscan,GW240923_204006,0.3864194452762604,1,0.38641945,93.94189999966329
ensemble@768,baseline+c2psa,0,GW240923_204006-v1-L1-qscan,GW240923_204006,0.8584297299385071,1,0.85842973,98.7966000002416
ensemble@768,baseline+c2psa,0,GW240924_000316-v1-H1-qscan,GW240924_000316,0.4911021888256073,1,0.49110219,93.09920000123384
ensemble@768,baseline+c2psa,0,GW240924_000316-v1-L1-qscan,GW240924_000316,0.09749934077262878,1,0.09749934,94.95830000014394
ensemble@768,baseline+c2psa,0,GW240924_000316-v1-V1-qscan,GW240924_000316,0.0,0,,99.93560000020807
ensemble@768,baseline+c2psa,0,GW240925_000956-v1-H1-qscan,GW240925_000956,0.02606230601668358,1,0.02606231,95.29769999971904
ensemble@768,baseline+c2psa,0,GW240925_000956-v1-L1-qscan,GW240925_000956,0.028001366183161736,1,0.02800137,97.81959999963874
ensemble@768,baseline+c2psa,0,GW240925_000956-v1-V1-qscan,GW240925_000956,0.020132098346948624,1,0.02013210,97.18169999996462
ensemble@768,baseline+c2psa,0,GW240925_005809-v2-H1-qscan,GW240925_005809,0.965209424495697,1,0.96520942,89.68099999947299
ensemble@768,baseline+c2psa,0,GW240925_005809-v2-L1-qscan,GW240925_005809,0.955544114112854,1,0.95554411,89.60290000050009
ensemble@768,baseline+c2psa,0,GW240925_005809-v2-V1-qscan,GW240925_005809,0.0,0,,95.17910000067786
ensemble@768,baseline+c2psa,0,GW240930_035959-v1-H1-qscan,GW240930_035959,0.6770316958427429,1,0.67703170,102.51319999952102
ensemble@768,baseline+c2psa,0,GW240930_035959-v1-L1-qscan,GW240930_035959,0.5359697937965393,1,0.53596979,95.87019999980839
ensemble@768,baseline+c2psa,0,GW240930_035959-v1-V1-qscan,GW240930_035959,0.14379113912582397,1,0.14379114,97.50359999998182
ensemble@768,baseline+c2psa,0,GW240930_123408-v1-H1-qscan,GW240930_123408,0.6384021639823914,1,0.63840216,96.02340000037657
ensemble@768,baseline+c2psa,0,GW240930_123408-v1-L1-qscan,GW240930_123408,0.0,0,,95.66069999982574
ensemble@768,baseline+c2psa,0,GW240930_123408-v1-V1-qscan,GW240930_123408,0.0,0,,102.42759999982809
ensemble@768,baseline+c2psa,0,GW240930_234614-v1-H1-qscan,GW240930_234614,0.0,0,,98.00999999970372
ensemble@768,baseline+c2psa,0,GW240930_234614-v1-L1-qscan,GW240930_234614,0.2863955795764923,1,0.28639558,95.39430000040738
ensemble@768,baseline+c2psa,0,GW240930_234614-v1-V1-qscan,GW240930_234614,0.0,0,,93.71209999972052
ensemble@768,baseline+c2psa,0,GW241002_030559-v1-L1-qscan,GW241002_030559,0.6818192601203918,1,0.68181926,97.12110000054963
ensemble@768,baseline+c2psa,0,GW241002_030559-v1-V1-qscan,GW241002_030559,0.0,0,,97.1480000007432
ensemble@768,baseline+c2psa,0,GW241006_015333-v1-H1-qscan,GW241006_015333,0.13880376517772675,1,0.13880377,97.0458999991024
ensemble@768,baseline+c2psa,0,GW241006_015333-v1-L1-qscan,GW241006_015333,0.837339460849762,1,0.83733946,93.69150000020454
ensemble@768,baseline+c2psa,0,GW241006_015333-v1-V1-qscan,GW241006_015333,0.034073468297719955,1,0.03407347,93.77799999947456
ensemble@768,baseline+c2psa,0,GW241007_082943-v1-H1-qscan,GW241007_082943,0.4227868914604187,1,0.42278689,98.48450000026787
ensemble@768,baseline+c2psa,0,GW241007_082943-v1-L1-qscan,GW241007_082943,0.21202459931373596,1,0.21202460,97.46330000052694
ensemble@768,baseline+c2psa,0,GW241007_082943-v1-V1-qscan,GW241007_082943,0.0,0,,90.71190000031493
ensemble@768,baseline+c2psa,0,GW241009_022835-v1-H1-qscan,GW241009_022835,0.0,0,,92.64419999908569
ensemble@768,baseline+c2psa,0,GW241009_022835-v1-L1-qscan,GW241009_022835,0.4343661665916443,1,0.43436617,97.49170000031882
ensemble@768,baseline+c2psa,0,GW241009_022835-v1-V1-qscan,GW241009_022835,0.0,0,,97.80709999995452
ensemble@768,baseline+c2psa,0,GW241009_084816-v1-H1-qscan,GW241009_084816,0.3715507388114929,1,0.37155074,96.47419999964768
ensemble@768,baseline+c2psa,0,GW241009_084816-v1-L1-qscan,GW241009_084816,0.13110969960689545,1,0.13110970,94.35300000041025
ensemble@768,baseline+c2psa,0,GW241009_084816-v1-V1-qscan,GW241009_084816,0.0,0,,97.26779999982682
ensemble@768,baseline+c2psa,0,GW241009_220455-v1-H1-qscan,GW241009_220455,0.7470766305923462,1,0.74707663,98.2890999994197
ensemble@768,baseline+c2psa,0,GW241009_220455-v1-L1-qscan,GW241009_220455,0.08189322799444199,1,0.08189323,98.67660000054457
ensemble@768,baseline+c2psa,0,GW241009_220455-v1-V1-qscan,GW241009_220455,0.7892151474952698,1,0.78921515,89.11240000088583
ensemble@768,baseline+c2psa,0,GW241011_233834-v2-H1-qscan,GW241011_233834,0.9535099864006042,1,0.95350999,95.31539999989036
ensemble@768,baseline+c2psa,0,GW241011_233834-v2-V1-qscan,GW241011_233834,0.45256689190864563,1,0.45256689,99.32709999975486
ensemble@768,baseline+c2psa,0,GW241018_235402-v1-H1-qscan,GW241018_235402,0.6582843065261841,1,0.65828431,98.07000000000698
ensemble@768,baseline+c2psa,0,GW241018_235402-v1-V1-qscan,GW241018_235402,0.0,0,,96.15109999958804
ensemble@768,baseline+c2psa,0,GW241101_034726-v1-H1-qscan,GW241101_034726,0.0185916218906641,1,0.01859162,89.46820000073785
ensemble@768,baseline+c2psa,0,GW241101_034726-v1-L1-qscan,GW241101_034726,0.1853695958852768,1,0.18536960,97.41740000026766
ensemble@768,baseline+c2psa,0,GW241101_034726-v1-V1-qscan,GW241101_034726,0.0,0,,97.78180000012071
ensemble@768,baseline+c2psa,0,GW241101_220523-v1-L1-qscan,GW241101_220523,0.8231136202812195,1,0.82311362,98.83780000109255
ensemble@768,baseline+c2psa,0,GW241101_220523-v1-V1-qscan,GW241101_220523,0.0,0,,99.2288000006738
ensemble@768,baseline+c2psa,0,GW241102_124058-v1-H1-qscan,GW241102_124058,0.8720417022705078,1,0.87204170,93.656999999439
ensemble@768,baseline+c2psa,0,GW241102_124058-v1-L1-qscan,GW241102_124058,0.5690923929214478,1,0.56909239,96.24179999900662
ensemble@768,baseline+c2psa,0,GW241102_124058-v1-V1-qscan,GW241102_124058,0.016027500852942467,1,0.01602750,98.79380000074889
ensemble@768,baseline+c2psa,0,GW241102_144729-v1-H1-qscan,GW241102_144729,0.7639607787132263,1,0.76396078,96.81359999922279
ensemble@768,baseline+c2psa,0,GW241102_144729-v1-L1-qscan,GW241102_144729,0.9322364926338196,1,0.93223649,98.07480000017677
ensemble@768,baseline+c2psa,0,GW241102_144729-v1-V1-qscan,GW241102_144729,0.0,0,,98.98840000096243
ensemble@768,baseline+c2psa,0,GW241106_110932-v1-H1-qscan,GW241106_110932,0.43924906849861145,1,0.43924907,99.31659999983822
ensemble@768,baseline+c2psa,0,GW241106_110932-v1-L1-qscan,GW241106_110932,0.069035105407238,1,0.06903511,95.78679999958695
ensemble@768,baseline+c2psa,0,GW241106_110932-v1-V1-qscan,GW241106_110932,0.0,0,,97.66880000006495
ensemble@768,baseline+c2psa,0,GW241109_005349-v1-H1-qscan,GW241109_005349,0.0640483945608139,1,0.06404839,93.87980000065
ensemble@768,baseline+c2psa,0,GW241109_005349-v1-L1-qscan,GW241109_005349,0.03251632675528526,1,0.03251633,93.63010000106442
ensemble@768,baseline+c2psa,0,GW241109_033317-v1-L1-qscan,GW241109_033317,0.7456368207931519,1,0.74563682,98.60380000009172
ensemble@768,baseline+c2psa,0,GW241109_033317-v1-V1-qscan,GW241109_033317,0.20959100127220154,1,0.20959100,96.07760000017151
ensemble@768,baseline+c2psa,0,GW241109_115924-v1-H1-qscan,GW241109_115924,0.9410982131958008,1,0.94109821,99.40369999912946
ensemble@768,baseline+c2psa,0,GW241109_115924-v1-V1-qscan,GW241109_115924,0.0,0,,94.51809999973193
ensemble@768,baseline+c2psa,0,GW241110_124123-v2-H1-qscan,GW241110_124123,0.46109524369239807,1,0.46109524,89.8815000000468
ensemble@768,baseline+c2psa,0,GW241110_124123-v2-L1-qscan,GW241110_124123,0.7499576807022095,1,0.74995768,94.49410000070202
ensemble@768,baseline+c2psa,0,GW241110_124123-v2-V1-qscan,GW241110_124123,0.26555168628692627,1,0.26555169,99.43350000048667
ensemble@768,baseline+c2psa,0,GW241111_111552-v1-H1-qscan,GW241111_111552,0.8524858355522156,1,0.85248584,97.8702999991583
ensemble@768,baseline+c2psa,0,GW241111_111552-v1-L1-qscan,GW241111_111552,0.3220798075199127,1,0.32207981,93.00150000035501
ensemble@768,baseline+c2psa,0,GW241113_163507-v1-L1-qscan,GW241113_163507,0.43467947840690613,1,0.43467948,95.18670000034035
ensemble@768,baseline+c2psa,0,GW241113_163507-v1-V1-qscan,GW241113_163507,0.11640099436044693,1,0.11640099,96.75059999972291
ensemble@768,baseline+c2psa,0,GW241114_024711-v1-H1-qscan,GW241114_024711,0.7168756723403931,1,0.71687567,97.91959999984101
ensemble@768,baseline+c2psa,0,GW241114_024711-v1-L1-qscan,GW241114_024711,0.03593694046139717,1,0.03593694,98.25550000095973
ensemble@768,baseline+c2psa,0,GW241114_024711-v1-V1-qscan,GW241114_024711,0.0,0,,92.53360000002431
ensemble@768,baseline+c2psa,0,GW241114_235258-v1-L1-qscan,GW241114_235258,0.0,0,,94.6419000010792
ensemble@768,baseline+c2psa,0,GW241114_235258-v1-V1-qscan,GW241114_235258,0.04751910641789436,1,0.04751911,98.06620000017574
ensemble@768,baseline+c2psa,0,GW241116_151753-v1-H1-qscan,GW241116_151753,0.43808338046073914,1,0.43808338,98.33870000056777
ensemble@768,baseline+c2psa,0,GW241116_151753-v1-L1-qscan,GW241116_151753,0.4602735936641693,1,0.46027359,97.44580000005953
ensemble@768,baseline+c2psa,0,GW241116_151753-v1-V1-qscan,GW241116_151753,0.02493414096534252,1,0.02493414,93.55020000020886
ensemble@768,baseline+c2psa,0,GW241124_024914-v1-H1-qscan,GW241124_024914,0.9480476379394531,1,0.94804764,94.12569999949483
ensemble@768,baseline+c2psa,0,GW241124_024914-v1-L1-qscan,GW241124_024914,0.3723083734512329,1,0.37230837,98.06079999907524
ensemble@768,baseline+c2psa,0,GW241124_024914-v1-V1-qscan,GW241124_024914,0.033099208027124405,1,0.03309921,96.79880000021512
ensemble@768,baseline+c2psa,0,GW241125_010116-v1-H1-qscan,GW241125_010116,0.23333832621574402,1,0.23333833,98.01120000065566
ensemble@768,baseline+c2psa,0,GW241125_010116-v1-L1-qscan,GW241125_010116,0.5919319987297058,1,0.59193200,96.81949999958306
ensemble@768,baseline+c2psa,0,GW241125_010116-v1-V1-qscan,GW241125_010116,0.0,0,,96.83750000021973
ensemble@768,baseline+c2psa,0,GW241127_061008-v1-H1-qscan,GW241127_061008,0.9261742830276489,1,0.92617428,95.01149999960035
ensemble@768,baseline+c2psa,0,GW241127_061008-v1-L1-qscan,GW241127_061008,0.8808571696281433,1,0.88085717,97.28009999889764
ensemble@768,baseline+c2psa,0,GW241127_061008-v1-V1-qscan,GW241127_061008,0.011281519196927547,1,0.01128152,93.83659999912197
ensemble@768,baseline+c2psa,0,GW241129_021832-v1-H1-qscan,GW241129_021832,0.7005038261413574,1,0.70050383,92.58059999956458
ensemble@768,baseline+c2psa,0,GW241129_021832-v1-L1-qscan,GW241129_021832,0.91512531042099,1,0.91512531,96.61839999989752
ensemble@768,baseline+c2psa,0,GW241129_021832-v1-V1-qscan,GW241129_021832,0.015156963840126991,1,0.01515696,95.20599999905244
ensemble@768,baseline+c2psa,0,GW241129_140416-v1-H1-qscan,GW241129_140416,0.051294758915901184,1,0.05129476,98.2797999995455
ensemble@768,baseline+c2psa,0,GW241129_140416-v1-L1-qscan,GW241129_140416,0.01177672203630209,1,0.01177672,94.83989999898768
ensemble@768,baseline+c2psa,0,GW241130_034908-v1-H1-qscan,GW241130_034908,0.9184379577636719,1,0.91843796,87.97229999981937
ensemble@768,baseline+c2psa,0,GW241130_034908-v1-L1-qscan,GW241130_034908,0.7514519095420837,1,0.75145191,94.2228999992949
ensemble@768,baseline+c2psa,0,GW241130_034908-v1-V1-qscan,GW241130_034908,0.19256433844566345,1,0.19256434,98.10490000108985
ensemble@768,baseline+c2psa,0,GW241130_110422-v1-H1-qscan,GW241130_110422,0.08420681953430176,1,0.08420682,99.6261999998751
ensemble@768,baseline+c2psa,0,GW241130_110422-v1-L1-qscan,GW241130_110422,0.44468429684638977,1,0.44468430,98.98150000026362
ensemble@768,baseline+c2psa,0,GW241130_110422-v1-V1-qscan,GW241130_110422,0.0,0,,93.75210000052903
ensemble@768,baseline+c2psa,0,GW241201_055758-v1-H1-qscan,GW241201_055758,0.8362247943878174,1,0.83622479,92.17929999977059
ensemble@768,baseline+c2psa,0,GW241201_055758-v1-L1-qscan,GW241201_055758,0.01566513441503048,1,0.01566513,94.2326000003959
ensemble@768,baseline+c2psa,0,GW241201_055758-v1-V1-qscan,GW241201_055758,0.027712199836969376,1,0.02771220,93.5894999993252
ensemble@768,baseline+c2psa,0,GW241201_142737-v1-H1-qscan,GW241201_142737,0.0,0,,97.3892000001797
ensemble@768,baseline+c2psa,0,GW241201_142737-v1-L1-qscan,GW241201_142737,0.0,0,,99.89949999999226
ensemble@768,baseline+c2psa,0,GW241201_142737-v1-V1-qscan,GW241201_142737,0.304303377866745,1,0.30430338,93.15199999946344
ensemble@768,baseline+c2psa,0,GW241210_023335-v1-H1-qscan,GW241210_023335,0.010636793449521065,1,0.01063679,95.74339999926451
ensemble@768,baseline+c2psa,0,GW241210_023335-v1-L1-qscan,GW241210_023335,0.01627681963145733,1,0.01627682,96.1658999995052
ensemble@768,baseline+c2psa,0,GW241210_060606-v1-H1-qscan,GW241210_060606,0.5542091727256775,1,0.55420917,98.3687000007194
ensemble@768,baseline+c2psa,0,GW241210_060606-v1-L1-qscan,GW241210_060606,0.7044641375541687,1,0.70446414,93.40330000031827
ensemble@768,baseline+c2psa,0,GW241210_060606-v1-V1-qscan,GW241210_060606,0.20654046535491943,1,0.20654047,101.87949999908597
ensemble@768,baseline+c2psa,0,GW241210_120900-v1-H1-qscan,GW241210_120900,0.0,0,,99.72780000043713
ensemble@768,baseline+c2psa,0,GW241210_120900-v1-L1-qscan,GW241210_120900,0.8074425458908081,1,0.80744255,98.79449999971257
ensemble@768,baseline+c2psa,0,GW241219_222607-v1-H1-qscan,GW241219_222607,0.07697062939405441,1,0.07697063,93.65450000041164
ensemble@768,baseline+c2psa,0,GW241219_222607-v1-L1-qscan,GW241219_222607,0.0,0,,98.41330000017479
ensemble@768,baseline+c2psa,0,GW241220_062146-v1-H1-qscan,GW241220_062146,0.0,0,,94.40810000069177
ensemble@768,baseline+c2psa,0,GW241220_062146-v1-L1-qscan,GW241220_062146,0.0,0,,98.21109999938926
ensemble@768,baseline+c2psa,0,GW241225_042553-v1-L1-qscan,GW241225_042553,0.894566535949707,1,0.89456654,99.99389999939012
ensemble@768,baseline+c2psa,0,GW241225_042553-v1-V1-qscan,GW241225_042553,0.032159071415662766,1,0.03215907,100.08509999988746
ensemble@768,baseline+c2psa,0,GW241225_082815-v1-H1-qscan,GW241225_082815,0.9298471808433533,1,0.92984718,93.09370000028139
ensemble@768,baseline+c2psa,0,GW241225_082815-v1-L1-qscan,GW241225_082815,0.9214161038398743,1,0.92141610,93.68549999999232
ensemble@768,baseline+c2psa,0,GW241229_155844-v1-H1-qscan,GW241229_155844,0.878358006477356,1,0.87835801,96.88639999967563
ensemble@768,baseline+c2psa,0,GW241229_155844-v1-L1-qscan,GW241229_155844,0.385662704706192,1,0.38566270,97.55399999903602
ensemble@768,baseline+c2psa,0,GW241229_155844-v1-V1-qscan,GW241229_155844,0.0,0,,98.78399999979592
ensemble@768,baseline+c2psa,0,GW241230_084504-v1-L1-qscan,GW241230_084504,0.9312013387680054,1,0.93120134,95.0596000011501
ensemble@768,baseline+c2psa,0,GW241230_084504-v1-V1-qscan,GW241230_084504,0.3035256266593933,1,0.30352563,98.98160000011558
ensemble@768,baseline+c2psa,0,GW241230_233618-v1-H1-qscan,GW241230_233618,0.09734039753675461,1,0.09734040,97.70270000080927
ensemble@768,baseline+c2psa,0,GW241230_233618-v1-L1-qscan,GW241230_233618,0.8962088227272034,1,0.89620882,97.98050000063085
ensemble@768,baseline+c2psa,0,GW241230_233618-v1-V1-qscan,GW241230_233618,0.0,0,,90.66020000136632
ensemble@768,baseline+c2psa,0,GW241231_054133-v1-H1-qscan,GW241231_054133,0.7823405265808105,1,0.78234053,95.02400000019406
ensemble@768,baseline+c2psa,0,GW241231_054133-v1-L1-qscan,GW241231_054133,0.8053585886955261,1,0.80535859,99.55809999974008
ensemble@768,baseline+c2psa,0,GW241231_054133-v1-V1-qscan,GW241231_054133,0.0,0,,102.81499999928201
ensemble@768,baseline+c2psa,0,GW250101_011205-v1-H1-qscan,GW250101_011205,0.8123997449874878,1,0.81239974,94.92850000060571
ensemble@768,baseline+c2psa,0,GW250101_011205-v1-L1-qscan,GW250101_011205,0.6504018306732178,1,0.65040183,95.43269999994664
ensemble@768,baseline+c2psa,0,GW250101_011205-v1-V1-qscan,GW250101_011205,0.0,0,,97.47549999974581
ensemble@768,baseline+c2psa,0,GW250104_015122-v1-H1-qscan,GW250104_015122,0.7683362364768982,1,0.76833624,99.49719999985973
ensemble@768,baseline+c2psa,0,GW250104_015122-v1-L1-qscan,GW250104_015122,0.7925164699554443,1,0.79251647,96.03770000012446
ensemble@768,baseline+c2psa,0,GW250104_015122-v1-V1-qscan,GW250104_015122,0.020791418850421906,1,0.02079142,90.99559999958728
ensemble@768,baseline+c2psa,0,GW250105_134047-v1-H1-qscan,GW250105_134047,0.0,0,,96.61619999951654
ensemble@768,baseline+c2psa,0,GW250105_134047-v1-L1-qscan,GW250105_134047,0.38833847641944885,1,0.38833848,97.23310000026686
ensemble@768,baseline+c2psa,0,GW250105_134047-v1-V1-qscan,GW250105_134047,0.0,0,,98.70750000027328
ensemble@768,baseline+c2psa,0,GW250108_152221-v1-H1-qscan,GW250108_152221,0.7173665165901184,1,0.71736652,92.8539999995337
ensemble@768,baseline+c2psa,0,GW250108_152221-v1-L1-qscan,GW250108_152221,0.8405857682228088,1,0.84058577,94.93580000071233
ensemble@768,baseline+c2psa,0,GW250108_152221-v1-V1-qscan,GW250108_152221,0.08078625798225403,1,0.08078626,93.79410000019561
ensemble@768,baseline+c2psa,0,GW250109_010541-v1-H1-qscan,GW250109_010541,0.4160265028476715,1,0.41602650,98.35509999993519
ensemble@768,baseline+c2psa,0,GW250109_010541-v1-L1-qscan,GW250109_010541,0.7167884111404419,1,0.71678841,99.05499999968015
ensemble@768,baseline+c2psa,0,GW250109_010541-v1-V1-qscan,GW250109_010541,0.7772108912467957,1,0.77721089,95.26269999969372
ensemble@768,baseline+c2psa,0,GW250109_074552-v1-H1-qscan,GW250109_074552,0.5422824025154114,1,0.54228240,98.20969999964291
ensemble@768,baseline+c2psa,0,GW250109_074552-v1-V1-qscan,GW250109_074552,0.12104213237762451,1,0.12104213,100.98270000071352
ensemble@768,baseline+c2psa,0,GW250109_083206-v1-H1-qscan,GW250109_083206,0.7838613986968994,1,0.78386140,97.63739999925747
ensemble@768,baseline+c2psa,0,GW250109_083206-v1-V1-qscan,GW250109_083206,0.0,0,,94.17570000005071
ensemble@768,baseline+c2psa,0,GW250114_082203-v2-H1-qscan,GW250114_082203,0.20598991215229034,1,0.20598991,93.0954000004931
ensemble@768,baseline+c2psa,0,GW250114_082203-v2-L1-qscan,GW250114_082203,0.2958144247531891,1,0.29581442,97.07590000016353
ensemble@768,baseline+c2psa,0,GW250116_015318-v1-H1-qscan,GW250116_015318,0.8396737575531006,1,0.83967376,97.06150000056368
ensemble@768,baseline+c2psa,0,GW250116_015318-v1-L1-qscan,GW250116_015318,0.0,0,,93.53490000012243
ensemble@768,baseline+c2psa,0,GW250116_015318-v1-V1-qscan,GW250116_015318,0.0,0,,94.78149999995367
ensemble@768,baseline+c2psa,0,GW250116_051426-v1-H1-qscan,GW250116_051426,0.012652636505663395,1,0.01265264,97.06079999978101
ensemble@768,baseline+c2psa,0,GW250116_051426-v1-L1-qscan,GW250116_051426,0.0,0,,97.77369999937946
ensemble@768,baseline+c2psa,0,GW250118_023225-v1-H1-qscan,GW250118_023225,0.5695101618766785,1,0.56951016,97.01649999988149
ensemble@768,baseline+c2psa,0,GW250118_023225-v1-L1-qscan,GW250118_023225,0.7777383327484131,1,0.77773833,99.92140000031213
ensemble@768,baseline+c2psa,0,GW250118_023225-v1-V1-qscan,GW250118_023225,0.0,0,,95.06470000087575
ensemble@768,baseline+c2psa,0,GW250118_055802-v1-H1-qscan,GW250118_055802,0.053834691643714905,1,0.05383469,100.96789999988687
ensemble@768,baseline+c2psa,0,GW250118_055802-v1-L1-qscan,GW250118_055802,0.015721600502729416,1,0.01572160,98.98070000053849
ensemble@768,baseline+c2psa,0,GW250118_055802-v1-V1-qscan,GW250118_055802,0.040803831070661545,1,0.04080383,94.86780000042927
ensemble@768,baseline+c2psa,0,GW250118_170523-v1-H1-qscan,GW250118_170523,0.8474120497703552,1,0.84741205,93.74699999898439
ensemble@768,baseline+c2psa,0,GW250118_170523-v1-L1-qscan,GW250118_170523,0.8123477697372437,1,0.81234777,95.42870000041148
ensemble@768,baseline+c2psa,0,GW250119_025138-v1-H1-qscan,GW250119_025138,0.9256193041801453,1,0.92561930,99.4845000004716
ensemble@768,baseline+c2psa,0,GW250119_025138-v1-L1-qscan,GW250119_025138,0.8851637244224548,1,0.88516372,97.5760999990598
ensemble@768,baseline+c2psa,0,GW250119_025138-v1-V1-qscan,GW250119_025138,0.267503559589386,1,0.26750356,93.49099999963073
ensemble@768,baseline+c2psa,0,GW250119_190238-v1-H1-qscan,GW250119_190238,0.31620943546295166,1,0.31620944,94.99160000086704
ensemble@768,baseline+c2psa,0,GW250119_190238-v1-L1-qscan,GW250119_190238,0.647863507270813,1,0.64786351,94.60479999870586
ensemble@768,baseline+c2psa,0,GW250119_190238-v1-V1-qscan,GW250119_190238,0.0,0,,95.5896000004941
ensemble@768,baseline+c2psa,0,GW250120_042414-v1-H1-qscan,GW250120_042414,0.0,0,,99.18599999946309
ensemble@768,baseline+c2psa,0,GW250120_042414-v1-L1-qscan,GW250120_042414,0.0,0,,93.85940000083792
ensemble@768,baseline+c2psa,0,GW250120_042414-v1-V1-qscan,GW250120_042414,0.16353660821914673,1,0.16353661,90.13289999984408
ensemble@multiscale,baseline+c2psa,0,GW240406_062847-v1-H1-qscan,GW240406_062847,0.0,0,,200.583199999528
ensemble@multiscale,baseline+c2psa,0,GW240406_062847-v1-L1-qscan,GW240406_062847,0.06017306074500084,1,0.06017306,201.05839999951058
ensemble@multiscale,baseline+c2psa,0,GW240407_040938-v1-H1-qscan,GW240407_040938,0.39212766289711,1,0.39212766,201.88049999933355
ensemble@multiscale,baseline+c2psa,0,GW240407_040938-v1-L1-qscan,GW240407_040938,0.03032836690545082,1,0.03032837,202.15529999995852
ensemble@multiscale,baseline+c2psa,0,GW240407_040938-v1-V1-qscan,GW240407_040938,0.05626882612705231,1,0.05626883,198.950500000592
ensemble@multiscale,baseline+c2psa,0,GW240407_061416-v1-H1-qscan,GW240407_061416,0.8127669095993042,1,0.81276691,203.13600000008591
ensemble@multiscale,baseline+c2psa,0,GW240407_061416-v1-L1-qscan,GW240407_061416,0.03754987567663193,1,0.03754988,194.67560000020967
ensemble@multiscale,baseline+c2psa,0,GW240407_061416-v1-V1-qscan,GW240407_061416,0.0,0,,231.1017000006359
ensemble@multiscale,baseline+c2psa,0,GW240407_214946-v1-H1-qscan,GW240407_214946,0.0,0,,220.93049999921277
ensemble@multiscale,baseline+c2psa,0,GW240407_214946-v1-L1-qscan,GW240407_214946,0.0,0,,214.09229999926538
ensemble@multiscale,baseline+c2psa,0,GW240407_214946-v1-V1-qscan,GW240407_214946,0.0,0,,203.21590000003198
ensemble@multiscale,baseline+c2psa,0,GW240408_081753-v1-H1-qscan,GW240408_081753,0.11493123322725296,1,0.11493123,206.3731000007465
ensemble@multiscale,baseline+c2psa,0,GW240408_081753-v1-L1-qscan,GW240408_081753,0.0,0,,206.81950000198412
ensemble@multiscale,baseline+c2psa,0,GW240411_074140-v1-H1-qscan,GW240411_074140,0.022995971143245697,1,0.02299597,215.2011000011953
ensemble@multiscale,baseline+c2psa,0,GW240411_074140-v1-L1-qscan,GW240411_074140,0.1585542857646942,1,0.15855429,215.11680000003253
ensemble@multiscale,baseline+c2psa,0,GW240413_022019-v1-H1-qscan,GW240413_022019,0.0,0,,219.5940000005976
ensemble@multiscale,baseline+c2psa,0,GW240413_022019-v1-L1-qscan,GW240413_022019,0.8708916902542114,1,0.87089169,220.59149999950023
ensemble@multiscale,baseline+c2psa,0,GW240413_022019-v1-V1-qscan,GW240413_022019,0.0,0,,209.786100000656
ensemble@multiscale,baseline+c2psa,0,GW240414_054515-v1-H1-qscan,GW240414_054515,0.835238516330719,1,0.83523852,212.66780000087238
ensemble@multiscale,baseline+c2psa,0,GW240414_054515-v1-V1-qscan,GW240414_054515,0.1582081913948059,1,0.15820819,207.51069999960237
ensemble@multiscale,baseline+c2psa,0,GW240419_041206-v1-H1-qscan,GW240419_041206,0.24378718435764313,1,0.24378718,212.26150000165944
ensemble@multiscale,baseline+c2psa,0,GW240419_041206-v1-L1-qscan,GW240419_041206,0.02641213685274124,1,0.02641214,214.5159999995485
ensemble@multiscale,baseline+c2psa,0,GW240419_041206-v1-V1-qscan,GW240419_041206,0.16442421078681946,1,0.16442421,212.1328000007452
ensemble@multiscale,baseline+c2psa,0,GW240420_175625-v1-H1-qscan,GW240420_175625,0.72515869140625,1,0.72515869,208.69370000036724
ensemble@multiscale,baseline+c2psa,0,GW240421_052935-v1-H1-qscan,GW240421_052935,0.4288574457168579,1,0.42885745,210.73500000011336
ensemble@multiscale,baseline+c2psa,0,GW240421_052935-v1-L1-qscan,GW240421_052935,0.057436227798461914,1,0.05743623,222.288500000559
ensemble@multiscale,baseline+c2psa,0,GW240421_052935-v1-V1-qscan,GW240421_052935,0.0,0,,214.7941000002902
ensemble@multiscale,baseline+c2psa,0,GW240426_031451-v1-H1-qscan,GW240426_031451,0.12102741748094559,1,0.12102742,209.21690000022863
ensemble@multiscale,baseline+c2psa,0,GW240426_031451-v1-L1-qscan,GW240426_031451,0.8424850106239319,1,0.84248501,211.2540999983139
ensemble@multiscale,baseline+c2psa,0,GW240426_085802-v1-H1-qscan,GW240426_085802,0.3740732967853546,1,0.37407330,210.82560000104422
ensemble@multiscale,baseline+c2psa,0,GW240426_085802-v1-L1-qscan,GW240426_085802,0.0,0,,206.7388000000392
ensemble@multiscale,baseline+c2psa,0,GW240426_085802-v1-V1-qscan,GW240426_085802,0.0155880656093359,1,0.01558807,205.3378999976303
ensemble@multiscale,baseline+c2psa,0,GW240428_225440-v1-H1-qscan,GW240428_225440,0.8856828808784485,1,0.88568288,201.62900000013906
ensemble@multiscale,baseline+c2psa,0,GW240428_225440-v1-V1-qscan,GW240428_225440,0.05777985602617264,1,0.05777986,203.1910999999127
ensemble@multiscale,baseline+c2psa,0,GW240430_093517-v1-H1-qscan,GW240430_093517,0.0,0,,210.31150000044363
ensemble@multiscale,baseline+c2psa,0,GW240430_093517-v1-L1-qscan,GW240430_093517,0.8671273589134216,1,0.86712736,200.91430000047694
ensemble@multiscale,baseline+c2psa,0,GW240501_033534-v1-H1-qscan,GW240501_033534,0.9150614142417908,1,0.91506141,207.26720000129717
ensemble@multiscale,baseline+c2psa,0,GW240501_033534-v1-L1-qscan,GW240501_033534,0.9405333995819092,1,0.94053340,208.95130000008066
ensemble@multiscale,baseline+c2psa,0,GW240501_033534-v1-V1-qscan,GW240501_033534,0.0,0,,202.33070000040243
ensemble@multiscale,baseline+c2psa,0,GW240505_133552-v1-H1-qscan,GW240505_133552,0.8153833746910095,1,0.81538337,219.80279999979757
ensemble@multiscale,baseline+c2psa,0,GW240505_133552-v1-L1-qscan,GW240505_133552,0.7945367693901062,1,0.79453677,203.69530000016312
ensemble@multiscale,baseline+c2psa,0,GW240505_133552-v1-V1-qscan,GW240505_133552,0.013921263627707958,1,0.01392126,207.36630000101286
ensemble@multiscale,baseline+c2psa,0,GW240507_041632-v1-H1-qscan,GW240507_041632,0.3416460156440735,1,0.34164602,207.7620999989449
ensemble@multiscale,baseline+c2psa,0,GW240507_041632-v1-L1-qscan,GW240507_041632,0.5888102054595947,1,0.58881021,216.55070000042542
ensemble@multiscale,baseline+c2psa,0,GW240507_041632-v1-V1-qscan,GW240507_041632,0.0,0,,215.09100000002945
ensemble@multiscale,baseline+c2psa,0,GW240509_102351-v1-H1-qscan,GW240509_102351,0.0,0,,213.65740000010192
ensemble@multiscale,baseline+c2psa,0,GW240509_102351-v1-L1-qscan,GW240509_102351,0.020137229934334755,1,0.02013723,206.98119999951814
ensemble@multiscale,baseline+c2psa,0,GW240509_102351-v1-V1-qscan,GW240509_102351,0.0,0,,207.05029999953695
ensemble@multiscale,baseline+c2psa,0,GW240511_031507-v1-H1-qscan,GW240511_031507,0.8854359984397888,1,0.88543600,196.19710000006307
ensemble@multiscale,baseline+c2psa,0,GW240511_031507-v1-L1-qscan,GW240511_031507,0.9351291656494141,1,0.93512917,201.7164000003504
ensemble@multiscale,baseline+c2psa,0,GW240511_031507-v1-V1-qscan,GW240511_031507,0.06330283731222153,1,0.06330284,201.9875999994838
ensemble@multiscale,baseline+c2psa,0,GW240512_024139-v1-H1-qscan,GW240512_024139,0.03164727985858917,1,0.03164728,212.01400000063586
ensemble@multiscale,baseline+c2psa,0,GW240512_024139-v1-L1-qscan,GW240512_024139,0.6499437689781189,1,0.64994377,212.81200000021272
ensemble@multiscale,baseline+c2psa,0,GW240512_024139-v1-V1-qscan,GW240512_024139,0.0,0,,213.41199999869787
ensemble@multiscale,baseline+c2psa,0,GW240512_051606-v1-H1-qscan,GW240512_051606,0.5652981400489807,1,0.56529814,199.8134000018581
ensemble@multiscale,baseline+c2psa,0,GW240512_051606-v1-L1-qscan,GW240512_051606,0.03549027815461159,1,0.03549028,207.45889999898282
ensemble@multiscale,baseline+c2psa,0,GW240512_051606-v1-V1-qscan,GW240512_051606,0.0,0,,195.18089999928634
ensemble@multiscale,baseline+c2psa,0,GW240513_183302-v1-H1-qscan,GW240513_183302,0.9579297304153442,1,0.95792973,196.57409999990705
ensemble@multiscale,baseline+c2psa,0,GW240513_183302-v1-L1-qscan,GW240513_183302,0.8948011994361877,1,0.89480120,205.4284000005282
ensemble@multiscale,baseline+c2psa,0,GW240513_183302-v1-V1-qscan,GW240513_183302,0.0,0,,216.41820000013468
ensemble@multiscale,baseline+c2psa,0,GW240514_121713-v1-H1-qscan,GW240514_121713,0.8955878615379333,1,0.89558786,205.7306000006065
ensemble@multiscale,baseline+c2psa,0,GW240514_121713-v1-L1-qscan,GW240514_121713,0.8852753639221191,1,0.88527536,210.1029000004928
ensemble@multiscale,baseline+c2psa,0,GW240514_121713-v1-V1-qscan,GW240514_121713,0.0,0,,223.41150000011112
ensemble@multiscale,baseline+c2psa,0,GW240515_005301-v1-H1-qscan,GW240515_005301,0.9043284058570862,1,0.90432841,202.15190000135408
ensemble@multiscale,baseline+c2psa,0,GW240515_005301-v1-L1-qscan,GW240515_005301,0.7493606209754944,1,0.74936062,218.6894000014945
ensemble@multiscale,baseline+c2psa,0,GW240515_005301-v1-V1-qscan,GW240515_005301,0.0,0,,208.4964000009677
ensemble@multiscale,baseline+c2psa,0,GW240516_041939-v1-H1-qscan,GW240516_041939,0.0,0,,203.2346999985748
ensemble@multiscale,baseline+c2psa,0,GW240516_041939-v1-L1-qscan,GW240516_041939,0.0,0,,204.08379999889803
ensemble@multiscale,baseline+c2psa,0,GW240516_041939-v1-V1-qscan,GW240516_041939,0.01837386004626751,1,0.01837386,208.97119999926872
ensemble@multiscale,baseline+c2psa,0,GW240519_012815-v1-L1-qscan,GW240519_012815,0.8901329040527344,1,0.89013290,194.3623999986812
ensemble@multiscale,baseline+c2psa,0,GW240519_012815-v1-V1-qscan,GW240519_012815,0.8655955195426941,1,0.86559552,203.98299999942537
ensemble@multiscale,baseline+c2psa,0,GW240520_213616-v1-H1-qscan,GW240520_213616,0.31952765583992004,1,0.31952766,210.6338000003234
ensemble@multiscale,baseline+c2psa,0,GW240520_213616-v1-L1-qscan,GW240520_213616,0.21539005637168884,1,0.21539006,210.1767999997719
ensemble@multiscale,baseline+c2psa,0,GW240520_213616-v1-V1-qscan,GW240520_213616,0.017608562484383583,1,0.01760856,202.25390000177867
ensemble@multiscale,baseline+c2psa,0,GW240525_031210-v1-H1-qscan,GW240525_031210,0.8256213068962097,1,0.82562131,195.5712000008134
ensemble@multiscale,baseline+c2psa,0,GW240525_031210-v1-L1-qscan,GW240525_031210,0.8487526774406433,1,0.84875268,193.73770000038348
ensemble@multiscale,baseline+c2psa,0,GW240525_031210-v1-V1-qscan,GW240525_031210,0.0,0,,199.35429999941334
ensemble@multiscale,baseline+c2psa,0,GW240525_201644-v1-H1-qscan,GW240525_201644,0.0,0,,218.31729999985328
ensemble@multiscale,baseline+c2psa,0,GW240525_201644-v1-L1-qscan,GW240525_201644,0.0,0,,204.600300000493
ensemble@multiscale,baseline+c2psa,0,GW240525_201644-v1-V1-qscan,GW240525_201644,0.0,0,,194.35129999874334
ensemble@multiscale,baseline+c2psa,0,GW240526_093944-v1-H1-qscan,GW240526_093944,0.6449777483940125,1,0.64497775,207.7025999997204
ensemble@multiscale,baseline+c2psa,0,GW240526_093944-v1-L1-qscan,GW240526_093944,0.0,0,,208.521199999268
ensemble@multiscale,baseline+c2psa,0,GW240526_093944-v1-V1-qscan,GW240526_093944,0.0,0,,203.38160000073913
ensemble@multiscale,baseline+c2psa,0,GW240527_150907-v1-H1-qscan,GW240527_150907,0.0,0,,197.44609999861495
ensemble@multiscale,baseline+c2psa,0,GW240527_150907-v1-L1-qscan,GW240527_150907,0.0,0,,211.10120000048482
ensemble@multiscale,baseline+c2psa,0,GW240527_150907-v1-V1-qscan,GW240527_150907,0.0259010661393404,1,0.02590107,210.68120000063573
ensemble@multiscale,baseline+c2psa,0,GW240527_183429-v1-H1-qscan,GW240527_183429,0.8461869359016418,1,0.84618694,208.9883000003283
ensemble@multiscale,baseline+c2psa,0,GW240527_183429-v1-L1-qscan,GW240527_183429,0.16946512460708618,1,0.16946512,202.75949999995646
ensemble@multiscale,baseline+c2psa,0,GW240527_183429-v1-V1-qscan,GW240527_183429,0.0,0,,211.14759999863963
ensemble@multiscale,baseline+c2psa,0,GW240527_230910-v1-H1-qscan,GW240527_230910,0.6347565054893494,1,0.63475651,204.26580000003014
ensemble@multiscale,baseline+c2psa,0,GW240527_230910-v1-L1-qscan,GW240527_230910,0.08034496009349823,1,0.08034496,208.64440000013929
ensemble@multiscale,baseline+c2psa,0,GW240527_230910-v1-V1-qscan,GW240527_230910,0.11409274488687515,1,0.11409274,196.66709999955856
ensemble@multiscale,baseline+c2psa,0,GW240530_012417-v1-H1-qscan,GW240530_012417,0.10241858661174774,1,0.10241859,194.19410000000425
ensemble@multiscale,baseline+c2psa,0,GW240530_012417-v1-L1-qscan,GW240530_012417,0.8629174828529358,1,0.86291748,203.79320000165535
ensemble@multiscale,baseline+c2psa,0,GW240530_012417-v1-V1-qscan,GW240530_012417,0.0,0,,204.2860000001383
ensemble@multiscale,baseline+c2psa,0,GW240531_040326-v1-H1-qscan,GW240531_040326,0.6792890429496765,1,0.67928904,208.24939999965864
ensemble@multiscale,baseline+c2psa,0,GW240531_040326-v1-L1-qscan,GW240531_040326,0.0,0,,194.73910000033356
ensemble@multiscale,baseline+c2psa,0,GW240531_040326-v1-V1-qscan,GW240531_040326,0.0,0,,202.3479999998017
ensemble@multiscale,baseline+c2psa,0,GW240531_075248-v1-H1-qscan,GW240531_075248,0.0,0,,199.98439999926632
ensemble@multiscale,baseline+c2psa,0,GW240531_075248-v1-L1-qscan,GW240531_075248,0.9372535943984985,1,0.93725359,209.0567000000192
ensemble@multiscale,baseline+c2psa,0,GW240531_075248-v1-V1-qscan,GW240531_075248,0.15911224484443665,1,0.15911224,204.40089999965494
ensemble@multiscale,baseline+c2psa,0,GW240601_061200-v1-H1-qscan,GW240601_061200,0.2484777271747589,1,0.24847773,197.74130000041623
ensemble@multiscale,baseline+c2psa,0,GW240601_061200-v1-L1-qscan,GW240601_061200,0.5568332076072693,1,0.55683321,199.0472999987105
ensemble@multiscale,baseline+c2psa,0,GW240601_061200-v1-V1-qscan,GW240601_061200,0.0,0,,208.5902000007991
ensemble@multiscale,baseline+c2psa,0,GW240601_231004-v1-H1-qscan,GW240601_231004,0.0,0,,201.34830000006332
ensemble@multiscale,baseline+c2psa,0,GW240601_231004-v1-L1-qscan,GW240601_231004,0.0,0,,206.90670000067257
ensemble@multiscale,baseline+c2psa,0,GW240601_231004-v1-V1-qscan,GW240601_231004,0.09439586848020554,1,0.09439587,194.74720000016532
ensemble@multiscale,baseline+c2psa,0,GW240611_214835-v1-L1-qscan,GW240611_214835,0.2880634367465973,1,0.28806344,193.85330000113754
ensemble@multiscale,baseline+c2psa,0,GW240611_214835-v1-V1-qscan,GW240611_214835,0.0,0,,192.85569999919971
ensemble@multiscale,baseline+c2psa,0,GW240612_081540-v1-H1-qscan,GW240612_081540,0.6718988418579102,1,0.67189884,198.33519999929194
ensemble@multiscale,baseline+c2psa,0,GW240612_081540-v1-L1-qscan,GW240612_081540,0.16683335602283478,1,0.16683336,201.12690000132716
ensemble@multiscale,baseline+c2psa,0,GW240612_081540-v1-V1-qscan,GW240612_081540,0.0,0,,198.9518000004864
ensemble@multiscale,baseline+c2psa,0,GW240613_011503-v1-H1-qscan,GW240613_011503,0.0,0,,199.29400000091846
ensemble@multiscale,baseline+c2psa,0,GW240613_011503-v1-L1-qscan,GW240613_011503,0.08370324224233627,1,0.08370324,194.3524999987858
ensemble@multiscale,baseline+c2psa,0,GW240613_011503-v1-V1-qscan,GW240613_011503,0.0,0,,201.88130000087767
ensemble@multiscale,baseline+c2psa,0,GW240615_113620-v1-H1-qscan,GW240615_113620,0.927310049533844,1,0.92731005,192.8369000006569
ensemble@multiscale,baseline+c2psa,0,GW240615_113620-v1-L1-qscan,GW240615_113620,0.9290520548820496,1,0.92905205,206.11950000011348
ensemble@multiscale,baseline+c2psa,0,GW240615_113620-v1-V1-qscan,GW240615_113620,0.08951256424188614,1,0.08951256,198.4984999999142
ensemble@multiscale,baseline+c2psa,0,GW240615_160735-v1-H1-qscan,GW240615_160735,0.8828011751174927,1,0.88280118,202.78029999917635
ensemble@multiscale,baseline+c2psa,0,GW240615_160735-v1-L1-qscan,GW240615_160735,0.7712205052375793,1,0.77122051,195.6014999987019
ensemble@multiscale,baseline+c2psa,0,GW240615_160735-v1-V1-qscan,GW240615_160735,0.0,0,,200.32750000109445
ensemble@multiscale,baseline+c2psa,0,GW240618_071627-v1-H1-qscan,GW240618_071627,0.6128917932510376,1,0.61289179,202.9831999993803
ensemble@multiscale,baseline+c2psa,0,GW240618_071627-v1-L1-qscan,GW240618_071627,0.6889268159866333,1,0.68892682,201.40810000157217
ensemble@multiscale,baseline+c2psa,0,GW240619_044535-v1-H1-qscan,GW240619_044535,0.07929892838001251,1,0.07929893,201.4182000011715
ensemble@multiscale,baseline+c2psa,0,GW240619_044535-v1-L1-qscan,GW240619_044535,0.0,0,,205.00839999931486
ensemble@multiscale,baseline+c2psa,0,GW240619_044535-v1-V1-qscan,GW240619_044535,0.0,0,,205.45040000024528
ensemble@multiscale,baseline+c2psa,0,GW240619_212357-v1-H1-qscan,GW240619_212357,0.9163699150085449,1,0.91636992,200.01360000196655
ensemble@multiscale,baseline+c2psa,0,GW240619_212357-v1-L1-qscan,GW240619_212357,0.0,0,,211.37610000005225
ensemble@multiscale,baseline+c2psa,0,GW240619_212357-v1-V1-qscan,GW240619_212357,0.04098392277956009,1,0.04098392,201.74989999895843
ensemble@multiscale,baseline+c2psa,0,GW240620_094631-v1-H1-qscan,GW240620_094631,0.01642303168773651,1,0.01642303,205.75679999956265
ensemble@multiscale,baseline+c2psa,0,GW240620_094631-v1-L1-qscan,GW240620_094631,0.0,0,,198.37810000080935
ensemble@multiscale,baseline+c2psa,0,GW240620_094631-v1-V1-qscan,GW240620_094631,0.0,0,,198.12000000001717
ensemble@multiscale,baseline+c2psa,0,GW240621_103457-v1-H1-qscan,GW240621_103457,0.21703465282917023,1,0.21703465,201.1118000013994
ensemble@multiscale,baseline+c2psa,0,GW240621_103457-v1-L1-qscan,GW240621_103457,0.03714611381292343,1,0.03714611,200.36989999925936
ensemble@multiscale,baseline+c2psa,0,GW240621_103457-v1-V1-qscan,GW240621_103457,0.0556802935898304,1,0.05568029,199.7615000004771
ensemble@multiscale,baseline+c2psa,0,GW240621_195059-v1-H1-qscan,GW240621_195059,0.9625710248947144,1,0.96257102,208.91300000039337
ensemble@multiscale,baseline+c2psa,0,GW240621_195059-v1-L1-qscan,GW240621_195059,0.9437075853347778,1,0.94370759,208.53960000113148
ensemble@multiscale,baseline+c2psa,0,GW240621_195059-v1-V1-qscan,GW240621_195059,0.1767810732126236,1,0.17678107,195.04189999906885
ensemble@multiscale,baseline+c2psa,0,GW240621_200935-v1-H1-qscan,GW240621_200935,0.368856281042099,1,0.36885628,199.04640000004292
ensemble@multiscale,baseline+c2psa,0,GW240621_200935-v1-L1-qscan,GW240621_200935,0.6268115043640137,1,0.62681150,206.1388000001898
ensemble@multiscale,baseline+c2psa,0,GW240621_200935-v1-V1-qscan,GW240621_200935,0.017253946512937546,1,0.01725395,204.15790000106426
ensemble@multiscale,baseline+c2psa,0,GW240621_214041-v1-H1-qscan,GW240621_214041,0.47728338837623596,1,0.47728339,212.00759999874208
ensemble@multiscale,baseline+c2psa,0,GW240621_214041-v1-L1-qscan,GW240621_214041,0.842311441898346,1,0.84231144,210.0970000005873
ensemble@multiscale,baseline+c2psa,0,GW240621_214041-v1-V1-qscan,GW240621_214041,0.0,0,,200.2847000003385
ensemble@multiscale,baseline+c2psa,0,GW240622_004008-v1-H1-qscan,GW240622_004008,0.5842347741127014,1,0.58423477,206.30639999944833
ensemble@multiscale,baseline+c2psa,0,GW240622_004008-v1-L1-qscan,GW240622_004008,0.9398146271705627,1,0.93981463,205.42720000048575
ensemble@multiscale,baseline+c2psa,0,GW240622_004008-v1-V1-qscan,GW240622_004008,0.020127950236201286,1,0.02012795,202.30530000071667
ensemble@multiscale,baseline+c2psa,0,GW240625_073331-v1-H1-qscan,GW240625_073331,0.0961630791425705,1,0.09616308,199.5230999996238
ensemble@multiscale,baseline+c2psa,0,GW240625_073331-v1-L1-qscan,GW240625_073331,0.0,0,,207.53060000015466
ensemble@multiscale,baseline+c2psa,0,GW240627_131622-v1-H1-qscan,GW240627_131622,0.758578896522522,1,0.75857890,197.9734999995344
ensemble@multiscale,baseline+c2psa,0,GW240627_131622-v1-L1-qscan,GW240627_131622,0.106443390250206,1,0.10644339,202.48769999898286
ensemble@multiscale,baseline+c2psa,0,GW240627_131622-v1-V1-qscan,GW240627_131622,0.04239095374941826,1,0.04239095,200.85549999885188
ensemble@multiscale,baseline+c2psa,0,GW240629_145256-v1-H1-qscan,GW240629_145256,0.2822771370410919,1,0.28227714,208.18440000039118
ensemble@multiscale,baseline+c2psa,0,GW240629_145256-v1-L1-qscan,GW240629_145256,0.6841906905174255,1,0.68419069,198.67400000021007
ensemble@multiscale,baseline+c2psa,0,GW240629_145256-v1-V1-qscan,GW240629_145256,0.020760297775268555,1,0.02076030,201.23990000047343
ensemble@multiscale,baseline+c2psa,0,GW240630_101703-v1-H1-qscan,GW240630_101703,0.8417850136756897,1,0.84178501,203.4482999993088
ensemble@multiscale,baseline+c2psa,0,GW240630_101703-v1-V1-qscan,GW240630_101703,0.0,0,,204.67660000076648
ensemble@multiscale,baseline+c2psa,0,GW240630_115348-v1-H1-qscan,GW240630_115348,0.823343813419342,1,0.82334381,199.0533999996842
ensemble@multiscale,baseline+c2psa,0,GW240630_115348-v1-L1-qscan,GW240630_115348,0.8013582229614258,1,0.80135822,206.55410000017582
ensemble@multiscale,baseline+c2psa,0,GW240630_115348-v1-V1-qscan,GW240630_115348,0.10125690698623657,1,0.10125691,199.1039999993518
ensemble@multiscale,baseline+c2psa,0,GW240630_212937-v1-H1-qscan,GW240630_212937,0.16748172044754028,1,0.16748172,203.35630000045057
ensemble@multiscale,baseline+c2psa,0,GW240630_212937-v1-L1-qscan,GW240630_212937,0.012116420082747936,1,0.01211642,208.08570000053805
ensemble@multiscale,baseline+c2psa,0,GW240630_212937-v1-V1-qscan,GW240630_212937,0.0,0,,208.77899999959482
ensemble@multiscale,baseline+c2psa,0,GW240701_011640-v1-H1-qscan,GW240701_011640,0.7040413022041321,1,0.70404130,198.25720000062574
ensemble@multiscale,baseline+c2psa,0,GW240701_011640-v1-L1-qscan,GW240701_011640,0.012401584535837173,1,0.01240158,192.108200000348
ensemble@multiscale,baseline+c2psa,0,GW240701_011640-v1-V1-qscan,GW240701_011640,0.0,0,,200.56280000017068
ensemble@multiscale,baseline+c2psa,0,GW240701_013826-v1-H1-qscan,GW240701_013826,0.0,0,,209.50840000068638
ensemble@multiscale,baseline+c2psa,0,GW240701_013826-v1-L1-qscan,GW240701_013826,0.0,0,,195.97710000016377
ensemble@multiscale,baseline+c2psa,0,GW240701_013826-v1-V1-qscan,GW240701_013826,0.5994093418121338,1,0.59940934,196.6028999995615
ensemble@multiscale,baseline+c2psa,0,GW240701_203807-v1-H1-qscan,GW240701_203807,0.0,0,,201.99779999984457
ensemble@multiscale,baseline+c2psa,0,GW240701_203807-v1-L1-qscan,GW240701_203807,0.0,0,,207.038800000646
ensemble@multiscale,baseline+c2psa,0,GW240701_203807-v1-V1-qscan,GW240701_203807,0.06492452323436737,1,0.06492452,214.89969999902314
ensemble@multiscale,baseline+c2psa,0,GW240703_191355-v1-L1-qscan,GW240703_191355,0.6395164132118225,1,0.63951641,205.71290000043518
ensemble@multiscale,baseline+c2psa,0,GW240703_191355-v1-V1-qscan,GW240703_191355,0.02526705525815487,1,0.02526706,199.6675000000323
ensemble@multiscale,baseline+c2psa,0,GW240705_053215-v1-H1-qscan,GW240705_053215,0.9592562913894653,1,0.95925629,208.29590000084863
ensemble@multiscale,baseline+c2psa,0,GW240705_053215-v1-L1-qscan,GW240705_053215,0.9032937288284302,1,0.90329373,200.7112999990568
ensemble@multiscale,baseline+c2psa,0,GW240705_053215-v1-V1-qscan,GW240705_053215,0.0,0,,201.15979999991396
ensemble@multiscale,baseline+c2psa,0,GW240716_034900-v1-L1-qscan,GW240716_034900,0.9398602247238159,1,0.93986022,197.42109999970126
ensemble@multiscale,baseline+c2psa,0,GW240716_034900-v1-V1-qscan,GW240716_034900,0.0,0,,197.7566000009574
ensemble@multiscale,baseline+c2psa,0,GW240806_043539-v1-L1-qscan,GW240806_043539,0.02961297519505024,1,0.02961298,205.62109999900713
ensemble@multiscale,baseline+c2psa,0,GW240806_043539-v1-V1-qscan,GW240806_043539,0.0,0,,204.62619999943854
ensemble@multiscale,baseline+c2psa,0,GW240807_214559-v1-L1-qscan,GW240807_214559,0.023376381024718285,1,0.02337638,199.16460000013103
ensemble@multiscale,baseline+c2psa,0,GW240807_214559-v1-V1-qscan,GW240807_214559,0.0,0,,211.44430000049397
ensemble@multiscale,baseline+c2psa,0,GW240813_034548-v1-L1-qscan,GW240813_034548,0.0,0,,197.36390000025494
ensemble@multiscale,baseline+c2psa,0,GW240813_034548-v1-V1-qscan,GW240813_034548,0.019519733265042305,1,0.01951973,194.9549000000843
ensemble@multiscale,baseline+c2psa,0,GW240814_145043-v1-L1-qscan,GW240814_145043,0.20315751433372498,1,0.20315751,194.41439999900467
ensemble@multiscale,baseline+c2psa,0,GW240814_145043-v1-V1-qscan,GW240814_145043,0.0,0,,202.3128999999244
ensemble@multiscale,baseline+c2psa,0,GW240824_205609-v1-H1-qscan,GW240824_205609,0.7472952008247375,1,0.74729520,212.58699999998498
ensemble@multiscale,baseline+c2psa,0,GW240824_205609-v1-L1-qscan,GW240824_205609,0.04250771179795265,1,0.04250771,204.8875000004955
ensemble@multiscale,baseline+c2psa,0,GW240824_205609-v1-V1-qscan,GW240824_205609,0.6927439570426941,1,0.69274396,211.64640000051804
ensemble@multiscale,baseline+c2psa,0,GW240825_055146-v1-H1-qscan,GW240825_055146,0.28058645129203796,1,0.28058645,205.9665000001587
ensemble@multiscale,baseline+c2psa,0,GW240825_055146-v1-L1-qscan,GW240825_055146,0.6087216138839722,1,0.60872161,209.8204000003534
ensemble@multiscale,baseline+c2psa,0,GW240825_055146-v1-V1-qscan,GW240825_055146,0.0775613859295845,1,0.07756139,213.95179999990432
ensemble@multiscale,baseline+c2psa,0,GW240828_102340-v1-H1-qscan,GW240828_102340,0.11321284621953964,1,0.11321285,209.00120000032985
ensemble@multiscale,baseline+c2psa,0,GW240828_102340-v1-L1-qscan,GW240828_102340,0.5147326588630676,1,0.51473266,200.79570000052627
ensemble@multiscale,baseline+c2psa,0,GW240828_102340-v1-V1-qscan,GW240828_102340,0.0,0,,204.54500000096232
ensemble@multiscale,baseline+c2psa,0,GW240830_211120-v1-H1-qscan,GW240830_211120,0.01288046408444643,1,0.01288046,203.04790000182038
ensemble@multiscale,baseline+c2psa,0,GW240830_211120-v1-L1-qscan,GW240830_211120,0.6996070742607117,1,0.69960707,206.97440000139977
ensemble@multiscale,baseline+c2psa,0,GW240830_211120-v1-V1-qscan,GW240830_211120,0.0,0,,209.38349999960337
ensemble@multiscale,baseline+c2psa,0,GW240901_195332-v1-H1-qscan,GW240901_195332,0.0,0,,206.55440000064118
ensemble@multiscale,baseline+c2psa,0,GW240901_195332-v1-L1-qscan,GW240901_195332,0.03642602264881134,1,0.03642602,202.53210000009858
ensemble@multiscale,baseline+c2psa,0,GW240901_195332-v1-V1-qscan,GW240901_195332,0.029483875259757042,1,0.02948388,202.9355000004216
ensemble@multiscale,baseline+c2psa,0,GW240902_143306-v1-H1-qscan,GW240902_143306,0.8234328031539917,1,0.82343280,209.03479999969932
ensemble@multiscale,baseline+c2psa,0,GW240902_143306-v1-L1-qscan,GW240902_143306,0.11272622644901276,1,0.11272623,209.6007000004647
ensemble@multiscale,baseline+c2psa,0,GW240902_143306-v1-V1-qscan,GW240902_143306,0.3639509081840515,1,0.36395091,218.53209999972023
ensemble@multiscale,baseline+c2psa,0,GW240907_092521-v1-H1-qscan,GW240907_092521,0.590106725692749,1,0.59010673,209.03639999914958
ensemble@multiscale,baseline+c2psa,0,GW240907_092521-v1-L1-qscan,GW240907_092521,0.013784755021333694,1,0.01378476,210.50210000021252
ensemble@multiscale,baseline+c2psa,0,GW240907_092521-v1-V1-qscan,GW240907_092521,0.0,0,,201.58480000054624
ensemble@multiscale,baseline+c2psa,0,GW240907_121650-v1-H1-qscan,GW240907_121650,0.10797692090272903,1,0.10797692,206.38749999943684
ensemble@multiscale,baseline+c2psa,0,GW240907_121650-v1-L1-qscan,GW240907_121650,0.014024559408426285,1,0.01402456,220.57460000087303
ensemble@multiscale,baseline+c2psa,0,GW240907_121650-v1-V1-qscan,GW240907_121650,0.40192079544067383,1,0.40192080,196.1967000002005
ensemble@multiscale,baseline+c2psa,0,GW240907_153833-v1-H1-qscan,GW240907_153833,0.7710365653038025,1,0.77103657,204.9457000007351
ensemble@multiscale,baseline+c2psa,0,GW240907_153833-v1-L1-qscan,GW240907_153833,0.8717325329780579,1,0.87173253,209.00519999941025
ensemble@multiscale,baseline+c2psa,0,GW240907_153833-v1-V1-qscan,GW240907_153833,0.42904505133628845,1,0.42904505,211.20330000076137
ensemble@multiscale,baseline+c2psa,0,GW240908_082628-v1-H1-qscan,GW240908_082628,0.538285493850708,1,0.53828549,200.89409999991403
ensemble@multiscale,baseline+c2psa,0,GW240908_082628-v1-L1-qscan,GW240908_082628,0.857452929019928,1,0.85745293,208.85929999940345
ensemble@multiscale,baseline+c2psa,0,GW240908_082628-v1-V1-qscan,GW240908_082628,0.07350613176822662,1,0.07350613,202.1021000005021
ensemble@multiscale,baseline+c2psa,0,GW240908_125134-v1-H1-qscan,GW240908_125134,0.6584665179252625,1,0.65846652,213.77430000029563
ensemble@multiscale,baseline+c2psa,0,GW240908_125134-v1-L1-qscan,GW240908_125134,0.09964817017316818,1,0.09964817,198.2948000008946
ensemble@multiscale,baseline+c2psa,0,GW240908_125134-v1-V1-qscan,GW240908_125134,0.0,0,,204.0055000011307
ensemble@multiscale,baseline+c2psa,0,GW240908_174149-v1-H1-qscan,GW240908_174149,0.20548446476459503,1,0.20548446,203.40270000042437
ensemble@multiscale,baseline+c2psa,0,GW240908_174149-v1-L1-qscan,GW240908_174149,0.0,0,,207.9701000006935
ensemble@multiscale,baseline+c2psa,0,GW240908_174149-v1-V1-qscan,GW240908_174149,0.0,0,,197.36639999973704
ensemble@multiscale,baseline+c2psa,0,GW240910_103535-v1-H1-qscan,GW240910_103535,0.8693892359733582,1,0.86938924,194.55930000049193
ensemble@multiscale,baseline+c2psa,0,GW240910_103535-v1-L1-qscan,GW240910_103535,0.20557531714439392,1,0.20557532,198.04699999986042
ensemble@multiscale,baseline+c2psa,0,GW240913_111216-v1-H1-qscan,GW240913_111216,0.10061600804328918,1,0.10061601,205.4493000000548
ensemble@multiscale,baseline+c2psa,0,GW240913_111216-v1-L1-qscan,GW240913_111216,0.0,0,,201.78849999911108
ensemble@multiscale,baseline+c2psa,0,GW240913_111216-v1-V1-qscan,GW240913_111216,0.011530932039022446,1,0.01153093,205.76220000066314
ensemble@multiscale,baseline+c2psa,0,GW240915_001357-v1-H1-qscan,GW240915_001357,0.4768105447292328,1,0.47681054,208.3627000006345
ensemble@multiscale,baseline+c2psa,0,GW240915_001357-v1-L1-qscan,GW240915_001357,0.9414931535720825,1,0.94149315,212.0205000005626
ensemble@multiscale,baseline+c2psa,0,GW240915_001357-v1-V1-qscan,GW240915_001357,0.0,0,,204.51429999957327
ensemble@multiscale,baseline+c2psa,0,GW240915_045510-v1-H1-qscan,GW240915_045510,0.8380860090255737,1,0.83808601,212.64139999993859
ensemble@multiscale,baseline+c2psa,0,GW240915_045510-v1-L1-qscan,GW240915_045510,0.0,0,,202.5563000006514
ensemble@multiscale,baseline+c2psa,0,GW240915_045510-v1-V1-qscan,GW240915_045510,0.9139295816421509,1,0.91392958,208.36740000231657
ensemble@multiscale,baseline+c2psa,0,GW240915_105151-v1-H1-qscan,GW240915_105151,0.7891892194747925,1,0.78918922,208.69969999966997
ensemble@multiscale,baseline+c2psa,0,GW240915_105151-v1-V1-qscan,GW240915_105151,0.022916976362466812,1,0.02291698,210.59879999984332
ensemble@multiscale,baseline+c2psa,0,GW240916_184352-v1-H1-qscan,GW240916_184352,0.0,0,,203.54919999908816
ensemble@multiscale,baseline+c2psa,0,GW240916_184352-v1-L1-qscan,GW240916_184352,0.0,0,,203.6659000000327
ensemble@multiscale,baseline+c2psa,0,GW240916_184352-v1-V1-qscan,GW240916_184352,0.1491067111492157,1,0.14910671,197.199400000045
ensemble@multiscale,baseline+c2psa,0,GW240917_130237-v1-H1-qscan,GW240917_130237,0.0,0,,209.18059999985417
ensemble@multiscale,baseline+c2psa,0,GW240917_130237-v1-L1-qscan,GW240917_130237,0.0,0,,206.70869999958086
ensemble@multiscale,baseline+c2psa,0,GW240919_061559-v1-H1-qscan,GW240919_061559,0.9341406226158142,1,0.93414062,206.66529999971317
ensemble@multiscale,baseline+c2psa,0,GW240919_061559-v1-L1-qscan,GW240919_061559,0.9291929602622986,1,0.92919296,208.6886999991293
ensemble@multiscale,baseline+c2psa,0,GW240919_061559-v1-V1-qscan,GW240919_061559,0.9359680414199829,1,0.93596804,215.6079000005775
ensemble@multiscale,baseline+c2psa,0,GW240919_215453-v1-H1-qscan,GW240919_215453,0.0,0,,197.87279999854945
ensemble@multiscale,baseline+c2psa,0,GW240919_215453-v1-L1-qscan,GW240919_215453,0.9053340554237366,1,0.90533406,210.41719999948327
ensemble@multiscale,baseline+c2psa,0,GW240919_215453-v1-V1-qscan,GW240919_215453,0.013643153943121433,1,0.01364315,212.715100000878
ensemble@multiscale,baseline+c2psa,0,GW240920_073424-v1-H1-qscan,GW240920_073424,0.8735154271125793,1,0.87351543,202.43240000081641
ensemble@multiscale,baseline+c2psa,0,GW240920_073424-v1-L1-qscan,GW240920_073424,0.6621671915054321,1,0.66216719,198.97470000159956
ensemble@multiscale,baseline+c2psa,0,GW240920_073424-v1-V1-qscan,GW240920_073424,0.7287811040878296,1,0.72878110,202.24620000044524
ensemble@multiscale,baseline+c2psa,0,GW240920_124024-v1-H1-qscan,GW240920_124024,0.9537262320518494,1,0.95372623,200.96370000055686
ensemble@multiscale,baseline+c2psa,0,GW240920_124024-v1-L1-qscan,GW240920_124024,0.9357802271842957,1,0.93578023,210.05960000002233
ensemble@multiscale,baseline+c2psa,0,GW240921_201835-v1-L1-qscan,GW240921_201835,0.7875798940658569,1,0.78757989,209.03589999943506
ensemble@multiscale,baseline+c2psa,0,GW240921_201835-v1-V1-qscan,GW240921_201835,0.0,0,,207.2880000000623
ensemble@multiscale,baseline+c2psa,0,GW240923_000715-v1-H1-qscan,GW240923_000715,0.0,0,,202.4317999998857
ensemble@multiscale,baseline+c2psa,0,GW240923_000715-v1-L1-qscan,GW240923_000715,0.0,0,,206.75980000032723
ensemble@multiscale,baseline+c2psa,0,GW240923_000715-v1-V1-qscan,GW240923_000715,0.05444534122943878,1,0.05444534,211.58440000090195
ensemble@multiscale,baseline+c2psa,0,GW240923_110846-v1-H1-qscan,GW240923_110846,0.8802185654640198,1,0.88021857,199.42239999954836
ensemble@multiscale,baseline+c2psa,0,GW240923_204006-v1-H1-qscan,GW240923_204006,0.6794514656066895,1,0.67945147,205.19939999940107
ensemble@multiscale,baseline+c2psa,0,GW240923_204006-v1-L1-qscan,GW240923_204006,0.9100292921066284,1,0.91002929,202.77580000038142
ensemble@multiscale,baseline+c2psa,0,GW240924_000316-v1-H1-qscan,GW240924_000316,0.8779637217521667,1,0.87796372,195.56760000068607
ensemble@multiscale,baseline+c2psa,0,GW240924_000316-v1-L1-qscan,GW240924_000316,0.28995388746261597,1,0.28995389,199.54500000039843
ensemble@multiscale,baseline+c2psa,0,GW240924_000316-v1-V1-qscan,GW240924_000316,0.0,0,,210.58129999983066
ensemble@multiscale,baseline+c2psa,0,GW240925_000956-v1-H1-qscan,GW240925_000956,0.02606230601668358,1,0.02606231,203.94029999943086
ensemble@multiscale,baseline+c2psa,0,GW240925_000956-v1-L1-qscan,GW240925_000956,0.028001366183161736,1,0.02800137,209.33559999957652
ensemble@multiscale,baseline+c2psa,0,GW240925_000956-v1-V1-qscan,GW240925_000956,0.05545888468623161,1,0.05545888,205.48029999963546
ensemble@multiscale,baseline+c2psa,0,GW240925_005809-v2-H1-qscan,GW240925_005809,0.965209424495697,1,0.96520942,201.3107000002492
ensemble@multiscale,baseline+c2psa,0,GW240925_005809-v2-L1-qscan,GW240925_005809,0.955544114112854,1,0.95554411,193.55980000091222
ensemble@multiscale,baseline+c2psa,0,GW240925_005809-v2-V1-qscan,GW240925_005809,0.0,0,,207.6692000005096
ensemble@multiscale,baseline+c2psa,0,GW240930_035959-v1-H1-qscan,GW240930_035959,0.8857408761978149,1,0.88574088,206.05930000056105
ensemble@multiscale,baseline+c2psa,0,GW240930_035959-v1-L1-qscan,GW240930_035959,0.5359697937965393,1,0.53596979,203.69480000090334
ensemble@multiscale,baseline+c2psa,0,GW240930_035959-v1-V1-qscan,GW240930_035959,0.14379113912582397,1,0.14379114,208.55120000032912
ensemble@multiscale,baseline+c2psa,0,GW240930_123408-v1-H1-qscan,GW240930_123408,0.7149982452392578,1,0.71499825,208.2804000001488
ensemble@multiscale,baseline+c2psa,0,GW240930_123408-v1-L1-qscan,GW240930_123408,0.0,0,,211.0036999993099
ensemble@multiscale,baseline+c2psa,0,GW240930_123408-v1-V1-qscan,GW240930_123408,0.0,0,,207.12199999934455
ensemble@multiscale,baseline+c2psa,0,GW240930_234614-v1-H1-qscan,GW240930_234614,0.0,0,,202.6597999997648
ensemble@multiscale,baseline+c2psa,0,GW240930_234614-v1-L1-qscan,GW240930_234614,0.7218288779258728,1,0.72182888,196.53090000019802
ensemble@multiscale,baseline+c2psa,0,GW240930_234614-v1-V1-qscan,GW240930_234614,0.0,0,,194.82950000019628
ensemble@multiscale,baseline+c2psa,0,GW241002_030559-v1-L1-qscan,GW241002_030559,0.7725249528884888,1,0.77252495,207.84930000081658
ensemble@multiscale,baseline+c2psa,0,GW241002_030559-v1-V1-qscan,GW241002_030559,0.04070410504937172,1,0.04070411,206.0463000011623
ensemble@multiscale,baseline+c2psa,0,GW241006_015333-v1-H1-qscan,GW241006_015333,0.8624286651611328,1,0.86242867,214.15299999807758
ensemble@multiscale,baseline+c2psa,0,GW241006_015333-v1-L1-qscan,GW241006_015333,0.8912777304649353,1,0.89127773,201.47630000064964
ensemble@multiscale,baseline+c2psa,0,GW241006_015333-v1-V1-qscan,GW241006_015333,0.11070068180561066,1,0.11070068,205.14460000003965
ensemble@multiscale,baseline+c2psa,0,GW241007_082943-v1-H1-qscan,GW241007_082943,0.9155174493789673,1,0.91551745,207.51679999966655
ensemble@multiscale,baseline+c2psa,0,GW241007_082943-v1-L1-qscan,GW241007_082943,0.21202459931373596,1,0.21202460,206.9830000004913
ensemble@multiscale,baseline+c2psa,0,GW241007_082943-v1-V1-qscan,GW241007_082943,0.0,0,,198.548700000174
ensemble@multiscale,baseline+c2psa,0,GW241009_022835-v1-H1-qscan,GW241009_022835,0.0,0,,213.4382999997797
ensemble@multiscale,baseline+c2psa,0,GW241009_022835-v1-L1-qscan,GW241009_022835,0.7682127952575684,1,0.76821280,203.4363999996458
ensemble@multiscale,baseline+c2psa,0,GW241009_022835-v1-V1-qscan,GW241009_022835,0.0,0,,206.58760000060283
ensemble@multiscale,baseline+c2psa,0,GW241009_084816-v1-H1-qscan,GW241009_084816,0.8485941886901855,1,0.84859419,199.40589999987424
ensemble@multiscale,baseline+c2psa,0,GW241009_084816-v1-L1-qscan,GW241009_084816,0.3171275556087494,1,0.31712756,201.2055999994118
ensemble@multiscale,baseline+c2psa,0,GW241009_084816-v1-V1-qscan,GW241009_084816,0.0,0,,203.0119999994895
ensemble@multiscale,baseline+c2psa,0,GW241009_220455-v1-H1-qscan,GW241009_220455,0.8058573007583618,1,0.80585730,198.64799999913885
ensemble@multiscale,baseline+c2psa,0,GW241009_220455-v1-L1-qscan,GW241009_220455,0.12641502916812897,1,0.12641503,204.51409999986936
ensemble@multiscale,baseline+c2psa,0,GW241009_220455-v1-V1-qscan,GW241009_220455,0.9041160345077515,1,0.90411603,199.17810000060854
ensemble@multiscale,baseline+c2psa,0,GW241011_233834-v2-H1-qscan,GW241011_233834,0.9580327868461609,1,0.95803279,203.09590000033495
ensemble@multiscale,baseline+c2psa,0,GW241011_233834-v2-V1-qscan,GW241011_233834,0.45256689190864563,1,0.45256689,209.37569999932748
ensemble@multiscale,baseline+c2psa,0,GW241018_235402-v1-H1-qscan,GW241018_235402,0.8283866047859192,1,0.82838660,214.66619999955583
ensemble@multiscale,baseline+c2psa,0,GW241018_235402-v1-V1-qscan,GW241018_235402,0.0,0,,204.64829999946232
ensemble@multiscale,baseline+c2psa,0,GW241101_034726-v1-H1-qscan,GW241101_034726,0.0185916218906641,1,0.01859162,201.1997000008705
ensemble@multiscale,baseline+c2psa,0,GW241101_034726-v1-L1-qscan,GW241101_034726,0.1853695958852768,1,0.18536960,207.0825000005243
ensemble@multiscale,baseline+c2psa,0,GW241101_034726-v1-V1-qscan,GW241101_034726,0.07693696022033691,1,0.07693696,212.4098000003869
ensemble@multiscale,baseline+c2psa,0,GW241101_220523-v1-L1-qscan,GW241101_220523,0.8529842495918274,1,0.85298425,214.48630000077173
ensemble@multiscale,baseline+c2psa,0,GW241101_220523-v1-V1-qscan,GW241101_220523,0.0,0,,205.31879999998637
ensemble@multiscale,baseline+c2psa,0,GW241102_124058-v1-H1-qscan,GW241102_124058,0.8720417022705078,1,0.87204170,202.14999999961947
ensemble@multiscale,baseline+c2psa,0,GW241102_124058-v1-L1-qscan,GW241102_124058,0.810748279094696,1,0.81074828,204.58079999980328
ensemble@multiscale,baseline+c2psa,0,GW241102_124058-v1-V1-qscan,GW241102_124058,0.016027500852942467,1,0.01602750,205.76140000048326
ensemble@multiscale,baseline+c2psa,0,GW241102_144729-v1-H1-qscan,GW241102_144729,0.8579868078231812,1,0.85798681,207.75929999990694
ensemble@multiscale,baseline+c2psa,0,GW241102_144729-v1-L1-qscan,GW241102_144729,0.9327471256256104,1,0.93274713,202.17159999947398
ensemble@multiscale,baseline+c2psa,0,GW241102_144729-v1-V1-qscan,GW241102_144729,0.0,0,,202.75230000015654
ensemble@multiscale,baseline+c2psa,0,GW241106_110932-v1-H1-qscan,GW241106_110932,0.43924906849861145,1,0.43924907,200.44419999885577
ensemble@multiscale,baseline+c2psa,0,GW241106_110932-v1-L1-qscan,GW241106_110932,0.069035105407238,1,0.06903511,199.6304999993299
ensemble@multiscale,baseline+c2psa,0,GW241106_110932-v1-V1-qscan,GW241106_110932,0.0,0,,214.02730000045267
ensemble@multiscale,baseline+c2psa,0,GW241109_005349-v1-H1-qscan,GW241109_005349,0.0640483945608139,1,0.06404839,210.92399999997724
ensemble@multiscale,baseline+c2psa,0,GW241109_005349-v1-L1-qscan,GW241109_005349,0.03251632675528526,1,0.03251633,205.47260000148526
ensemble@multiscale,baseline+c2psa,0,GW241109_033317-v1-L1-qscan,GW241109_033317,0.7756523489952087,1,0.77565235,214.9688000004062
ensemble@multiscale,baseline+c2psa,0,GW241109_033317-v1-V1-qscan,GW241109_033317,0.20959100127220154,1,0.20959100,200.149500000407
ensemble@multiscale,baseline+c2psa,0,GW241109_115924-v1-H1-qscan,GW241109_115924,0.9410982131958008,1,0.94109821,211.11529999916456
ensemble@multiscale,baseline+c2psa,0,GW241109_115924-v1-V1-qscan,GW241109_115924,0.0,0,,204.02269999976852
ensemble@multiscale,baseline+c2psa,0,GW241110_124123-v2-H1-qscan,GW241110_124123,0.5248908996582031,1,0.52489090,203.46160000053715
ensemble@multiscale,baseline+c2psa,0,GW241110_124123-v2-L1-qscan,GW241110_124123,0.7499576807022095,1,0.74995768,205.7677000016156
ensemble@multiscale,baseline+c2psa,0,GW241110_124123-v2-V1-qscan,GW241110_124123,0.2760525643825531,1,0.27605256,223.86610000012297
ensemble@multiscale,baseline+c2psa,0,GW241111_111552-v1-H1-qscan,GW241111_111552,0.8875761032104492,1,0.88757610,208.7138999995659
ensemble@multiscale,baseline+c2psa,0,GW241111_111552-v1-L1-qscan,GW241111_111552,0.3220798075199127,1,0.32207981,204.77420000088387
ensemble@multiscale,baseline+c2psa,0,GW241113_163507-v1-L1-qscan,GW241113_163507,0.8533245921134949,1,0.85332459,206.741399999828
ensemble@multiscale,baseline+c2psa,0,GW241113_163507-v1-V1-qscan,GW241113_163507,0.11640099436044693,1,0.11640099,207.92499999924985
ensemble@multiscale,baseline+c2psa,0,GW241114_024711-v1-H1-qscan,GW241114_024711,0.781943142414093,1,0.78194314,205.58489999893936
ensemble@multiscale,baseline+c2psa,0,GW241114_024711-v1-L1-qscan,GW241114_024711,0.36012834310531616,1,0.36012834,206.1306000005061
ensemble@multiscale,baseline+c2psa,0,GW241114_024711-v1-V1-qscan,GW241114_024711,0.0,0,,194.8155999998562
ensemble@multiscale,baseline+c2psa,0,GW241114_235258-v1-L1-qscan,GW241114_235258,0.02220834791660309,1,0.02220835,217.5922000014907
ensemble@multiscale,baseline+c2psa,0,GW241114_235258-v1-V1-qscan,GW241114_235258,0.04751910641789436,1,0.04751911,206.0260000002927
ensemble@multiscale,baseline+c2psa,0,GW241116_151753-v1-H1-qscan,GW241116_151753,0.43808338046073914,1,0.43808338,212.20880000009856
ensemble@multiscale,baseline+c2psa,0,GW241116_151753-v1-L1-qscan,GW241116_151753,0.7225453853607178,1,0.72254539,214.87550000074407
ensemble@multiscale,baseline+c2psa,0,GW241116_151753-v1-V1-qscan,GW241116_151753,0.02493414096534252,1,0.02493414,216.17810000088866
ensemble@multiscale,baseline+c2psa,0,GW241124_024914-v1-H1-qscan,GW241124_024914,0.9480476379394531,1,0.94804764,207.36329999999725
ensemble@multiscale,baseline+c2psa,0,GW241124_024914-v1-L1-qscan,GW241124_024914,0.46475735306739807,1,0.46475735,213.23969999821202
ensemble@multiscale,baseline+c2psa,0,GW241124_024914-v1-V1-qscan,GW241124_024914,0.033099208027124405,1,0.03309921,199.17209999948682
ensemble@multiscale,baseline+c2psa,0,GW241125_010116-v1-H1-qscan,GW241125_010116,0.23333832621574402,1,0.23333833,206.6890000000967
ensemble@multiscale,baseline+c2psa,0,GW241125_010116-v1-L1-qscan,GW241125_010116,0.7981618642807007,1,0.79816186,201.4959999992243
ensemble@multiscale,baseline+c2psa,0,GW241125_010116-v1-V1-qscan,GW241125_010116,0.0,0,,209.24990000094112
ensemble@multiscale,baseline+c2psa,0,GW241127_061008-v1-H1-qscan,GW241127_061008,0.9437118172645569,1,0.94371182,208.91980000033072
ensemble@multiscale,baseline+c2psa,0,GW241127_061008-v1-L1-qscan,GW241127_061008,0.9193629622459412,1,0.91936296,208.9639999976498
ensemble@multiscale,baseline+c2psa,0,GW241127_061008-v1-V1-qscan,GW241127_061008,0.01791018806397915,1,0.01791019,201.77629999943747
ensemble@multiscale,baseline+c2psa,0,GW241129_021832-v1-H1-qscan,GW241129_021832,0.9229763150215149,1,0.92297632,206.86689999865848
ensemble@multiscale,baseline+c2psa,0,GW241129_021832-v1-L1-qscan,GW241129_021832,0.91512531042099,1,0.91512531,205.53909999944153
ensemble@multiscale,baseline+c2psa,0,GW241129_021832-v1-V1-qscan,GW241129_021832,0.015156963840126991,1,0.01515696,203.4074999992299
ensemble@multiscale,baseline+c2psa,0,GW241129_140416-v1-H1-qscan,GW241129_140416,0.051294758915901184,1,0.05129476,205.3475000002436
ensemble@multiscale,baseline+c2psa,0,GW241129_140416-v1-L1-qscan,GW241129_140416,0.16064688563346863,1,0.16064689,201.77409999860174
ensemble@multiscale,baseline+c2psa,0,GW241130_034908-v1-H1-qscan,GW241130_034908,0.9184379577636719,1,0.91843796,200.34760000044116
ensemble@multiscale,baseline+c2psa,0,GW241130_034908-v1-L1-qscan,GW241130_034908,0.7514519095420837,1,0.75145191,219.56870000030904
ensemble@multiscale,baseline+c2psa,0,GW241130_034908-v1-V1-qscan,GW241130_034908,0.19256433844566345,1,0.19256434,204.49730000063937
ensemble@multiscale,baseline+c2psa,0,GW241130_110422-v1-H1-qscan,GW241130_110422,0.157182514667511,1,0.15718251,211.68490000081874
ensemble@multiscale,baseline+c2psa,0,GW241130_110422-v1-L1-qscan,GW241130_110422,0.44468429684638977,1,0.44468430,211.00229999956355
ensemble@multiscale,baseline+c2psa,0,GW241130_110422-v1-V1-qscan,GW241130_110422,0.0,0,,202.55440000028102
ensemble@multiscale,baseline+c2psa,0,GW241201_055758-v1-H1-qscan,GW241201_055758,0.9012033343315125,1,0.90120333,195.5613999994057
ensemble@multiscale,baseline+c2psa,0,GW241201_055758-v1-L1-qscan,GW241201_055758,0.01566513441503048,1,0.01566513,214.84660000123768
ensemble@multiscale,baseline+c2psa,0,GW241201_055758-v1-V1-qscan,GW241201_055758,0.027712199836969376,1,0.02771220,204.7389999997904
ensemble@multiscale,baseline+c2psa,0,GW241201_142737-v1-H1-qscan,GW241201_142737,0.46729567646980286,1,0.46729568,210.66819999987274
ensemble@multiscale,baseline+c2psa,0,GW241201_142737-v1-L1-qscan,GW241201_142737,0.09691939502954483,1,0.09691940,207.65469999969355
ensemble@multiscale,baseline+c2psa,0,GW241201_142737-v1-V1-qscan,GW241201_142737,0.4969213008880615,1,0.49692130,208.03170000044702
ensemble@multiscale,baseline+c2psa,0,GW241210_023335-v1-H1-qscan,GW241210_023335,0.010636793449521065,1,0.01063679,210.03799999925832
ensemble@multiscale,baseline+c2psa,0,GW241210_023335-v1-L1-qscan,GW241210_023335,0.30324283242225647,1,0.30324283,210.80670000083046
ensemble@multiscale,baseline+c2psa,0,GW241210_060606-v1-H1-qscan,GW241210_060606,0.5542091727256775,1,0.55420917,207.16390000052343
ensemble@multiscale,baseline+c2psa,0,GW241210_060606-v1-L1-qscan,GW241210_060606,0.7044641375541687,1,0.70446414,219.91200000047684
ensemble@multiscale,baseline+c2psa,0,GW241210_060606-v1-V1-qscan,GW241210_060606,0.23217105865478516,1,0.23217106,223.18619999941802
ensemble@multiscale,baseline+c2psa,0,GW241210_120900-v1-H1-qscan,GW241210_120900,0.0,0,,211.3526000002821
ensemble@multiscale,baseline+c2psa,0,GW241210_120900-v1-L1-qscan,GW241210_120900,0.9396822452545166,1,0.93968225,200.07620000023962
ensemble@multiscale,baseline+c2psa,0,GW241219_222607-v1-H1-qscan,GW241219_222607,0.20530803501605988,1,0.20530804,227.4819999997817
ensemble@multiscale,baseline+c2psa,0,GW241219_222607-v1-L1-qscan,GW241219_222607,0.012626970186829567,1,0.01262697,210.2656000006391
ensemble@multiscale,baseline+c2psa,0,GW241220_062146-v1-H1-qscan,GW241220_062146,0.0,0,,208.82030000075247
ensemble@multiscale,baseline+c2psa,0,GW241220_062146-v1-L1-qscan,GW241220_062146,0.010307317599654198,1,0.01030732,207.2595999989062
ensemble@multiscale,baseline+c2psa,0,GW241225_042553-v1-L1-qscan,GW241225_042553,0.894566535949707,1,0.89456654,207.20439999922746
ensemble@multiscale,baseline+c2psa,0,GW241225_042553-v1-V1-qscan,GW241225_042553,0.032159071415662766,1,0.03215907,207.02179999989312
ensemble@multiscale,baseline+c2psa,0,GW241225_082815-v1-H1-qscan,GW241225_082815,0.9298471808433533,1,0.92984718,200.33210000019608
ensemble@multiscale,baseline+c2psa,0,GW241225_082815-v1-L1-qscan,GW241225_082815,0.9214161038398743,1,0.92141610,209.083599999758
ensemble@multiscale,baseline+c2psa,0,GW241229_155844-v1-H1-qscan,GW241229_155844,0.916167140007019,1,0.91616714,208.765599999424
ensemble@multiscale,baseline+c2psa,0,GW241229_155844-v1-L1-qscan,GW241229_155844,0.385662704706192,1,0.38566270,207.6729999989766
ensemble@multiscale,baseline+c2psa,0,GW241229_155844-v1-V1-qscan,GW241229_155844,0.0,0,,211.62309999954232
ensemble@multiscale,baseline+c2psa,0,GW241230_084504-v1-L1-qscan,GW241230_084504,0.9312013387680054,1,0.93120134,210.73140000135027
ensemble@multiscale,baseline+c2psa,0,GW241230_084504-v1-V1-qscan,GW241230_084504,0.3035256266593933,1,0.30352563,216.68069999986983
ensemble@multiscale,baseline+c2psa,0,GW241230_233618-v1-H1-qscan,GW241230_233618,0.09734039753675461,1,0.09734040,204.32000000027983
ensemble@multiscale,baseline+c2psa,0,GW241230_233618-v1-L1-qscan,GW241230_233618,0.8962088227272034,1,0.89620882,214.32430000140812
ensemble@multiscale,baseline+c2psa,0,GW241230_233618-v1-V1-qscan,GW241230_233618,0.0,0,,199.23740000149337
ensemble@multiscale,baseline+c2psa,0,GW241231_054133-v1-H1-qscan,GW241231_054133,0.8908442258834839,1,0.89084423,211.40530000047875
ensemble@multiscale,baseline+c2psa,0,GW241231_054133-v1-L1-qscan,GW241231_054133,0.8053585886955261,1,0.80535859,206.59309999928155
ensemble@multiscale,baseline+c2psa,0,GW241231_054133-v1-V1-qscan,GW241231_054133,0.0,0,,224.24479999926916
ensemble@multiscale,baseline+c2psa,0,GW250101_011205-v1-H1-qscan,GW250101_011205,0.8123997449874878,1,0.81239974,207.14800000132527
ensemble@multiscale,baseline+c2psa,0,GW250101_011205-v1-L1-qscan,GW250101_011205,0.7551818490028381,1,0.75518185,204.9977000006038
ensemble@multiscale,baseline+c2psa,0,GW250101_011205-v1-V1-qscan,GW250101_011205,0.0,0,,205.4932999999437
ensemble@multiscale,baseline+c2psa,0,GW250104_015122-v1-H1-qscan,GW250104_015122,0.8864479064941406,1,0.88644791,210.71570000049178
ensemble@multiscale,baseline+c2psa,0,GW250104_015122-v1-L1-qscan,GW250104_015122,0.8049066066741943,1,0.80490661,200.7538000002569
ensemble@multiscale,baseline+c2psa,0,GW250104_015122-v1-V1-qscan,GW250104_015122,0.020791418850421906,1,0.02079142,200.89709999911065
ensemble@multiscale,baseline+c2psa,0,GW250105_134047-v1-H1-qscan,GW250105_134047,0.0,0,,204.8703000000387
ensemble@multiscale,baseline+c2psa,0,GW250105_134047-v1-L1-qscan,GW250105_134047,0.38833847641944885,1,0.38833848,212.22000000125263
ensemble@multiscale,baseline+c2psa,0,GW250105_134047-v1-V1-qscan,GW250105_134047,0.0,0,,205.97360000101617
ensemble@multiscale,baseline+c2psa,0,GW250108_152221-v1-H1-qscan,GW250108_152221,0.9133453965187073,1,0.91334540,201.49579999906564
ensemble@multiscale,baseline+c2psa,0,GW250108_152221-v1-L1-qscan,GW250108_152221,0.95787113904953,1,0.95787114,211.8637000007766
ensemble@multiscale,baseline+c2psa,0,GW250108_152221-v1-V1-qscan,GW250108_152221,0.08078625798225403,1,0.08078626,207.68969999971887
ensemble@multiscale,baseline+c2psa,0,GW250109_010541-v1-H1-qscan,GW250109_010541,0.5703837871551514,1,0.57038379,209.8083999994742
ensemble@multiscale,baseline+c2psa,0,GW250109_010541-v1-L1-qscan,GW250109_010541,0.9520388841629028,1,0.95203888,210.4157000003397
ensemble@multiscale,baseline+c2psa,0,GW250109_010541-v1-V1-qscan,GW250109_010541,0.7772108912467957,1,0.77721089,206.39100000016697
ensemble@multiscale,baseline+c2psa,0,GW250109_074552-v1-H1-qscan,GW250109_074552,0.8987622261047363,1,0.89876223,207.6786000006905
ensemble@multiscale,baseline+c2psa,0,GW250109_074552-v1-V1-qscan,GW250109_074552,0.12104213237762451,1,0.12104213,217.9432000007182
ensemble@multiscale,baseline+c2psa,0,GW250109_083206-v1-H1-qscan,GW250109_083206,0.8999500274658203,1,0.89995003,211.63509999860253
ensemble@multiscale,baseline+c2psa,0,GW250109_083206-v1-V1-qscan,GW250109_083206,0.0,0,,205.5398999996214
ensemble@multiscale,baseline+c2psa,0,GW250114_082203-v2-H1-qscan,GW250114_082203,0.7544291615486145,1,0.75442916,203.51419999997233
ensemble@multiscale,baseline+c2psa,0,GW250114_082203-v2-L1-qscan,GW250114_082203,0.9198078513145447,1,0.91980785,208.9219999998022
ensemble@multiscale,baseline+c2psa,0,GW250116_015318-v1-H1-qscan,GW250116_015318,0.8396737575531006,1,0.83967376,215.13920000006692
ensemble@multiscale,baseline+c2psa,0,GW250116_015318-v1-L1-qscan,GW250116_015318,0.0,0,,209.01320000029955
ensemble@multiscale,baseline+c2psa,0,GW250116_015318-v1-V1-qscan,GW250116_015318,0.0,0,,209.71609999969587
ensemble@multiscale,baseline+c2psa,0,GW250116_051426-v1-H1-qscan,GW250116_051426,0.020229704678058624,1,0.02022970,209.24050000030547
ensemble@multiscale,baseline+c2psa,0,GW250116_051426-v1-L1-qscan,GW250116_051426,0.0,0,,205.84779999899183
ensemble@multiscale,baseline+c2psa,0,GW250118_023225-v1-H1-qscan,GW250118_023225,0.5787525773048401,1,0.57875258,203.5203000000365
ensemble@multiscale,baseline+c2psa,0,GW250118_023225-v1-L1-qscan,GW250118_023225,0.7777383327484131,1,0.77773833,204.8093999997036
ensemble@multiscale,baseline+c2psa,0,GW250118_023225-v1-V1-qscan,GW250118_023225,0.0,0,,201.16200000074969
ensemble@multiscale,baseline+c2psa,0,GW250118_055802-v1-H1-qscan,GW250118_055802,0.5206036567687988,1,0.52060366,214.86960000083855
ensemble@multiscale,baseline+c2psa,0,GW250118_055802-v1-L1-qscan,GW250118_055802,0.07510443031787872,1,0.07510443,209.5658000007461
ensemble@multiscale,baseline+c2psa,0,GW250118_055802-v1-V1-qscan,GW250118_055802,0.040803831070661545,1,0.04080383,207.24470000095607
ensemble@multiscale,baseline+c2psa,0,GW250118_170523-v1-H1-qscan,GW250118_170523,0.90240478515625,1,0.90240479,205.7353999989573
ensemble@multiscale,baseline+c2psa,0,GW250118_170523-v1-L1-qscan,GW250118_170523,0.9641051888465881,1,0.96410519,204.98949999955585
ensemble@multiscale,baseline+c2psa,0,GW250119_025138-v1-H1-qscan,GW250119_025138,0.9256193041801453,1,0.92561930,207.4433000011595
ensemble@multiscale,baseline+c2psa,0,GW250119_025138-v1-L1-qscan,GW250119_025138,0.8851637244224548,1,0.88516372,208.0004999979792
ensemble@multiscale,baseline+c2psa,0,GW250119_025138-v1-V1-qscan,GW250119_025138,0.27231529355049133,1,0.27231529,199.614599999677
ensemble@multiscale,baseline+c2psa,0,GW250119_190238-v1-H1-qscan,GW250119_190238,0.7364003658294678,1,0.73640037,197.2117000009348
ensemble@multiscale,baseline+c2psa,0,GW250119_190238-v1-L1-qscan,GW250119_190238,0.647863507270813,1,0.64786351,199.28549999849565
ensemble@multiscale,baseline+c2psa,0,GW250119_190238-v1-V1-qscan,GW250119_190238,0.0,0,,201.2906999993902
ensemble@multiscale,baseline+c2psa,0,GW250120_042414-v1-H1-qscan,GW250120_042414,0.014877976849675179,1,0.01487798,214.1913000000386
ensemble@multiscale,baseline+c2psa,0,GW250120_042414-v1-L1-qscan,GW250120_042414,0.0,0,,207.92020000180855
ensemble@multiscale,baseline+c2psa,0,GW250120_042414-v1-V1-qscan,GW250120_042414,0.16353660821914673,1,0.16353661,207.03919999959908
