experiment,model,imgsz,image,event,max_confidence,chirp_count_at_floor,confidences,inference_ms
baseline@512,baseline,512,GW240406_062847-v1-H1-qscan,GW240406_062847,0.0,0,,19.434699999692384
baseline@512,baseline,512,GW240406_062847-v1-L1-qscan,GW240406_062847,0.06017306074500084,1,0.06017306,19.970399999692745
baseline@512,baseline,512,GW240407_040938-v1-H1-qscan,GW240407_040938,0.029240760952234268,2,0.02924076;0.01608416,20.150899999862304
baseline@512,baseline,512,GW240407_040938-v1-L1-qscan,GW240407_040938,0.0,0,,20.811399999729474
baseline@512,baseline,512,GW240407_040938-v1-V1-qscan,GW240407_040938,0.0,0,,19.300599999951373
baseline@512,baseline,512,GW240407_061416-v1-H1-qscan,GW240407_061416,0.6348610520362854,2,0.63486105;0.09509286,16.674200000124983
baseline@512,baseline,512,GW240407_061416-v1-L1-qscan,GW240407_061416,0.0,0,,20.367500000247674
baseline@512,baseline,512,GW240407_061416-v1-V1-qscan,GW240407_061416,0.0,0,,20.34020000064629
baseline@512,baseline,512,GW240407_214946-v1-H1-qscan,GW240407_214946,0.0,0,,21.64950000042154
baseline@512,baseline,512,GW240407_214946-v1-L1-qscan,GW240407_214946,0.0,0,,16.336300000148185
baseline@512,baseline,512,GW240407_214946-v1-V1-qscan,GW240407_214946,0.0,0,,15.418599999975413
baseline@512,baseline,512,GW240408_081753-v1-H1-qscan,GW240408_081753,0.11493123322725296,2,0.11493123;0.02024101,17.475999999987835
baseline@512,baseline,512,GW240408_081753-v1-L1-qscan,GW240408_081753,0.0,0,,15.174099999967439
baseline@512,baseline,512,GW240411_074140-v1-H1-qscan,GW240411_074140,0.0,0,,16.81449999978213
baseline@512,baseline,512,GW240411_074140-v1-L1-qscan,GW240411_074140,0.0,0,,18.329200000152923
baseline@512,baseline,512,GW240413_022019-v1-H1-qscan,GW240413_022019,0.0,0,,14.890499999637541
baseline@512,baseline,512,GW240413_022019-v1-L1-qscan,GW240413_022019,0.863311767578125,1,0.86331177,17.07529999930557
baseline@512,baseline,512,GW240413_022019-v1-V1-qscan,GW240413_022019,0.0,0,,17.1637000003102
baseline@512,baseline,512,GW240414_054515-v1-H1-qscan,GW240414_054515,0.07354340702295303,3,0.07354341;0.02269485;0.02052280,14.029099999788741
baseline@512,baseline,512,GW240414_054515-v1-V1-qscan,GW240414_054515,0.11446166783571243,1,0.11446167,15.366900000117312
baseline@512,baseline,512,GW240419_041206-v1-H1-qscan,GW240419_041206,0.05121717229485512,2,0.05121717;0.01453353,17.91990000037913
baseline@512,baseline,512,GW240419_041206-v1-L1-qscan,GW240419_041206,0.0,0,,14.628799999627518
baseline@512,baseline,512,GW240419_041206-v1-V1-qscan,GW240419_041206,0.0,0,,15.693599999394792
baseline@512,baseline,512,GW240420_175625-v1-H1-qscan,GW240420_175625,0.5143404006958008,1,0.51434040,17.076799999813375
baseline@512,baseline,512,GW240421_052935-v1-H1-qscan,GW240421_052935,0.0,0,,14.646099999481521
baseline@512,baseline,512,GW240421_052935-v1-L1-qscan,GW240421_052935,0.0,0,,15.36480000049778
baseline@512,baseline,512,GW240421_052935-v1-V1-qscan,GW240421_052935,0.0,0,,17.950000000382715
baseline@512,baseline,512,GW240426_031451-v1-H1-qscan,GW240426_031451,0.06822564452886581,1,0.06822564,17.070899999453104
baseline@512,baseline,512,GW240426_031451-v1-L1-qscan,GW240426_031451,0.8424850106239319,1,0.84248501,15.859000000091328
baseline@512,baseline,512,GW240426_085802-v1-H1-qscan,GW240426_085802,0.0,0,,17.827399999987392
baseline@512,baseline,512,GW240426_085802-v1-L1-qscan,GW240426_085802,0.0,0,,18.052800000077696
baseline@512,baseline,512,GW240426_085802-v1-V1-qscan,GW240426_085802,0.0,0,,15.702099999543861
baseline@512,baseline,512,GW240428_225440-v1-H1-qscan,GW240428_225440,0.7948883771896362,3,0.79488838;0.52378935;0.13323967,17.026200000145764
baseline@512,baseline,512,GW240428_225440-v1-V1-qscan,GW240428_225440,0.0,0,,18.120400000043446
baseline@512,baseline,512,GW240430_093517-v1-H1-qscan,GW240430_093517,0.0,0,,17.4762999995437
baseline@512,baseline,512,GW240430_093517-v1-L1-qscan,GW240430_093517,0.8671273589134216,1,0.86712736,15.43870000023162
baseline@512,baseline,512,GW240501_033534-v1-H1-qscan,GW240501_033534,0.7307071685791016,3,0.73070717;0.04429392;0.02026735,17.252699999517063
baseline@512,baseline,512,GW240501_033534-v1-L1-qscan,GW240501_033534,0.9405333995819092,2,0.94053340;0.11502554,17.415899999832618
baseline@512,baseline,512,GW240501_033534-v1-V1-qscan,GW240501_033534,0.0,0,,14.120299999376584
baseline@512,baseline,512,GW240505_133552-v1-H1-qscan,GW240505_133552,0.8153833746910095,1,0.81538337,16.082899999673828
baseline@512,baseline,512,GW240505_133552-v1-L1-qscan,GW240505_133552,0.7945367693901062,1,0.79453677,18.027799999799754
baseline@512,baseline,512,GW240505_133552-v1-V1-qscan,GW240505_133552,0.0,0,,16.485799999827577
baseline@512,baseline,512,GW240507_041632-v1-H1-qscan,GW240507_041632,0.0315157026052475,2,0.03151570;0.01115721,15.460499999790045
baseline@512,baseline,512,GW240507_041632-v1-L1-qscan,GW240507_041632,0.31249067187309265,5,0.31249067;0.20407912;0.05537240;0.02043008;0.01027216,18.086099999891303
baseline@512,baseline,512,GW240507_041632-v1-V1-qscan,GW240507_041632,0.0,0,,17.70699999997305
baseline@512,baseline,512,GW240509_102351-v1-H1-qscan,GW240509_102351,0.0,0,,15.38799999980256
baseline@512,baseline,512,GW240509_102351-v1-L1-qscan,GW240509_102351,0.0,0,,16.319699999257864
baseline@512,baseline,512,GW240509_102351-v1-V1-qscan,GW240509_102351,0.0,0,,17.931899999894085
baseline@512,baseline,512,GW240511_031507-v1-H1-qscan,GW240511_031507,0.7079121470451355,2,0.70791215;0.05493959,15.879600000516803
baseline@512,baseline,512,GW240511_031507-v1-L1-qscan,GW240511_031507,0.1082332655787468,4,0.10823327;0.09602242;0.08748029;0.01243601,15.44130000002042
baseline@512,baseline,512,GW240511_031507-v1-V1-qscan,GW240511_031507,0.011861070990562439,1,0.01186107,17.151099999864527
baseline@512,baseline,512,GW240512_024139-v1-H1-qscan,GW240512_024139,0.0,0,,14.35470000069472
baseline@512,baseline,512,GW240512_024139-v1-L1-qscan,GW240512_024139,0.5498833060264587,1,0.54988331,15.536200000497047
baseline@512,baseline,512,GW240512_024139-v1-V1-qscan,GW240512_024139,0.0,0,,17.930999999407504
baseline@512,baseline,512,GW240512_051606-v1-H1-qscan,GW240512_051606,0.0,0,,15.49189999968803
baseline@512,baseline,512,GW240512_051606-v1-L1-qscan,GW240512_051606,0.0,0,,19.607600000199454
baseline@512,baseline,512,GW240512_051606-v1-V1-qscan,GW240512_051606,0.0,0,,17.447300000640098
baseline@512,baseline,512,GW240513_183302-v1-H1-qscan,GW240513_183302,0.9579297304153442,1,0.95792973,14.104500000030384
baseline@512,baseline,512,GW240513_183302-v1-L1-qscan,GW240513_183302,0.8823622465133667,1,0.88236225,14.942799999516865
baseline@512,baseline,512,GW240513_183302-v1-V1-qscan,GW240513_183302,0.0,0,,17.336199999590463
baseline@512,baseline,512,GW240514_121713-v1-H1-qscan,GW240514_121713,0.36382830142974854,3,0.36382830;0.34580180;0.03393953,14.559700000063458
baseline@512,baseline,512,GW240514_121713-v1-L1-qscan,GW240514_121713,0.19112777709960938,2,0.19112778;0.09680790,14.858400000775873
baseline@512,baseline,512,GW240514_121713-v1-V1-qscan,GW240514_121713,0.0,0,,16.958600000180013
baseline@512,baseline,512,GW240515_005301-v1-H1-qscan,GW240515_005301,0.8589068055152893,1,0.85890681,14.986400000452704
baseline@512,baseline,512,GW240515_005301-v1-L1-qscan,GW240515_005301,0.31614160537719727,3,0.31614161;0.26620421;0.05125700,14.889400000356545
baseline@512,baseline,512,GW240515_005301-v1-V1-qscan,GW240515_005301,0.0,0,,16.52470000044559
baseline@512,baseline,512,GW240516_041939-v1-H1-qscan,GW240516_041939,0.0,0,,14.523499999995693
baseline@512,baseline,512,GW240516_041939-v1-L1-qscan,GW240516_041939,0.0,0,,15.970499999639287
baseline@512,baseline,512,GW240516_041939-v1-V1-qscan,GW240516_041939,0.014707847498357296,1,0.01470785,17.581300000529154
baseline@512,baseline,512,GW240519_012815-v1-L1-qscan,GW240519_012815,0.14635035395622253,2,0.14635035;0.07539249,14.882000000397966
baseline@512,baseline,512,GW240519_012815-v1-V1-qscan,GW240519_012815,0.637316882610321,3,0.63731688;0.03451759;0.01785411,15.89849999982107
baseline@512,baseline,512,GW240520_213616-v1-H1-qscan,GW240520_213616,0.042987722903490067,1,0.04298772,17.393499999343476
baseline@512,baseline,512,GW240520_213616-v1-L1-qscan,GW240520_213616,0.19630655646324158,4,0.19630656;0.16744868;0.08906244;0.01249886,14.451399999416026
baseline@512,baseline,512,GW240520_213616-v1-V1-qscan,GW240520_213616,0.017608562484383583,1,0.01760856,14.965400000619411
baseline@512,baseline,512,GW240525_031210-v1-H1-qscan,GW240525_031210,0.7237074971199036,1,0.72370750,17.75309999993624
baseline@512,baseline,512,GW240525_031210-v1-L1-qscan,GW240525_031210,0.39845743775367737,1,0.39845744,18.273799999406037
baseline@512,baseline,512,GW240525_031210-v1-V1-qscan,GW240525_031210,0.0,0,,14.071799999328505
baseline@512,baseline,512,GW240525_201644-v1-H1-qscan,GW240525_201644,0.0,0,,17.9030999997849
baseline@512,baseline,512,GW240525_201644-v1-L1-qscan,GW240525_201644,0.0,0,,18.55890000024374
baseline@512,baseline,512,GW240525_201644-v1-V1-qscan,GW240525_201644,0.0,0,,14.64399999986199
baseline@512,baseline,512,GW240526_093944-v1-H1-qscan,GW240526_093944,0.095862977206707,3,0.09586298;0.02958198;0.01243279,17.22169999993639
baseline@512,baseline,512,GW240526_093944-v1-L1-qscan,GW240526_093944,0.0,0,,17.956900000172027
baseline@512,baseline,512,GW240526_093944-v1-V1-qscan,GW240526_093944,0.0,0,,15.532600000369712
baseline@512,baseline,512,GW240527_150907-v1-H1-qscan,GW240527_150907,0.0,0,,16.242599999714002
baseline@512,baseline,512,GW240527_150907-v1-L1-qscan,GW240527_150907,0.0,0,,17.793900000469876
baseline@512,baseline,512,GW240527_150907-v1-V1-qscan,GW240527_150907,0.0,0,,15.607799999997951
baseline@512,baseline,512,GW240527_183429-v1-H1-qscan,GW240527_183429,0.8426640033721924,1,0.84266400,26.86840000023949
baseline@512,baseline,512,GW240527_183429-v1-L1-qscan,GW240527_183429,0.0,0,,23.192600000584207
baseline@512,baseline,512,GW240527_183429-v1-V1-qscan,GW240527_183429,0.0,0,,26.141999999708787
baseline@512,baseline,512,GW240527_230910-v1-H1-qscan,GW240527_230910,0.32913845777511597,1,0.32913846,15.521600000283797
baseline@512,baseline,512,GW240527_230910-v1-L1-qscan,GW240527_230910,0.0,0,,17.043499999999767
baseline@512,baseline,512,GW240527_230910-v1-V1-qscan,GW240527_230910,0.0,0,,15.392099999189668
baseline@512,baseline,512,GW240530_012417-v1-H1-qscan,GW240530_012417,0.0,0,,15.524299999924551
baseline@512,baseline,512,GW240530_012417-v1-L1-qscan,GW240530_012417,0.38879287242889404,3,0.38879287;0.18641594;0.01388422,17.431799999940267
baseline@512,baseline,512,GW240530_012417-v1-V1-qscan,GW240530_012417,0.0,0,,13.934600000538921
baseline@512,baseline,512,GW240531_040326-v1-H1-qscan,GW240531_040326,0.4625268578529358,5,0.46252686;0.11926818;0.09460330;0.03694344;0.02591902,15.512500000113505
baseline@512,baseline,512,GW240531_040326-v1-L1-qscan,GW240531_040326,0.0,0,,17.641899999944144
baseline@512,baseline,512,GW240531_040326-v1-V1-qscan,GW240531_040326,0.0,0,,14.463999999861699
baseline@512,baseline,512,GW240531_075248-v1-H1-qscan,GW240531_075248,0.0,0,,15.17870000043331
baseline@512,baseline,512,GW240531_075248-v1-L1-qscan,GW240531_075248,0.806608259677887,2,0.80660826;0.69051057,17.39350000025297
baseline@512,baseline,512,GW240531_075248-v1-V1-qscan,GW240531_075248,0.0,0,,14.489400000456953
baseline@512,baseline,512,GW240601_061200-v1-H1-qscan,GW240601_061200,0.0,0,,14.641300000221236
baseline@512,baseline,512,GW240601_061200-v1-L1-qscan,GW240601_061200,0.1462915688753128,2,0.14629157;0.04443634,17.412400000466732
baseline@512,baseline,512,GW240601_061200-v1-V1-qscan,GW240601_061200,0.0,0,,13.61209999959101
baseline@512,baseline,512,GW240601_231004-v1-H1-qscan,GW240601_231004,0.0,0,,16.831599999932223
baseline@512,baseline,512,GW240601_231004-v1-L1-qscan,GW240601_231004,0.0,0,,16.664899999341287
baseline@512,baseline,512,GW240601_231004-v1-V1-qscan,GW240601_231004,0.0,0,,14.688999999634689
baseline@512,baseline,512,GW240611_214835-v1-L1-qscan,GW240611_214835,0.08875108510255814,3,0.08875109;0.01475281;0.01292084,17.40220000010595
baseline@512,baseline,512,GW240611_214835-v1-V1-qscan,GW240611_214835,0.0,0,,19.01869999983319
baseline@512,baseline,512,GW240612_081540-v1-H1-qscan,GW240612_081540,0.5605837106704712,3,0.56058371;0.10372009;0.03619582,15.510600000197883
baseline@512,baseline,512,GW240612_081540-v1-L1-qscan,GW240612_081540,0.010359559208154678,1,0.01035956,16.51209999999992
baseline@512,baseline,512,GW240612_081540-v1-V1-qscan,GW240612_081540,0.0,0,,17.710099999931117
baseline@512,baseline,512,GW240613_011503-v1-H1-qscan,GW240613_011503,0.0,0,,15.087600000697421
baseline@512,baseline,512,GW240613_011503-v1-L1-qscan,GW240613_011503,0.0,0,,16.4308000003075
baseline@512,baseline,512,GW240613_011503-v1-V1-qscan,GW240613_011503,0.0,0,,18.985200000315672
baseline@512,baseline,512,GW240615_113620-v1-H1-qscan,GW240615_113620,0.7456111907958984,2,0.74561119;0.40921363,18.917499999588472
baseline@512,baseline,512,GW240615_113620-v1-L1-qscan,GW240615_113620,0.8107938766479492,1,0.81079388,15.117999999347376
baseline@512,baseline,512,GW240615_113620-v1-V1-qscan,GW240615_113620,0.018811356276273727,1,0.01881136,16.18880000023637
baseline@512,baseline,512,GW240615_160735-v1-H1-qscan,GW240615_160735,0.7940280437469482,4,0.79402804;0.41557503;0.07992920;0.03016562,17.773700000361714
baseline@512,baseline,512,GW240615_160735-v1-L1-qscan,GW240615_160735,0.4032754600048065,4,0.40327546;0.15703173;0.07161374;0.01466982,13.850800000000163
baseline@512,baseline,512,GW240615_160735-v1-V1-qscan,GW240615_160735,0.0,0,,15.411000000312924
baseline@512,baseline,512,GW240618_071627-v1-H1-qscan,GW240618_071627,0.07270017266273499,2,0.07270017;0.04157609,17.314499999883992
baseline@512,baseline,512,GW240618_071627-v1-L1-qscan,GW240618_071627,0.6889268159866333,1,0.68892682,15.317299999878742
baseline@512,baseline,512,GW240619_044535-v1-H1-qscan,GW240619_044535,0.0,0,,15.453299999535375
baseline@512,baseline,512,GW240619_044535-v1-L1-qscan,GW240619_044535,0.0,0,,17.901100000017323
baseline@512,baseline,512,GW240619_044535-v1-V1-qscan,GW240619_044535,0.0,0,,14.185800000632298
baseline@512,baseline,512,GW240619_212357-v1-H1-qscan,GW240619_212357,0.28492027521133423,1,0.28492028,15.028099999653932
baseline@512,baseline,512,GW240619_212357-v1-L1-qscan,GW240619_212357,0.0,0,,17.44719999987865
baseline@512,baseline,512,GW240619_212357-v1-V1-qscan,GW240619_212357,0.04098392277956009,1,0.04098392,15.188100000159466
baseline@512,baseline,512,GW240620_094631-v1-H1-qscan,GW240620_094631,0.01642303168773651,1,0.01642303,14.582800000425777
baseline@512,baseline,512,GW240620_094631-v1-L1-qscan,GW240620_094631,0.0,0,,17.812600000070233
baseline@512,baseline,512,GW240620_094631-v1-V1-qscan,GW240620_094631,0.0,0,,14.522200000101293
baseline@512,baseline,512,GW240621_103457-v1-H1-qscan,GW240621_103457,0.010405986569821835,1,0.01040599,15.102599999408994
baseline@512,baseline,512,GW240621_103457-v1-L1-qscan,GW240621_103457,0.0,0,,18.467200000486628
baseline@512,baseline,512,GW240621_103457-v1-V1-qscan,GW240621_103457,0.0,0,,16.237400000136404
baseline@512,baseline,512,GW240621_195059-v1-H1-qscan,GW240621_195059,0.939556896686554,1,0.93955690,16.119100000651088
baseline@512,baseline,512,GW240621_195059-v1-L1-qscan,GW240621_195059,0.9236937761306763,1,0.92369378,16.675599999871338
baseline@512,baseline,512,GW240621_195059-v1-V1-qscan,GW240621_195059,0.10401477664709091,1,0.10401478,15.134199999920384
baseline@512,baseline,512,GW240621_200935-v1-H1-qscan,GW240621_200935,0.10552752017974854,1,0.10552752,16.104700000141747
baseline@512,baseline,512,GW240621_200935-v1-L1-qscan,GW240621_200935,0.3611665964126587,3,0.36116660;0.35510787;0.02876464,17.37109999976383
baseline@512,baseline,512,GW240621_200935-v1-V1-qscan,GW240621_200935,0.0,0,,20.066600000063772
baseline@512,baseline,512,GW240621_214041-v1-H1-qscan,GW240621_214041,0.47728338837623596,1,0.47728339,16.743899999710266
baseline@512,baseline,512,GW240621_214041-v1-L1-qscan,GW240621_214041,0.7896790504455566,1,0.78967905,16.657499999382708
baseline@512,baseline,512,GW240621_214041-v1-V1-qscan,GW240621_214041,0.0,0,,18.83929999985412
baseline@512,baseline,512,GW240622_004008-v1-H1-qscan,GW240622_004008,0.020219415426254272,1,0.02021942,19.70770000025368
baseline@512,baseline,512,GW240622_004008-v1-L1-qscan,GW240622_004008,0.5736100673675537,3,0.57361007;0.05219188;0.02014900,16.350799999599985
baseline@512,baseline,512,GW240622_004008-v1-V1-qscan,GW240622_004008,0.0,0,,16.569100000197068
baseline@512,baseline,512,GW240625_073331-v1-H1-qscan,GW240625_073331,0.0,0,,17.636900000070455
baseline@512,baseline,512,GW240625_073331-v1-L1-qscan,GW240625_073331,0.0,0,,15.473100000235718
baseline@512,baseline,512,GW240627_131622-v1-H1-qscan,GW240627_131622,0.0,0,,15.998400000171387
baseline@512,baseline,512,GW240627_131622-v1-L1-qscan,GW240627_131622,0.0,0,,17.87640000020474
baseline@512,baseline,512,GW240627_131622-v1-V1-qscan,GW240627_131622,0.0,0,,22.507300000143005
baseline@512,baseline,512,GW240629_145256-v1-H1-qscan,GW240629_145256,0.02711457945406437,1,0.02711458,23.31640000011248
baseline@512,baseline,512,GW240629_145256-v1-L1-qscan,GW240629_145256,0.6174792051315308,1,0.61747921,15.593999999509833
baseline@512,baseline,512,GW240629_145256-v1-V1-qscan,GW240629_145256,0.0,0,,15.773999999510124
baseline@512,baseline,512,GW240630_101703-v1-H1-qscan,GW240630_101703,0.2522863447666168,2,0.25228634;0.11002549,18.56839999982185
baseline@512,baseline,512,GW240630_101703-v1-V1-qscan,GW240630_101703,0.0,0,,15.5681000005643
baseline@512,baseline,512,GW240630_115348-v1-H1-qscan,GW240630_115348,0.7670102715492249,4,0.76701027;0.05075245;0.05015660;0.01372684,16.242499999862048
baseline@512,baseline,512,GW240630_115348-v1-L1-qscan,GW240630_115348,0.4976445436477661,4,0.49764454;0.09199599;0.06069636;0.01847696,18.96020000003773
baseline@512,baseline,512,GW240630_115348-v1-V1-qscan,GW240630_115348,0.0,0,,19.637000000329863
baseline@512,baseline,512,GW240630_212937-v1-H1-qscan,GW240630_212937,0.0,0,,15.284799999790266
baseline@512,baseline,512,GW240630_212937-v1-L1-qscan,GW240630_212937,0.0,0,,17.815299999710987
baseline@512,baseline,512,GW240630_212937-v1-V1-qscan,GW240630_212937,0.0,0,,18.133599999600847
baseline@512,baseline,512,GW240701_011640-v1-H1-qscan,GW240701_011640,0.0,0,,14.69340000039665
baseline@512,baseline,512,GW240701_011640-v1-L1-qscan,GW240701_011640,0.0,0,,16.25140000032843
baseline@512,baseline,512,GW240701_011640-v1-V1-qscan,GW240701_011640,0.0,0,,17.835999999988417
baseline@512,baseline,512,GW240701_013826-v1-H1-qscan,GW240701_013826,0.0,0,,15.589200000249548
baseline@512,baseline,512,GW240701_013826-v1-L1-qscan,GW240701_013826,0.0,0,,14.68159999967611
baseline@512,baseline,512,GW240701_013826-v1-V1-qscan,GW240701_013826,0.0,0,,17.587100000127975
baseline@512,baseline,512,GW240701_203807-v1-H1-qscan,GW240701_203807,0.0,0,,14.805699999669741
baseline@512,baseline,512,GW240701_203807-v1-L1-qscan,GW240701_203807,0.0,0,,18.190900000263355
baseline@512,baseline,512,GW240701_203807-v1-V1-qscan,GW240701_203807,0.022655876353383064,1,0.02265588,16.89859999987675
baseline@512,baseline,512,GW240703_191355-v1-L1-qscan,GW240703_191355,0.23193760216236115,4,0.23193760;0.19812590;0.05937018;0.03174075,14.213400000699039
baseline@512,baseline,512,GW240703_191355-v1-V1-qscan,GW240703_191355,0.0,0,,14.32440000007773
baseline@512,baseline,512,GW240705_053215-v1-H1-qscan,GW240705_053215,0.9592562913894653,4,0.95925629;0.65698135;0.04552115;0.02000618,18.61269999972137
baseline@512,baseline,512,GW240705_053215-v1-L1-qscan,GW240705_053215,0.7821742296218872,1,0.78217423,15.718200000264915
baseline@512,baseline,512,GW240705_053215-v1-V1-qscan,GW240705_053215,0.0,0,,15.432299999702082
baseline@512,baseline,512,GW240716_034900-v1-L1-qscan,GW240716_034900,0.839893102645874,1,0.83989310,17.34409999971831
baseline@512,baseline,512,GW240716_034900-v1-V1-qscan,GW240716_034900,0.0,0,,15.392400000564521
baseline@512,baseline,512,GW240806_043539-v1-L1-qscan,GW240806_043539,0.0,0,,15.207000000373228
baseline@512,baseline,512,GW240806_043539-v1-V1-qscan,GW240806_043539,0.0,0,,18.086300000504707
baseline@512,baseline,512,GW240807_214559-v1-L1-qscan,GW240807_214559,0.0,0,,15.126799999961804
baseline@512,baseline,512,GW240807_214559-v1-V1-qscan,GW240807_214559,0.0,0,,14.343499999995402
baseline@512,baseline,512,GW240813_034548-v1-L1-qscan,GW240813_034548,0.0,0,,16.36679999955959
baseline@512,baseline,512,GW240813_034548-v1-V1-qscan,GW240813_034548,0.0,0,,14.105999999628693
baseline@512,baseline,512,GW240814_145043-v1-L1-qscan,GW240814_145043,0.0,0,,16.545099999348167
baseline@512,baseline,512,GW240814_145043-v1-V1-qscan,GW240814_145043,0.0,0,,14.144899999337213
baseline@512,baseline,512,GW240824_205609-v1-H1-qscan,GW240824_205609,0.17921660840511322,1,0.17921661,14.447199999267468
baseline@512,baseline,512,GW240824_205609-v1-L1-qscan,GW240824_205609,0.0,0,,16.93169999998645
baseline@512,baseline,512,GW240824_205609-v1-V1-qscan,GW240824_205609,0.3879811465740204,1,0.38798115,17.086000000745116
baseline@512,baseline,512,GW240825_055146-v1-H1-qscan,GW240825_055146,0.0,0,,14.367400000082853
baseline@512,baseline,512,GW240825_055146-v1-L1-qscan,GW240825_055146,0.13277964293956757,3,0.13277964;0.06373619;0.02109088,17.997800000557618
baseline@512,baseline,512,GW240825_055146-v1-V1-qscan,GW240825_055146,0.0,0,,18.72670000011567
baseline@512,baseline,512,GW240828_102340-v1-H1-qscan,GW240828_102340,0.0,0,,15.138800000386254
baseline@512,baseline,512,GW240828_102340-v1-L1-qscan,GW240828_102340,0.0,0,,16.84599999953207
baseline@512,baseline,512,GW240828_102340-v1-V1-qscan,GW240828_102340,0.0,0,,17.33180000064749
baseline@512,baseline,512,GW240830_211120-v1-H1-qscan,GW240830_211120,0.0,0,,20.934500000294065
baseline@512,baseline,512,GW240830_211120-v1-L1-qscan,GW240830_211120,0.06668531149625778,2,0.06668531;0.01078728,27.689500000633416
baseline@512,baseline,512,GW240830_211120-v1-V1-qscan,GW240830_211120,0.0,0,,14.006599999447644
baseline@512,baseline,512,GW240901_195332-v1-H1-qscan,GW240901_195332,0.0,0,,16.86100000006263
baseline@512,baseline,512,GW240901_195332-v1-L1-qscan,GW240901_195332,0.0,0,,18.031700000392448
baseline@512,baseline,512,GW240901_195332-v1-V1-qscan,GW240901_195332,0.0,0,,14.616899999964517
baseline@512,baseline,512,GW240902_143306-v1-H1-qscan,GW240902_143306,0.8101869225502014,2,0.81018692;0.71408534,18.05679999961285
baseline@512,baseline,512,GW240902_143306-v1-L1-qscan,GW240902_143306,0.07670162618160248,4,0.07670163;0.03396286;0.02921843;0.02588603,18.052099999295024
baseline@512,baseline,512,GW240902_143306-v1-V1-qscan,GW240902_143306,0.3639509081840515,4,0.36395091;0.10546353;0.01797390;0.01228279,14.8497000000134
baseline@512,baseline,512,GW240907_092521-v1-H1-qscan,GW240907_092521,0.4416584372520447,2,0.44165844;0.05269421,15.132000000448897
baseline@512,baseline,512,GW240907_092521-v1-L1-qscan,GW240907_092521,0.0,0,,17.28499999990163
baseline@512,baseline,512,GW240907_092521-v1-V1-qscan,GW240907_092521,0.0,0,,14.985400000114169
baseline@512,baseline,512,GW240907_121650-v1-H1-qscan,GW240907_121650,0.0,0,,14.279199999691627
baseline@512,baseline,512,GW240907_121650-v1-L1-qscan,GW240907_121650,0.0,0,,17.770399999790243
baseline@512,baseline,512,GW240907_121650-v1-V1-qscan,GW240907_121650,0.0,0,,14.671400000224821
baseline@512,baseline,512,GW240907_153833-v1-H1-qscan,GW240907_153833,0.705518364906311,1,0.70551836,17.050600000402483
baseline@512,baseline,512,GW240907_153833-v1-L1-qscan,GW240907_153833,0.7067287564277649,2,0.70672876;0.38876629,16.568099999858532
baseline@512,baseline,512,GW240907_153833-v1-V1-qscan,GW240907_153833,0.2595531940460205,2,0.25955319;0.24286535,14.20100000086677
baseline@512,baseline,512,GW240908_082628-v1-H1-qscan,GW240908_082628,0.4038415551185608,1,0.40384156,13.795199999549368
baseline@512,baseline,512,GW240908_082628-v1-L1-qscan,GW240908_082628,0.857452929019928,2,0.85745293;0.07408319,17.500600000857958
baseline@512,baseline,512,GW240908_082628-v1-V1-qscan,GW240908_082628,0.07350613176822662,2,0.07350613;0.01035560,14.028900000084832
baseline@512,baseline,512,GW240908_125134-v1-H1-qscan,GW240908_125134,0.5516217350959778,2,0.55162174;0.37752655,13.824600000589271
baseline@512,baseline,512,GW240908_125134-v1-L1-qscan,GW240908_125134,0.05634571239352226,1,0.05634571,18.09030000003986
baseline@512,baseline,512,GW240908_125134-v1-V1-qscan,GW240908_125134,0.0,0,,15.257799999744748
baseline@512,baseline,512,GW240908_174149-v1-H1-qscan,GW240908_174149,0.0,0,,14.919299999746727
baseline@512,baseline,512,GW240908_174149-v1-L1-qscan,GW240908_174149,0.0,0,,19.547000000784465
baseline@512,baseline,512,GW240908_174149-v1-V1-qscan,GW240908_174149,0.0,0,,15.222500000163564
baseline@512,baseline,512,GW240910_103535-v1-H1-qscan,GW240910_103535,0.8693892359733582,1,0.86938924,17.345600000226113
baseline@512,baseline,512,GW240910_103535-v1-L1-qscan,GW240910_103535,0.0,0,,18.040599999949336
baseline@512,baseline,512,GW240913_111216-v1-H1-qscan,GW240913_111216,0.0,0,,15.533300000242889
baseline@512,baseline,512,GW240913_111216-v1-L1-qscan,GW240913_111216,0.0,0,,14.909500000612752
baseline@512,baseline,512,GW240913_111216-v1-V1-qscan,GW240913_111216,0.0,0,,18.094699999892327
baseline@512,baseline,512,GW240915_001357-v1-H1-qscan,GW240915_001357,0.28216519951820374,8,0.28216520;0.05142792;0.03703988;0.03483422;0.02675258;0.01220881;0.01146182;0.01018428,15.046200000142562
baseline@512,baseline,512,GW240915_001357-v1-L1-qscan,GW240915_001357,0.8347992300987244,2,0.83479923;0.01757449,15.177899999798683
baseline@512,baseline,512,GW240915_001357-v1-V1-qscan,GW240915_001357,0.0,0,,17.436400000406138
baseline@512,baseline,512,GW240915_045510-v1-H1-qscan,GW240915_045510,0.8380860090255737,2,0.83808601;0.07916022,15.053699999953096
baseline@512,baseline,512,GW240915_045510-v1-L1-qscan,GW240915_045510,0.0,0,,15.933599999698345
baseline@512,baseline,512,GW240915_045510-v1-V1-qscan,GW240915_045510,0.7780028581619263,4,0.77800286;0.06807777;0.02595281;0.01168189,17.40539999991597
baseline@512,baseline,512,GW240915_105151-v1-H1-qscan,GW240915_105151,0.6996650695800781,3,0.69966507;0.12818861;0.02867763,14.533499999743071
baseline@512,baseline,512,GW240915_105151-v1-V1-qscan,GW240915_105151,0.0,0,,15.44249999915337
baseline@512,baseline,512,GW240916_184352-v1-H1-qscan,GW240916_184352,0.0,0,,17.465599999923143
baseline@512,baseline,512,GW240916_184352-v1-L1-qscan,GW240916_184352,0.0,0,,14.51550000001589
baseline@512,baseline,512,GW240916_184352-v1-V1-qscan,GW240916_184352,0.03277011960744858,2,0.03277012;0.02005168,14.126899999610032
baseline@512,baseline,512,GW240917_130237-v1-H1-qscan,GW240917_130237,0.0,0,,17.82420000017737
baseline@512,baseline,512,GW240917_130237-v1-L1-qscan,GW240917_130237,0.0,0,,15.418799999679322
baseline@512,baseline,512,GW240919_061559-v1-H1-qscan,GW240919_061559,0.9341406226158142,1,0.93414062,14.413500000046042
baseline@512,baseline,512,GW240919_061559-v1-L1-qscan,GW240919_061559,0.734368622303009,2,0.73436862;0.19546950,17.86580000043614
baseline@512,baseline,512,GW240919_061559-v1-V1-qscan,GW240919_061559,0.8347898721694946,1,0.83478987,15.056000000186032
baseline@512,baseline,512,GW240919_215453-v1-H1-qscan,GW240919_215453,0.0,0,,15.144199999667762
baseline@512,baseline,512,GW240919_215453-v1-L1-qscan,GW240919_215453,0.9053340554237366,1,0.90533406,17.73589999993419
baseline@512,baseline,512,GW240919_215453-v1-V1-qscan,GW240919_215453,0.0,0,,15.085700000781799
baseline@512,baseline,512,GW240920_073424-v1-H1-qscan,GW240920_073424,0.8181488513946533,1,0.81814885,15.78129999961675
baseline@512,baseline,512,GW240920_073424-v1-L1-qscan,GW240920_073424,0.03762248158454895,6,0.03762248;0.02294181;0.01551444;0.01247925;0.01234328;0.01226535,18.014999999650172
baseline@512,baseline,512,GW240920_073424-v1-V1-qscan,GW240920_073424,0.0,0,,15.259199999491102
baseline@512,baseline,512,GW240920_124024-v1-H1-qscan,GW240920_124024,0.9182586669921875,1,0.91825867,15.33969999945839
baseline@512,baseline,512,GW240920_124024-v1-L1-qscan,GW240920_124024,0.9357802271842957,1,0.93578023,16.707099999621278
baseline@512,baseline,512,GW240921_201835-v1-L1-qscan,GW240921_201835,0.741856575012207,1,0.74185658,14.285300000665302
baseline@512,baseline,512,GW240921_201835-v1-V1-qscan,GW240921_201835,0.0,0,,15.38170000003447
baseline@512,baseline,512,GW240922_142106-v1-H1-qscan,GW240922_142106,0.3667947053909302,2,0.36679471;0.02041280,17.618400000174006
baseline@512,baseline,512,GW240922_142106-v1-L1-qscan,GW240922_142106,0.023779509589076042,1,0.02377951,14.982900000177324
baseline@512,baseline,512,GW240922_142106-v1-V1-qscan,GW240922_142106,0.0,0,,14.505900000585825
baseline@512,baseline,512,GW240923_000715-v1-H1-qscan,GW240923_000715,0.0,0,,16.68599999993603
baseline@512,baseline,512,GW240923_000715-v1-L1-qscan,GW240923_000715,0.0,0,,14.438600000175938
baseline@512,baseline,512,GW240923_000715-v1-V1-qscan,GW240923_000715,0.0,0,,14.791300000069896
baseline@512,baseline,512,GW240923_110846-v1-H1-qscan,GW240923_110846,0.7275593876838684,4,0.72755939;0.15321907;0.02233081;0.01741183,17.28559999992285
baseline@512,baseline,512,GW240923_204006-v1-H1-qscan,GW240923_204006,0.2505358159542084,2,0.25053582;0.09496198,14.519299999847135
baseline@512,baseline,512,GW240923_204006-v1-L1-qscan,GW240923_204006,0.901149332523346,1,0.90114933,14.82529999975668
baseline@512,baseline,512,GW240924_000316-v1-H1-qscan,GW240924_000316,0.0583466999232769,4,0.05834670;0.05642417;0.02274999;0.01454832,17.037100000379723
baseline@512,baseline,512,GW240924_000316-v1-L1-qscan,GW240924_000316,0.0,0,,14.270200000282784
baseline@512,baseline,512,GW240924_000316-v1-V1-qscan,GW240924_000316,0.0,0,,14.484600000287173
baseline@512,baseline,512,GW240925_000956-v1-H1-qscan,GW240925_000956,0.0,0,,17.521900000247115
baseline@512,baseline,512,GW240925_000956-v1-L1-qscan,GW240925_000956,0.0,0,,15.119099999537866
baseline@512,baseline,512,GW240925_000956-v1-V1-qscan,GW240925_000956,0.0,0,,16.41490000019985
baseline@512,baseline,512,GW240925_005809-v2-H1-qscan,GW240925_005809,0.8586735129356384,1,0.85867351,17.798400000174297
baseline@512,baseline,512,GW240925_005809-v2-L1-qscan,GW240925_005809,0.9412193298339844,1,0.94121933,14.255899999625399
baseline@512,baseline,512,GW240925_005809-v2-V1-qscan,GW240925_005809,0.0,0,,13.506199999937962
baseline@512,baseline,512,GW240930_035959-v1-H1-qscan,GW240930_035959,0.07105498760938644,3,0.07105499;0.06393508;0.04263989,19.630599999800324
baseline@512,baseline,512,GW240930_035959-v1-L1-qscan,GW240930_035959,0.35153722763061523,4,0.35153723;0.16439570;0.13626733;0.06311679,14.186999999765249
baseline@512,baseline,512,GW240930_035959-v1-V1-qscan,GW240930_035959,0.0,0,,15.262400000210619
baseline@512,baseline,512,GW240930_123408-v1-H1-qscan,GW240930_123408,0.04910873994231224,2,0.04910874;0.01105941,17.832100000305218
baseline@512,baseline,512,GW240930_123408-v1-L1-qscan,GW240930_123408,0.0,0,,13.567599999987578
baseline@512,baseline,512,GW240930_123408-v1-V1-qscan,GW240930_123408,0.0,0,,17.744999999194988
baseline@512,baseline,512,GW240930_234614-v1-H1-qscan,GW240930_234614,0.0,0,,17.702499999359134
baseline@512,baseline,512,GW240930_234614-v1-L1-qscan,GW240930_234614,0.7218288779258728,1,0.72182888,13.548100000662089
baseline@512,baseline,512,GW240930_234614-v1-V1-qscan,GW240930_234614,0.0,0,,16.87320000019099
baseline@512,baseline,512,GW241002_030559-v1-L1-qscan,GW241002_030559,0.5776153206825256,3,0.57761532;0.04232592;0.01064260,17.88639999995212
baseline@512,baseline,512,GW241002_030559-v1-V1-qscan,GW241002_030559,0.03440740332007408,1,0.03440740,15.4859000003853
baseline@512,baseline,512,GW241006_015333-v1-H1-qscan,GW241006_015333,0.6934150457382202,2,0.69341505;0.01891238,15.790299999935087
baseline@512,baseline,512,GW241006_015333-v1-L1-qscan,GW241006_015333,0.8098680973052979,2,0.80986810;0.09995911,16.386500000407977
baseline@512,baseline,512,GW241006_015333-v1-V1-qscan,GW241006_015333,0.0,0,,14.362400000209163
baseline@512,baseline,512,GW241007_082943-v1-H1-qscan,GW241007_082943,0.815995454788208,1,0.81599545,14.693200000692741
baseline@512,baseline,512,GW241007_082943-v1-L1-qscan,GW241007_082943,0.0,0,,17.712400000164052
baseline@512,baseline,512,GW241007_082943-v1-V1-qscan,GW241007_082943,0.0,0,,15.281599999980244
baseline@512,baseline,512,GW241009_022835-v1-H1-qscan,GW241009_022835,0.0,0,,15.111199999410019
baseline@512,baseline,512,GW241009_022835-v1-L1-qscan,GW241009_022835,0.7682127952575684,2,0.76821280;0.05662178,17.791099999158178
baseline@512,baseline,512,GW241009_022835-v1-V1-qscan,GW241009_022835,0.0,0,,18.736799999715004
baseline@512,baseline,512,GW241009_084816-v1-H1-qscan,GW241009_084816,0.18078073859214783,1,0.18078074,15.167700000347395
baseline@512,baseline,512,GW241009_084816-v1-L1-qscan,GW241009_084816,0.06790245324373245,2,0.06790245;0.02115976,13.691499999367807
baseline@512,baseline,512,GW241009_084816-v1-V1-qscan,GW241009_084816,0.0,0,,19.410299999435665
baseline@512,baseline,512,GW241009_220455-v1-H1-qscan,GW241009_220455,0.8058573007583618,2,0.80585730;0.07860435,15.219400000205496
baseline@512,baseline,512,GW241009_220455-v1-L1-qscan,GW241009_220455,0.0,0,,15.773399999488902
baseline@512,baseline,512,GW241009_220455-v1-V1-qscan,GW241009_220455,0.46620607376098633,1,0.46620607,18.14379999996163
baseline@512,baseline,512,GW241011_233834-v2-H1-qscan,GW241011_233834,0.9514802098274231,1,0.95148021,14.57730000038282
baseline@512,baseline,512,GW241011_233834-v2-V1-qscan,GW241011_233834,0.3397289216518402,5,0.33972892;0.18127234;0.04141368;0.03365888;0.02745923,15.005100000053062
baseline@512,baseline,512,GW241018_235402-v1-H1-qscan,GW241018_235402,0.5427844524383545,1,0.54278445,17.653599999903236
baseline@512,baseline,512,GW241018_235402-v1-V1-qscan,GW241018_235402,0.0,0,,14.117800000349234
baseline@512,baseline,512,GW241101_034726-v1-H1-qscan,GW241101_034726,0.0,0,,14.688599999317375
baseline@512,baseline,512,GW241101_034726-v1-L1-qscan,GW241101_034726,0.0,0,,17.40849999987404
baseline@512,baseline,512,GW241101_034726-v1-V1-qscan,GW241101_034726,0.0,0,,14.270399999986694
baseline@512,baseline,512,GW241101_220523-v1-L1-qscan,GW241101_220523,0.15070264041423798,5,0.15070264;0.11770271;0.07702883;0.03357187;0.01986126,16.545100000257662
baseline@512,baseline,512,GW241101_220523-v1-V1-qscan,GW241101_220523,0.0,0,,17.53850000022794
baseline@512,baseline,512,GW241102_124058-v1-H1-qscan,GW241102_124058,0.6997908353805542,4,0.69979084;0.52518153;0.07356016;0.06602499,15.62869999997929
baseline@512,baseline,512,GW241102_124058-v1-L1-qscan,GW241102_124058,0.7767866253852844,2,0.77678663;0.01892810,14.343499999995402
baseline@512,baseline,512,GW241102_124058-v1-V1-qscan,GW241102_124058,0.0,0,,17.988300000070012
baseline@512,baseline,512,GW241102_144729-v1-H1-qscan,GW241102_144729,0.7550983428955078,2,0.75509834;0.07129982,15.18099999975675
baseline@512,baseline,512,GW241102_144729-v1-L1-qscan,GW241102_144729,0.8862610459327698,2,0.88626105;0.07592507,15.574000000015076
baseline@512,baseline,512,GW241102_144729-v1-V1-qscan,GW241102_144729,0.0,0,,17.581699999936973
baseline@512,baseline,512,GW241106_110932-v1-H1-qscan,GW241106_110932,0.0,0,,15.030900000056135
baseline@512,baseline,512,GW241106_110932-v1-L1-qscan,GW241106_110932,0.0,0,,15.644099999917671
baseline@512,baseline,512,GW241106_110932-v1-V1-qscan,GW241106_110932,0.0,0,,17.483000000538595
baseline@512,baseline,512,GW241109_005349-v1-H1-qscan,GW241109_005349,0.0,0,,15.008700000180397
baseline@512,baseline,512,GW241109_005349-v1-L1-qscan,GW241109_005349,0.0,0,,14.902300000358082
baseline@512,baseline,512,GW241109_033317-v1-L1-qscan,GW241109_033317,0.7756523489952087,1,0.77565235,17.070000000785512
baseline@512,baseline,512,GW241109_033317-v1-V1-qscan,GW241109_033317,0.0,0,,14.928600000530423
baseline@512,baseline,512,GW241109_115924-v1-H1-qscan,GW241109_115924,0.7720065712928772,4,0.77200657;0.10728139;0.06878939;0.01091031,15.845099999751255
baseline@512,baseline,512,GW241109_115924-v1-V1-qscan,GW241109_115924,0.0,0,,17.256000000088534
baseline@512,baseline,512,GW241110_124123-v2-H1-qscan,GW241110_124123,0.03200070932507515,2,0.03200071;0.01554898,14.731500000380038
baseline@512,baseline,512,GW241110_124123-v2-L1-qscan,GW241110_124123,0.06761102378368378,2,0.06761102;0.02842323,14.373899999554851
baseline@512,baseline,512,GW241110_124123-v2-V1-qscan,GW241110_124123,0.0,0,,17.490299999735726
baseline@512,baseline,512,GW241111_111552-v1-H1-qscan,GW241111_111552,0.7264149188995361,1,0.72641492,14.64140000007319
baseline@512,baseline,512,GW241111_111552-v1-L1-qscan,GW241111_111552,0.01934335194528103,2,0.01934335;0.01079407,15.898600000582519
baseline@512,baseline,512,GW241113_163507-v1-L1-qscan,GW241113_163507,0.6734919548034668,2,0.67349195;0.06605355,17.095299999709823
baseline@512,baseline,512,GW241113_163507-v1-V1-qscan,GW241113_163507,0.0,0,,15.460999999959313
baseline@512,baseline,512,GW241114_024711-v1-H1-qscan,GW241114_024711,0.5373411774635315,2,0.53734118;0.03513345,15.758900000037102
baseline@512,baseline,512,GW241114_024711-v1-L1-qscan,GW241114_024711,0.0,0,,18.305100000361563
baseline@512,baseline,512,GW241114_024711-v1-V1-qscan,GW241114_024711,0.0,0,,17.281599999478203
baseline@512,baseline,512,GW241114_235258-v1-L1-qscan,GW241114_235258,0.0,0,,14.908400000422262
baseline@512,baseline,512,GW241114_235258-v1-V1-qscan,GW241114_235258,0.0,0,,15.505700000176148
baseline@512,baseline,512,GW241116_151753-v1-H1-qscan,GW241116_151753,0.0,0,,17.986800000471703
baseline@512,baseline,512,GW241116_151753-v1-L1-qscan,GW241116_151753,0.148173525929451,4,0.14817353;0.10320222;0.03910812;0.01743561,14.849499999399995
baseline@512,baseline,512,GW241116_151753-v1-V1-qscan,GW241116_151753,0.0,0,,14.77219999924273
baseline@512,baseline,512,GW241124_024914-v1-H1-qscan,GW241124_024914,0.7330465316772461,1,0.73304653,17.66219999990426
baseline@512,baseline,512,GW241124_024914-v1-L1-qscan,GW241124_024914,0.1167588010430336,2,0.11675880;0.02792764,13.895500000216998
baseline@512,baseline,512,GW241124_024914-v1-V1-qscan,GW241124_024914,0.0,0,,15.172099999290367
baseline@512,baseline,512,GW241125_010116-v1-H1-qscan,GW241125_010116,0.04496438428759575,1,0.04496438,17.002300000058312
baseline@512,baseline,512,GW241125_010116-v1-L1-qscan,GW241125_010116,0.4056190848350525,1,0.40561908,14.462799999819254
baseline@512,baseline,512,GW241125_010116-v1-V1-qscan,GW241125_010116,0.0,0,,15.045200000713521
baseline@512,baseline,512,GW241127_061008-v1-H1-qscan,GW241127_061008,0.9437118172645569,1,0.94371182,25.032999999893946
baseline@512,baseline,512,GW241127_061008-v1-L1-qscan,GW241127_061008,0.9193047285079956,1,0.91930473,18.472299999302777
baseline@512,baseline,512,GW241127_061008-v1-V1-qscan,GW241127_061008,0.0,0,,15.21359999969718
baseline@512,baseline,512,GW241129_021832-v1-H1-qscan,GW241129_021832,0.44648477435112,2,0.44648477;0.02791780,15.716500000053202
baseline@512,baseline,512,GW241129_021832-v1-L1-qscan,GW241129_021832,0.8535921573638916,2,0.85359216;0.02106459,17.03559999987192
baseline@512,baseline,512,GW241129_021832-v1-V1-qscan,GW241129_021832,0.0,0,,18.177799999648414
baseline@512,baseline,512,GW241129_140416-v1-H1-qscan,GW241129_140416,0.0,0,,14.964900000450143
baseline@512,baseline,512,GW241129_140416-v1-L1-qscan,GW241129_140416,0.0,0,,17.919300000357907
baseline@512,baseline,512,GW241130_034908-v1-H1-qscan,GW241130_034908,0.5821089744567871,2,0.58210897;0.32385585,17.910099999426166
baseline@512,baseline,512,GW241130_034908-v1-L1-qscan,GW241130_034908,0.36326807737350464,2,0.36326808;0.15112546,14.303599999948347
baseline@512,baseline,512,GW241130_034908-v1-V1-qscan,GW241130_034908,0.0,0,,15.579300000354124
baseline@512,baseline,512,GW241130_110422-v1-H1-qscan,GW241130_110422,0.157182514667511,3,0.15718251;0.05163758;0.02616441,18.51749999968888
baseline@512,baseline,512,GW241130_110422-v1-L1-qscan,GW241130_110422,0.0,0,,14.099199999691336
baseline@512,baseline,512,GW241130_110422-v1-V1-qscan,GW241130_110422,0.0,0,,17.20169999953214
baseline@512,baseline,512,GW241201_055758-v1-H1-qscan,GW241201_055758,0.7884963750839233,1,0.78849638,17.011599999932514
baseline@512,baseline,512,GW241201_055758-v1-L1-qscan,GW241201_055758,0.0,0,,14.598900000237336
baseline@512,baseline,512,GW241201_055758-v1-V1-qscan,GW241201_055758,0.0,0,,16.176100000848237
baseline@512,baseline,512,GW241201_142737-v1-H1-qscan,GW241201_142737,0.10584738105535507,1,0.10584738,18.503400000554393
baseline@512,baseline,512,GW241201_142737-v1-L1-qscan,GW241201_142737,0.0,0,,15.073900000061258
baseline@512,baseline,512,GW241201_142737-v1-V1-qscan,GW241201_142737,0.0,0,,14.775300000110292
baseline@512,baseline,512,GW241210_023335-v1-H1-qscan,GW241210_023335,0.0,0,,18.131300000277406
baseline@512,baseline,512,GW241210_023335-v1-L1-qscan,GW241210_023335,0.0,0,,15.022500000668515
baseline@512,baseline,512,GW241210_060606-v1-H1-qscan,GW241210_060606,0.3381354808807373,3,0.33813548;0.04910690;0.01115065,17.067300000235264
baseline@512,baseline,512,GW241210_060606-v1-L1-qscan,GW241210_060606,0.23924867808818817,4,0.23924868;0.13860564;0.13036832;0.11301503,17.517799999950512
baseline@512,baseline,512,GW241210_060606-v1-V1-qscan,GW241210_060606,0.0,0,,15.807400000085181
baseline@512,baseline,512,GW241210_120900-v1-H1-qscan,GW241210_120900,0.0,0,,16.40769999994518
baseline@512,baseline,512,GW241210_120900-v1-L1-qscan,GW241210_120900,0.8425838351249695,1,0.84258384,17.954300000383228
baseline@512,baseline,512,GW241219_222607-v1-H1-qscan,GW241219_222607,0.0,0,,16.284899999845948
baseline@512,baseline,512,GW241219_222607-v1-L1-qscan,GW241219_222607,0.0,0,,15.213399999993271
baseline@512,baseline,512,GW241220_062146-v1-H1-qscan,GW241220_062146,0.0,0,,17.29590000013559
baseline@512,baseline,512,GW241220_062146-v1-L1-qscan,GW241220_062146,0.0,0,,15.949500000715489
baseline@512,baseline,512,GW241225_042553-v1-L1-qscan,GW241225_042553,0.8899532556533813,2,0.88995326;0.63363343,15.00309999937599
baseline@512,baseline,512,GW241225_042553-v1-V1-qscan,GW241225_042553,0.013667476363480091,1,0.01366748,17.74199999999837
baseline@512,baseline,512,GW241225_082815-v1-H1-qscan,GW241225_082815,0.2527778744697571,2,0.25277787;0.11379830,17.800399999941874
baseline@512,baseline,512,GW241225_082815-v1-L1-qscan,GW241225_082815,0.9148963689804077,2,0.91489637;0.74120116,14.750199999980396
baseline@512,baseline,512,GW241229_155844-v1-H1-qscan,GW241229_155844,0.916167140007019,1,0.91616714,14.027500000338478
baseline@512,baseline,512,GW241229_155844-v1-L1-qscan,GW241229_155844,0.0,0,,17.436499999348598
baseline@512,baseline,512,GW241229_155844-v1-V1-qscan,GW241229_155844,0.0,0,,14.271199999711826
baseline@512,baseline,512,GW241230_084504-v1-L1-qscan,GW241230_084504,0.2920842170715332,2,0.29208422;0.20402351,15.6529000005321
baseline@512,baseline,512,GW241230_084504-v1-V1-qscan,GW241230_084504,0.0,0,,17.312099999799102
baseline@512,baseline,512,GW241230_233618-v1-H1-qscan,GW241230_233618,0.0,0,,14.892399999553163
baseline@512,baseline,512,GW241230_233618-v1-L1-qscan,GW241230_233618,0.5387395024299622,2,0.53873950;0.25329033,13.732499999605352
baseline@512,baseline,512,GW241230_233618-v1-V1-qscan,GW241230_233618,0.0,0,,17.90690000052564
baseline@512,baseline,512,GW241231_054133-v1-H1-qscan,GW241231_054133,0.8102356791496277,1,0.81023568,14.707600000292587
baseline@512,baseline,512,GW241231_054133-v1-L1-qscan,GW241231_054133,0.0,0,,15.192699999715842
baseline@512,baseline,512,GW241231_054133-v1-V1-qscan,GW241231_054133,0.0,0,,16.892300000108662
baseline@512,baseline,512,GW250101_011205-v1-H1-qscan,GW250101_011205,0.33962494134902954,1,0.33962494,14.52770000014425
baseline@512,baseline,512,GW250101_011205-v1-L1-qscan,GW250101_011205,0.62245112657547,1,0.62245113,14.493499999844062
baseline@512,baseline,512,GW250101_011205-v1-V1-qscan,GW250101_011205,0.0,0,,17.304899999544432
baseline@512,baseline,512,GW250104_015122-v1-H1-qscan,GW250104_015122,0.8864479064941406,2,0.88644791;0.05986012,15.151600000535836
baseline@512,baseline,512,GW250104_015122-v1-L1-qscan,GW250104_015122,0.2704269587993622,3,0.27042696;0.24920484;0.01268034,15.464199999769335
baseline@512,baseline,512,GW250104_015122-v1-V1-qscan,GW250104_015122,0.0,0,,16.7436000001544
baseline@512,baseline,512,GW250105_134047-v1-H1-qscan,GW250105_134047,0.0,0,,14.945199999601755
baseline@512,baseline,512,GW250105_134047-v1-L1-qscan,GW250105_134047,0.0,0,,15.282000000297558
baseline@512,baseline,512,GW250105_134047-v1-V1-qscan,GW250105_134047,0.0,0,,17.36540000001696
baseline@512,baseline,512,GW250108_152221-v1-H1-qscan,GW250108_152221,0.9133453965187073,2,0.91334540;0.08031427,14.992600000368839
baseline@512,baseline,512,GW250108_152221-v1-L1-qscan,GW250108_152221,0.95787113904953,1,0.95787114,14.560900000105903
baseline@512,baseline,512,GW250108_152221-v1-V1-qscan,GW250108_152221,0.0,0,,17.159699999865552
baseline@512,baseline,512,GW250109_010541-v1-H1-qscan,GW250109_010541,0.5703837871551514,1,0.57038379,14.696299999741314
baseline@512,baseline,512,GW250109_010541-v1-L1-qscan,GW250109_010541,0.9520388841629028,1,0.95203888,15.397899999697984
baseline@512,baseline,512,GW250109_010541-v1-V1-qscan,GW250109_010541,0.5660642981529236,1,0.56606430,17.186600000059116
baseline@512,baseline,512,GW250109_074552-v1-H1-qscan,GW250109_074552,0.6643458604812622,1,0.66434586,14.240700000300421
baseline@512,baseline,512,GW250109_074552-v1-V1-qscan,GW250109_074552,0.0,0,,16.089899999315094
baseline@512,baseline,512,GW250109_083206-v1-H1-qscan,GW250109_083206,0.8999500274658203,4,0.89995003;0.10562221;0.07336709;0.01355620,18.51859999987937
baseline@512,baseline,512,GW250109_083206-v1-V1-qscan,GW250109_083206,0.0,0,,14.831800000138173
baseline@512,baseline,512,GW250114_082203-v2-H1-qscan,GW250114_082203,0.7544291615486145,1,0.75442916,15.562800000225252
baseline@512,baseline,512,GW250114_082203-v2-L1-qscan,GW250114_082203,0.9198078513145447,1,0.91980785,17.545499999869207
baseline@512,baseline,512,GW250116_015318-v1-H1-qscan,GW250116_015318,0.7061092853546143,3,0.70610929;0.02137200;0.02001187,14.363599999342114
baseline@512,baseline,512,GW250116_015318-v1-L1-qscan,GW250116_015318,0.0,0,,14.61620000009134
baseline@512,baseline,512,GW250116_015318-v1-V1-qscan,GW250116_015318,0.0,0,,18.57930000005581
baseline@512,baseline,512,GW250116_051426-v1-H1-qscan,GW250116_051426,0.0,0,,14.651199999207165
baseline@512,baseline,512,GW250116_051426-v1-L1-qscan,GW250116_051426,0.0,0,,17.048100000465638
baseline@512,baseline,512,GW250118_023225-v1-H1-qscan,GW250118_023225,0.41467219591140747,1,0.41467220,18.123900000318827
baseline@512,baseline,512,GW250118_023225-v1-L1-qscan,GW250118_023225,0.4864571988582611,1,0.48645720,15.006599999651371
baseline@512,baseline,512,GW250118_023225-v1-V1-qscan,GW250118_023225,0.0,0,,14.131799999631767
baseline@512,baseline,512,GW250118_055802-v1-H1-qscan,GW250118_055802,0.5206036567687988,1,0.52060366,17.833500000051572
baseline@512,baseline,512,GW250118_055802-v1-L1-qscan,GW250118_055802,0.018247071653604507,1,0.01824707,13.593399999990652
baseline@512,baseline,512,GW250118_055802-v1-V1-qscan,GW250118_055802,0.0,0,,17.235600000276463
baseline@512,baseline,512,GW250118_170523-v1-H1-qscan,GW250118_170523,0.8621302843093872,1,0.86213028,18.702500000472355
baseline@512,baseline,512,GW250118_170523-v1-L1-qscan,GW250118_170523,0.9641051888465881,1,0.96410519,14.109700000517478
baseline@512,baseline,512,GW250119_025138-v1-H1-qscan,GW250119_025138,0.8566750288009644,2,0.85667503;0.03294130,15.468500000679342
baseline@512,baseline,512,GW250119_025138-v1-L1-qscan,GW250119_025138,0.4517884850502014,4,0.45178849;0.24287069;0.10701971;0.02145682,17.401900000550086
baseline@512,baseline,512,GW250119_025138-v1-V1-qscan,GW250119_025138,0.2506072223186493,1,0.25060722,14.606899999307643
baseline@512,baseline,512,GW250119_190238-v1-H1-qscan,GW250119_190238,0.7364003658294678,3,0.73640037;0.13577692;0.02318449,15.577800000755815
baseline@512,baseline,512,GW250119_190238-v1-L1-qscan,GW250119_190238,0.41195085644721985,4,0.41195086;0.22656213;0.12494529;0.06292201,16.666800000166404
baseline@512,baseline,512,GW250119_190238-v1-V1-qscan,GW250119_190238,0.0,0,,14.796400000705034
baseline@512,baseline,512,GW250120_042414-v1-H1-qscan,GW250120_042414,0.0,0,,14.976600000409235
baseline@512,baseline,512,GW250120_042414-v1-L1-qscan,GW250120_042414,0.0,0,,18.870299999434792
baseline@512,baseline,512,GW250120_042414-v1-V1-qscan,GW250120_042414,0.0,0,,15.163500000198837
baseline@640,baseline,640,GW240406_062847-v1-H1-qscan,GW240406_062847,0.0,0,,24.422299999969255
baseline@640,baseline,640,GW240406_062847-v1-L1-qscan,GW240406_062847,0.0,0,,24.453900000480644
baseline@640,baseline,640,GW240407_040938-v1-H1-qscan,GW240407_040938,0.39212766289711,4,0.39212766;0.23228359;0.05081917;0.01135000,24.403200000051584
baseline@640,baseline,640,GW240407_040938-v1-L1-qscan,GW240407_040938,0.0,0,,24.491199999829405
baseline@640,baseline,640,GW240407_040938-v1-V1-qscan,GW240407_040938,0.0,0,,23.89130000028672
baseline@640,baseline,640,GW240407_061416-v1-H1-qscan,GW240407_061416,0.18552589416503906,1,0.18552589,24.534700000003795
baseline@640,baseline,640,GW240407_061416-v1-L1-qscan,GW240407_061416,0.0,0,,24.45369999986724
baseline@640,baseline,640,GW240407_061416-v1-V1-qscan,GW240407_061416,0.0,0,,25.486800000180665
baseline@640,baseline,640,GW240407_214946-v1-H1-qscan,GW240407_214946,0.0,0,,23.962899999787624
baseline@640,baseline,640,GW240407_214946-v1-L1-qscan,GW240407_214946,0.0,0,,22.063699999307573
baseline@640,baseline,640,GW240407_214946-v1-V1-qscan,GW240407_214946,0.0,0,,20.297799999752897
baseline@640,baseline,640,GW240408_081753-v1-H1-qscan,GW240408_081753,0.0,0,,20.431899999493908
baseline@640,baseline,640,GW240408_081753-v1-L1-qscan,GW240408_081753,0.0,0,,24.805099999866798
baseline@640,baseline,640,GW240411_074140-v1-H1-qscan,GW240411_074140,0.0,0,,24.62439999999333
baseline@640,baseline,640,GW240411_074140-v1-L1-qscan,GW240411_074140,0.0,0,,24.665200000526966
baseline@640,baseline,640,GW240413_022019-v1-H1-qscan,GW240413_022019,0.0,0,,24.464500000249245
baseline@640,baseline,640,GW240413_022019-v1-L1-qscan,GW240413_022019,0.7700248956680298,1,0.77002490,25.138999999398948
baseline@640,baseline,640,GW240413_022019-v1-V1-qscan,GW240413_022019,0.0,0,,24.34350000021368
baseline@640,baseline,640,GW240414_054515-v1-H1-qscan,GW240414_054515,0.25728049874305725,1,0.25728050,23.21459999984654
baseline@640,baseline,640,GW240414_054515-v1-V1-qscan,GW240414_054515,0.049437180161476135,2,0.04943718;0.02238471,27.695699999640055
baseline@640,baseline,640,GW240419_041206-v1-H1-qscan,GW240419_041206,0.07479721307754517,1,0.07479721,22.789599999669008
baseline@640,baseline,640,GW240419_041206-v1-L1-qscan,GW240419_041206,0.0,0,,24.858400000084657
baseline@640,baseline,640,GW240419_041206-v1-V1-qscan,GW240419_041206,0.0,0,,24.75460000005114
baseline@640,baseline,640,GW240420_175625-v1-H1-qscan,GW240420_175625,0.6201156973838806,4,0.62011570;0.01719442;0.01553692;0.01321931,21.687099999326165
baseline@640,baseline,640,GW240421_052935-v1-H1-qscan,GW240421_052935,0.020361552014946938,1,0.02036155,22.447199999987788
baseline@640,baseline,640,GW240421_052935-v1-L1-qscan,GW240421_052935,0.0,0,,20.773299999746087
baseline@640,baseline,640,GW240421_052935-v1-V1-qscan,GW240421_052935,0.0,0,,20.716799999718205
baseline@640,baseline,640,GW240426_031451-v1-H1-qscan,GW240426_031451,0.1131533607840538,1,0.11315336,24.628499999380438
baseline@640,baseline,640,GW240426_031451-v1-L1-qscan,GW240426_031451,0.7827547192573547,2,0.78275472;0.01678761,23.35640000001149
baseline@640,baseline,640,GW240426_085802-v1-H1-qscan,GW240426_085802,0.11142981797456741,2,0.11142982;0.01625509,23.886899999524758
baseline@640,baseline,640,GW240426_085802-v1-L1-qscan,GW240426_085802,0.0,0,,24.40660000047501
baseline@640,baseline,640,GW240426_085802-v1-V1-qscan,GW240426_085802,0.0155880656093359,1,0.01558807,22.87979999982781
baseline@640,baseline,640,GW240428_225440-v1-H1-qscan,GW240428_225440,0.8071014285087585,3,0.80710143;0.48957762;0.01872329,24.818100000629784
baseline@640,baseline,640,GW240428_225440-v1-V1-qscan,GW240428_225440,0.0,0,,25.07789999981469
baseline@640,baseline,640,GW240430_093517-v1-H1-qscan,GW240430_093517,0.0,0,,23.595399999976507
baseline@640,baseline,640,GW240430_093517-v1-L1-qscan,GW240430_093517,0.5249324440956116,3,0.52493244;0.06205004;0.01059548,19.87390000067535
baseline@640,baseline,640,GW240501_033534-v1-H1-qscan,GW240501_033534,0.6499021649360657,1,0.64990216,20.94180000040069
baseline@640,baseline,640,GW240501_033534-v1-L1-qscan,GW240501_033534,0.9134878516197205,2,0.91348785;0.12092991,20.890600000711856
baseline@640,baseline,640,GW240501_033534-v1-V1-qscan,GW240501_033534,0.0,0,,24.945900000602705
baseline@640,baseline,640,GW240505_133552-v1-H1-qscan,GW240505_133552,0.7641547322273254,1,0.76415473,24.55290000034438
baseline@640,baseline,640,GW240505_133552-v1-L1-qscan,GW240505_133552,0.5738400220870972,1,0.57384002,23.839599999519123
baseline@640,baseline,640,GW240505_133552-v1-V1-qscan,GW240505_133552,0.013921263627707958,1,0.01392126,24.20079999956215
baseline@640,baseline,640,GW240507_041632-v1-H1-qscan,GW240507_041632,0.27431073784828186,1,0.27431074,23.141899999245652
baseline@640,baseline,640,GW240507_041632-v1-L1-qscan,GW240507_041632,0.21331343054771423,4,0.21331343;0.11186185;0.09054824;0.02117063,23.51340000041091
baseline@640,baseline,640,GW240507_041632-v1-V1-qscan,GW240507_041632,0.0,0,,25.222400000529888
baseline@640,baseline,640,GW240509_102351-v1-H1-qscan,GW240509_102351,0.0,0,,24.779800000032992
baseline@640,baseline,640,GW240509_102351-v1-L1-qscan,GW240509_102351,0.0,0,,20.57779999995546
baseline@640,baseline,640,GW240509_102351-v1-V1-qscan,GW240509_102351,0.0,0,,20.503399999142857
baseline@640,baseline,640,GW240511_031507-v1-H1-qscan,GW240511_031507,0.7621601223945618,2,0.76216012;0.10345683,20.249600000170176
baseline@640,baseline,640,GW240511_031507-v1-L1-qscan,GW240511_031507,0.6792212128639221,1,0.67922121,25.300700000116194
baseline@640,baseline,640,GW240511_031507-v1-V1-qscan,GW240511_031507,0.0,0,,25.349000000460364
baseline@640,baseline,640,GW240512_024139-v1-H1-qscan,GW240512_024139,0.0,0,,25.022900000294612
baseline@640,baseline,640,GW240512_024139-v1-L1-qscan,GW240512_024139,0.6499437689781189,1,0.64994377,24.196999999730906
baseline@640,baseline,640,GW240512_024139-v1-V1-qscan,GW240512_024139,0.0,0,,24.092300000120304
baseline@640,baseline,640,GW240512_051606-v1-H1-qscan,GW240512_051606,0.09219799190759659,3,0.09219799;0.04142526;0.02624514,25.841299999228795
baseline@640,baseline,640,GW240512_051606-v1-L1-qscan,GW240512_051606,0.0,0,,23.96000000044296
baseline@640,baseline,640,GW240512_051606-v1-V1-qscan,GW240512_051606,0.0,0,,23.138900000049034
baseline@640,baseline,640,GW240513_183302-v1-H1-qscan,GW240513_183302,0.9126325249671936,1,0.91263252,25.405899999896064
baseline@640,baseline,640,GW240513_183302-v1-L1-qscan,GW240513_183302,0.8948011994361877,1,0.89480120,24.342300000171235
baseline@640,baseline,640,GW240513_183302-v1-V1-qscan,GW240513_183302,0.0,0,,24.930900000072143
baseline@640,baseline,640,GW240514_121713-v1-H1-qscan,GW240514_121713,0.8749019503593445,2,0.87490195;0.02154154,23.851800000556977
baseline@640,baseline,640,GW240514_121713-v1-L1-qscan,GW240514_121713,0.5930172204971313,1,0.59301722,19.82419999967533
baseline@640,baseline,640,GW240514_121713-v1-V1-qscan,GW240514_121713,0.0,0,,20.990799999708543
baseline@640,baseline,640,GW240515_005301-v1-H1-qscan,GW240515_005301,0.8699184656143188,1,0.86991847,23.5065000006216
baseline@640,baseline,640,GW240515_005301-v1-L1-qscan,GW240515_005301,0.02439730055630207,5,0.02439730;0.02377960;0.02178085;0.01967699;0.01611427,24.080500000309257
baseline@640,baseline,640,GW240515_005301-v1-V1-qscan,GW240515_005301,0.0,0,,25.095900000451365
baseline@640,baseline,640,GW240516_041939-v1-H1-qscan,GW240516_041939,0.0,0,,23.27820000027714
baseline@640,baseline,640,GW240516_041939-v1-L1-qscan,GW240516_041939,0.0,0,,23.284699999749137
baseline@640,baseline,640,GW240516_041939-v1-V1-qscan,GW240516_041939,0.0,0,,23.335200000474288
baseline@640,baseline,640,GW240519_012815-v1-L1-qscan,GW240519_012815,0.7875955700874329,1,0.78759557,24.74120000078983
baseline@640,baseline,640,GW240519_012815-v1-V1-qscan,GW240519_012815,0.8655955195426941,1,0.86559552,23.067499999342544
baseline@640,baseline,640,GW240520_213616-v1-H1-qscan,GW240520_213616,0.21610869467258453,1,0.21610869,21.293400000104157
baseline@640,baseline,640,GW240520_213616-v1-L1-qscan,GW240520_213616,0.026728397235274315,3,0.02672840;0.01911593;0.01164323,19.612400000369234
baseline@640,baseline,640,GW240520_213616-v1-V1-qscan,GW240520_213616,0.0,0,,21.22860000054061
baseline@640,baseline,640,GW240525_031210-v1-H1-qscan,GW240525_031210,0.7807340621948242,3,0.78073406;0.29495972;0.02238357,23.858100000325067
baseline@640,baseline,640,GW240525_031210-v1-L1-qscan,GW240525_031210,0.49855875968933105,3,0.49855876;0.03283408;0.02675382,24.808899999698042
baseline@640,baseline,640,GW240525_031210-v1-V1-qscan,GW240525_031210,0.0,0,,24.490299999342824
baseline@640,baseline,640,GW240525_201644-v1-H1-qscan,GW240525_201644,0.0,0,,23.84379999966768
baseline@640,baseline,640,GW240525_201644-v1-L1-qscan,GW240525_201644,0.0,0,,24.327699999957986
baseline@640,baseline,640,GW240525_201644-v1-V1-qscan,GW240525_201644,0.0,0,,22.29410000018106
baseline@640,baseline,640,GW240526_093944-v1-H1-qscan,GW240526_093944,0.2877563536167145,3,0.28775635;0.19681329;0.03768419,24.85069999966072
baseline@640,baseline,640,GW240526_093944-v1-L1-qscan,GW240526_093944,0.0,0,,25.22229999976844
baseline@640,baseline,640,GW240526_093944-v1-V1-qscan,GW240526_093944,0.0,0,,24.737300000197138
baseline@640,baseline,640,GW240527_150907-v1-H1-qscan,GW240527_150907,0.0,0,,22.90919999995822
baseline@640,baseline,640,GW240527_150907-v1-L1-qscan,GW240527_150907,0.0,0,,20.187000000078115
baseline@640,baseline,640,GW240527_150907-v1-V1-qscan,GW240527_150907,0.0,0,,20.902500000374857
baseline@640,baseline,640,GW240527_183429-v1-H1-qscan,GW240527_183429,0.8461869359016418,1,0.84618694,24.513200000001234
baseline@640,baseline,640,GW240527_183429-v1-L1-qscan,GW240527_183429,0.0,0,,26.464499999747204
baseline@640,baseline,640,GW240527_183429-v1-V1-qscan,GW240527_183429,0.0,0,,25.49799999997049
baseline@640,baseline,640,GW240527_230910-v1-H1-qscan,GW240527_230910,0.4355759918689728,2,0.43557599;0.17573094,24.839800000336254
baseline@640,baseline,640,GW240527_230910-v1-L1-qscan,GW240527_230910,0.027935780584812164,1,0.02793578,24.441900000056194
baseline@640,baseline,640,GW240527_230910-v1-V1-qscan,GW240527_230910,0.0,0,,24.203899999520218
baseline@640,baseline,640,GW240530_012417-v1-H1-qscan,GW240530_012417,0.0,0,,24.48499999991327
baseline@640,baseline,640,GW240530_012417-v1-L1-qscan,GW240530_012417,0.6397537589073181,5,0.63975376;0.18395391;0.06579103;0.06527698;0.03426214,24.330900000677502
baseline@640,baseline,640,GW240530_012417-v1-V1-qscan,GW240530_012417,0.0,0,,23.71610000045621
baseline@640,baseline,640,GW240531_040326-v1-H1-qscan,GW240531_040326,0.09642300009727478,3,0.09642300;0.07395329;0.04887071,23.343199999544595
baseline@640,baseline,640,GW240531_040326-v1-L1-qscan,GW240531_040326,0.0,0,,22.935299999517156
baseline@640,baseline,640,GW240531_040326-v1-V1-qscan,GW240531_040326,0.0,0,,21.13069999995787
baseline@640,baseline,640,GW240531_075248-v1-H1-qscan,GW240531_075248,0.0,0,,20.993300000554882
baseline@640,baseline,640,GW240531_075248-v1-L1-qscan,GW240531_075248,0.9372535943984985,1,0.93725359,20.59910000025411
baseline@640,baseline,640,GW240531_075248-v1-V1-qscan,GW240531_075248,0.026680799201130867,1,0.02668080,24.65070000016567
baseline@640,baseline,640,GW240601_061200-v1-H1-qscan,GW240601_061200,0.0,0,,24.040899999818066
baseline@640,baseline,640,GW240601_061200-v1-L1-qscan,GW240601_061200,0.22246870398521423,3,0.22246870;0.05131304;0.01244179,24.77629999975761
baseline@640,baseline,640,GW240601_061200-v1-V1-qscan,GW240601_061200,0.0,0,,25.057099999685306
baseline@640,baseline,640,GW240601_231004-v1-H1-qscan,GW240601_231004,0.0,0,,25.09879999979603
baseline@640,baseline,640,GW240601_231004-v1-L1-qscan,GW240601_231004,0.0,0,,22.977000000537373
baseline@640,baseline,640,GW240601_231004-v1-V1-qscan,GW240601_231004,0.0,0,,23.325399999521323
baseline@640,baseline,640,GW240611_214835-v1-L1-qscan,GW240611_214835,0.16807040572166443,2,0.16807041;0.02631137,24.911100000281294
baseline@640,baseline,640,GW240611_214835-v1-V1-qscan,GW240611_214835,0.0,0,,24.712800000088464
baseline@640,baseline,640,GW240612_081540-v1-H1-qscan,GW240612_081540,0.6718988418579102,1,0.67189884,20.26819999991858
baseline@640,baseline,640,GW240612_081540-v1-L1-qscan,GW240612_081540,0.04903101921081543,1,0.04903102,20.642899999984365
baseline@640,baseline,640,GW240612_081540-v1-V1-qscan,GW240612_081540,0.0,0,,19.887499999640568
baseline@640,baseline,640,GW240613_011503-v1-H1-qscan,GW240613_011503,0.0,0,,25.059000000510423
baseline@640,baseline,640,GW240613_011503-v1-L1-qscan,GW240613_011503,0.0,0,,24.448099999972328
baseline@640,baseline,640,GW240613_011503-v1-V1-qscan,GW240613_011503,0.0,0,,24.58510000087699
baseline@640,baseline,640,GW240615_113620-v1-H1-qscan,GW240615_113620,0.9214239716529846,2,0.92142397;0.03727844,24.74270000038814
baseline@640,baseline,640,GW240615_113620-v1-L1-qscan,GW240615_113620,0.91779625415802,1,0.91779625,24.71400000013091
baseline@640,baseline,640,GW240615_113620-v1-V1-qscan,GW240615_113620,0.03768473491072655,1,0.03768473,22.879099999954633
baseline@640,baseline,640,GW240615_160735-v1-H1-qscan,GW240615_160735,0.8828011751174927,2,0.88280118;0.12243588,24.142599999322556
baseline@640,baseline,640,GW240615_160735-v1-L1-qscan,GW240615_160735,0.06738230586051941,5,0.06738231;0.05478675;0.02723776;0.01853897;0.01316564,24.144400000295718
baseline@640,baseline,640,GW240615_160735-v1-V1-qscan,GW240615_160735,0.0,0,,24.012500000026193
baseline@640,baseline,640,GW240618_071627-v1-H1-qscan,GW240618_071627,0.5305671095848083,3,0.53056711;0.36346275;0.03808494,20.557499999995343
baseline@640,baseline,640,GW240618_071627-v1-L1-qscan,GW240618_071627,0.6104780435562134,1,0.61047804,21.101199999975506
baseline@640,baseline,640,GW240619_044535-v1-H1-qscan,GW240619_044535,0.01596108451485634,1,0.01596108,20.60090000031778
baseline@640,baseline,640,GW240619_044535-v1-L1-qscan,GW240619_044535,0.0,0,,25.335099999210797
baseline@640,baseline,640,GW240619_044535-v1-V1-qscan,GW240619_044535,0.0,0,,25.268500000493077
baseline@640,baseline,640,GW240619_212357-v1-H1-qscan,GW240619_212357,0.5868732929229736,1,0.58687329,25.142200000118464
baseline@640,baseline,640,GW240619_212357-v1-L1-qscan,GW240619_212357,0.0,0,,25.011600000652834
baseline@640,baseline,640,GW240619_212357-v1-V1-qscan,GW240619_212357,0.0,0,,24.407899999459914
baseline@640,baseline,640,GW240620_094631-v1-H1-qscan,GW240620_094631,0.0,0,,24.252199999864388
baseline@640,baseline,640,GW240620_094631-v1-L1-qscan,GW240620_094631,0.0,0,,23.212799999782874
baseline@640,baseline,640,GW240620_094631-v1-V1-qscan,GW240620_094631,0.0,0,,25.019899999279005
baseline@640,baseline,640,GW240621_103457-v1-H1-qscan,GW240621_103457,0.06519979983568192,1,0.06519980,21.268200000122306
baseline@640,baseline,640,GW240621_103457-v1-L1-qscan,GW240621_103457,0.0,0,,19.603400000050897
baseline@640,baseline,640,GW240621_103457-v1-V1-qscan,GW240621_103457,0.0,0,,21.183400000154506
baseline@640,baseline,640,GW240621_195059-v1-H1-qscan,GW240621_195059,0.9392355680465698,1,0.93923557,23.634000000129163
baseline@640,baseline,640,GW240621_195059-v1-L1-qscan,GW240621_195059,0.8564283847808838,1,0.85642838,24.7549000005165
baseline@640,baseline,640,GW240621_195059-v1-V1-qscan,GW240621_195059,0.1767810732126236,2,0.17678107;0.02005745,25.172200000270095
baseline@640,baseline,640,GW240621_200935-v1-H1-qscan,GW240621_200935,0.03637860342860222,2,0.03637860;0.01393436,23.45049999985349
baseline@640,baseline,640,GW240621_200935-v1-L1-qscan,GW240621_200935,0.14808420836925507,2,0.14808421;0.01454946,24.2500000003929
baseline@640,baseline,640,GW240621_200935-v1-V1-qscan,GW240621_200935,0.017253946512937546,1,0.01725395,23.454099999980826
baseline@640,baseline,640,GW240621_214041-v1-H1-qscan,GW240621_214041,0.367360919713974,1,0.36736092,23.58269999967888
baseline@640,baseline,640,GW240621_214041-v1-L1-qscan,GW240621_214041,0.7632275223731995,1,0.76322752,23.27289999993809
baseline@640,baseline,640,GW240621_214041-v1-V1-qscan,GW240621_214041,0.0,0,,24.470999999721244
baseline@640,baseline,640,GW240622_004008-v1-H1-qscan,GW240622_004008,0.025822056457400322,3,0.02582206;0.02055548;0.01595115,24.014999999963038
baseline@640,baseline,640,GW240622_004008-v1-L1-qscan,GW240622_004008,0.062323179095983505,4,0.06232318;0.02639611;0.01976304;0.01072588,21.815699999933713
baseline@640,baseline,640,GW240622_004008-v1-V1-qscan,GW240622_004008,0.0,0,,20.51850000043487
baseline@640,baseline,640,GW240625_073331-v1-H1-qscan,GW240625_073331,0.018668286502361298,1,0.01866829,20.537700000204495
baseline@640,baseline,640,GW240625_073331-v1-L1-qscan,GW240625_073331,0.0,0,,24.775900000349793
baseline@640,baseline,640,GW240627_131622-v1-H1-qscan,GW240627_131622,0.0,0,,25.055499999325548
baseline@640,baseline,640,GW240627_131622-v1-L1-qscan,GW240627_131622,0.0169444028288126,2,0.01694440;0.01643622,24.61230000062642
baseline@640,baseline,640,GW240627_131622-v1-V1-qscan,GW240627_131622,0.010563558898866177,1,0.01056356,24.198099999921396
baseline@640,baseline,640,GW240629_145256-v1-H1-qscan,GW240629_145256,0.2822771370410919,1,0.28227714,24.250299999948766
baseline@640,baseline,640,GW240629_145256-v1-L1-qscan,GW240629_145256,0.10165905952453613,3,0.10165906;0.02947686;0.01216632,24.563700000726385
baseline@640,baseline,640,GW240629_145256-v1-V1-qscan,GW240629_145256,0.0,0,,27.02939999926457
baseline@640,baseline,640,GW240630_101703-v1-H1-qscan,GW240630_101703,0.39485132694244385,2,0.39485133;0.10621037,24.478599999383732
baseline@640,baseline,640,GW240630_101703-v1-V1-qscan,GW240630_101703,0.0,0,,24.577099999987695
baseline@640,baseline,640,GW240630_115348-v1-H1-qscan,GW240630_115348,0.823343813419342,6,0.82334381;0.03636595;0.01655047;0.01251973;0.01154673;0.01097904,24.603099999694678
baseline@640,baseline,640,GW240630_115348-v1-L1-qscan,GW240630_115348,0.3807757794857025,2,0.38077578;0.15442613,24.23720000024332
baseline@640,baseline,640,GW240630_115348-v1-V1-qscan,GW240630_115348,0.0,0,,23.536200000307872
baseline@640,baseline,640,GW240630_212937-v1-H1-qscan,GW240630_212937,0.0,0,,20.865999999841733
baseline@640,baseline,640,GW240630_212937-v1-L1-qscan,GW240630_212937,0.0,0,,21.064700000351877
baseline@640,baseline,640,GW240630_212937-v1-V1-qscan,GW240630_212937,0.0,0,,24.45850000003702
baseline@640,baseline,640,GW240701_011640-v1-H1-qscan,GW240701_011640,0.0,0,,24.07949999997072
baseline@640,baseline,640,GW240701_011640-v1-L1-qscan,GW240701_011640,0.0,0,,24.663300000611343
baseline@640,baseline,640,GW240701_011640-v1-V1-qscan,GW240701_011640,0.0,0,,23.750899999868125
baseline@640,baseline,640,GW240701_013826-v1-H1-qscan,GW240701_013826,0.0,0,,23.7808000001678
baseline@640,baseline,640,GW240701_013826-v1-L1-qscan,GW240701_013826,0.0,0,,24.38140000049316
baseline@640,baseline,640,GW240701_013826-v1-V1-qscan,GW240701_013826,0.0,0,,23.91749999969761
baseline@640,baseline,640,GW240701_203807-v1-H1-qscan,GW240701_203807,0.0,0,,21.110200000293844
baseline@640,baseline,640,GW240701_203807-v1-L1-qscan,GW240701_203807,0.0,0,,20.92389999961597
baseline@640,baseline,640,GW240701_203807-v1-V1-qscan,GW240701_203807,0.0,0,,21.560600000157137
baseline@640,baseline,640,GW240703_191355-v1-L1-qscan,GW240703_191355,0.5286153554916382,3,0.52861536;0.20772198;0.16855448,25.140900000224065
baseline@640,baseline,640,GW240703_191355-v1-V1-qscan,GW240703_191355,0.015862084925174713,1,0.01586208,24.169199999960256
baseline@640,baseline,640,GW240705_053215-v1-H1-qscan,GW240705_053215,0.9519104361534119,2,0.95191044;0.80614662,24.237600000560633
baseline@640,baseline,640,GW240705_053215-v1-L1-qscan,GW240705_053215,0.7374071478843689,1,0.73740715,23.452999999790336
baseline@640,baseline,640,GW240705_053215-v1-V1-qscan,GW240705_053215,0.0,0,,24.269799999274255
baseline@640,baseline,640,GW240716_034900-v1-L1-qscan,GW240716_034900,0.7789451479911804,2,0.77894515;0.07911133,24.287100000037753
baseline@640,baseline,640,GW240716_034900-v1-V1-qscan,GW240716_034900,0.0,0,,24.986699999317352
baseline@640,baseline,640,GW240806_043539-v1-L1-qscan,GW240806_043539,0.0,0,,24.95900000030815
baseline@640,baseline,640,GW240806_043539-v1-V1-qscan,GW240806_043539,0.0,0,,24.248599999737053
baseline@640,baseline,640,GW240807_214559-v1-L1-qscan,GW240807_214559,0.0,0,,24.83589999974356
baseline@640,baseline,640,GW240807_214559-v1-V1-qscan,GW240807_214559,0.0,0,,24.706899999728194
baseline@640,baseline,640,GW240813_034548-v1-L1-qscan,GW240813_034548,0.0,0,,20.515500000328757
baseline@640,baseline,640,GW240813_034548-v1-V1-qscan,GW240813_034548,0.019519733265042305,1,0.01951973,21.25590000014199
baseline@640,baseline,640,GW240814_145043-v1-L1-qscan,GW240814_145043,0.025174465030431747,1,0.02517447,24.494199999935518
baseline@640,baseline,640,GW240814_145043-v1-V1-qscan,GW240814_145043,0.0,0,,24.926000000050408
baseline@640,baseline,640,GW240824_205609-v1-H1-qscan,GW240824_205609,0.7472952008247375,1,0.74729520,26.89939999982016
baseline@640,baseline,640,GW240824_205609-v1-L1-qscan,GW240824_205609,0.0,0,,24.627099999634083
baseline@640,baseline,640,GW240824_205609-v1-V1-qscan,GW240824_205609,0.6913691759109497,1,0.69136918,24.305699999786157
baseline@640,baseline,640,GW240825_055146-v1-H1-qscan,GW240825_055146,0.03735100105404854,1,0.03735100,23.790299999745912
baseline@640,baseline,640,GW240825_055146-v1-L1-qscan,GW240825_055146,0.3274361789226532,2,0.32743618;0.20482610,23.936200000207464
baseline@640,baseline,640,GW240825_055146-v1-V1-qscan,GW240825_055146,0.0,0,,23.47250000002532
baseline@640,baseline,640,GW240828_102340-v1-H1-qscan,GW240828_102340,0.11321284621953964,2,0.11321285;0.06872515,23.065500000484462
baseline@640,baseline,640,GW240828_102340-v1-L1-qscan,GW240828_102340,0.07823850214481354,1,0.07823850,24.951100000180304
baseline@640,baseline,640,GW240828_102340-v1-V1-qscan,GW240828_102340,0.0,0,,24.343400000361726
baseline@640,baseline,640,GW240830_211120-v1-H1-qscan,GW240830_211120,0.012841683812439442,1,0.01284168,20.113600000513543
baseline@640,baseline,640,GW240830_211120-v1-L1-qscan,GW240830_211120,0.0,0,,20.727899999656074
baseline@640,baseline,640,GW240830_211120-v1-V1-qscan,GW240830_211120,0.0,0,,24.640699999508797
baseline@640,baseline,640,GW240901_195332-v1-H1-qscan,GW240901_195332,0.0,0,,25.3073999992921
baseline@640,baseline,640,GW240901_195332-v1-L1-qscan,GW240901_195332,0.0,0,,24.432700000033947
baseline@640,baseline,640,GW240901_195332-v1-V1-qscan,GW240901_195332,0.0,0,,24.142000000210828
baseline@640,baseline,640,GW240902_143306-v1-H1-qscan,GW240902_143306,0.33053407073020935,2,0.33053407;0.06300077,24.161600000297767
baseline@640,baseline,640,GW240902_143306-v1-L1-qscan,GW240902_143306,0.037824373692274094,3,0.03782437;0.02412934;0.01060487,24.832899999637448
baseline@640,baseline,640,GW240902_143306-v1-V1-qscan,GW240902_143306,0.1255774050951004,1,0.12557741,24.784400000498863
baseline@640,baseline,640,GW240907_092521-v1-H1-qscan,GW240907_092521,0.15650765597820282,2,0.15650766;0.15106210,24.12430000003951
baseline@640,baseline,640,GW240907_092521-v1-L1-qscan,GW240907_092521,0.0,0,,23.845900000196707
baseline@640,baseline,640,GW240907_092521-v1-V1-qscan,GW240907_092521,0.0,0,,21.809000000757806
baseline@640,baseline,640,GW240907_121650-v1-H1-qscan,GW240907_121650,0.0,0,,20.353500000055647
baseline@640,baseline,640,GW240907_121650-v1-L1-qscan,GW240907_121650,0.0,0,,21.04830000007496
baseline@640,baseline,640,GW240907_121650-v1-V1-qscan,GW240907_121650,0.2566671073436737,2,0.25666711;0.01582889,24.541200000385288
baseline@640,baseline,640,GW240907_153833-v1-H1-qscan,GW240907_153833,0.7710365653038025,3,0.77103657;0.02287497;0.01535925,25.28249999977561
baseline@640,baseline,640,GW240907_153833-v1-L1-qscan,GW240907_153833,0.7798861861228943,1,0.77988619,24.45209999950748
baseline@640,baseline,640,GW240907_153833-v1-V1-qscan,GW240907_153833,0.38717302680015564,1,0.38717303,24.531999999453546
baseline@640,baseline,640,GW240908_082628-v1-H1-qscan,GW240908_082628,0.13746273517608643,2,0.13746274;0.08658633,24.626100000205042
baseline@640,baseline,640,GW240908_082628-v1-L1-qscan,GW240908_082628,0.10582297295331955,6,0.10582297;0.03942828;0.02320696;0.02155454;0.01708480;0.01298662,23.879999999735446
baseline@640,baseline,640,GW240908_082628-v1-V1-qscan,GW240908_082628,0.03448506444692612,4,0.03448506;0.03110666;0.02068994;0.02030106,24.086399999760033
baseline@640,baseline,640,GW240908_125134-v1-H1-qscan,GW240908_125134,0.3547031581401825,2,0.35470316;0.01142921,23.42529999987164
baseline@640,baseline,640,GW240908_125134-v1-L1-qscan,GW240908_125134,0.060962241142988205,1,0.06096224,24.09529999931692
baseline@640,baseline,640,GW240908_125134-v1-V1-qscan,GW240908_125134,0.0,0,,23.45829999921989
baseline@640,baseline,640,GW240908_174149-v1-H1-qscan,GW240908_174149,0.20548446476459503,1,0.20548446,21.86249999977008
baseline@640,baseline,640,GW240908_174149-v1-L1-qscan,GW240908_174149,0.0,0,,21.712099999604106
baseline@640,baseline,640,GW240908_174149-v1-V1-qscan,GW240908_174149,0.0,0,,20.668099999966216
baseline@640,baseline,640,GW240910_103535-v1-H1-qscan,GW240910_103535,0.7794334292411804,1,0.77943343,25.45620000000781
baseline@640,baseline,640,GW240910_103535-v1-L1-qscan,GW240910_103535,0.20432500541210175,1,0.20432501,26.647200000297744
baseline@640,baseline,640,GW240913_111216-v1-H1-qscan,GW240913_111216,0.0,0,,24.675200000274344
baseline@640,baseline,640,GW240913_111216-v1-L1-qscan,GW240913_111216,0.0,0,,25.149799999780953
baseline@640,baseline,640,GW240913_111216-v1-V1-qscan,GW240913_111216,0.0,0,,24.37779999945633
baseline@640,baseline,640,GW240915_001357-v1-H1-qscan,GW240915_001357,0.10502451658248901,5,0.10502452;0.09084570;0.01775233;0.01118554;0.01043816,23.862199999712175
baseline@640,baseline,640,GW240915_001357-v1-L1-qscan,GW240915_001357,0.6777554750442505,2,0.67775548;0.08417413,23.823900000024878
baseline@640,baseline,640,GW240915_001357-v1-V1-qscan,GW240915_001357,0.0,0,,23.94899999944755
baseline@640,baseline,640,GW240915_045510-v1-H1-qscan,GW240915_045510,0.43714091181755066,2,0.43714091;0.31158617,23.643700000320678
baseline@640,baseline,640,GW240915_045510-v1-L1-qscan,GW240915_045510,0.0,0,,23.411300000589108
baseline@640,baseline,640,GW240915_045510-v1-V1-qscan,GW240915_045510,0.8561524152755737,3,0.85615242;0.09821510;0.01353112,20.83020000009128
baseline@640,baseline,640,GW240915_105151-v1-H1-qscan,GW240915_105151,0.3027869462966919,3,0.30278695;0.02102233;0.01276248,20.94810000016878
baseline@640,baseline,640,GW240915_105151-v1-V1-qscan,GW240915_105151,0.0,0,,22.183500000210188
baseline@640,baseline,640,GW240916_184352-v1-H1-qscan,GW240916_184352,0.0,0,,24.991599999339087
baseline@640,baseline,640,GW240916_184352-v1-L1-qscan,GW240916_184352,0.0,0,,24.881199999981618
baseline@640,baseline,640,GW240916_184352-v1-V1-qscan,GW240916_184352,0.1491067111492157,1,0.14910671,24.40680000017892
baseline@640,baseline,640,GW240917_130237-v1-H1-qscan,GW240917_130237,0.0,0,,23.337099999480415
baseline@640,baseline,640,GW240917_130237-v1-L1-qscan,GW240917_130237,0.0,0,,23.189100000308827
baseline@640,baseline,640,GW240919_061559-v1-H1-qscan,GW240919_061559,0.9160135984420776,1,0.91601360,24.80699999978242
baseline@640,baseline,640,GW240919_061559-v1-L1-qscan,GW240919_061559,0.9291929602622986,1,0.92919296,22.76350000011007
baseline@640,baseline,640,GW240919_061559-v1-V1-qscan,GW240919_061559,0.20395658910274506,3,0.20395659;0.07135097;0.06836826,23.386099999697763
baseline@640,baseline,640,GW240919_215453-v1-H1-qscan,GW240919_215453,0.0,0,,20.818299999518786
baseline@640,baseline,640,GW240919_215453-v1-L1-qscan,GW240919_215453,0.7965012192726135,1,0.79650122,20.885500000076718
baseline@640,baseline,640,GW240919_215453-v1-V1-qscan,GW240919_215453,0.0,0,,21.39069999975618
baseline@640,baseline,640,GW240920_073424-v1-H1-qscan,GW240920_073424,0.6259995102882385,2,0.62599951;0.06255431,25.04360000057204
baseline@640,baseline,640,GW240920_073424-v1-L1-qscan,GW240920_073424,0.4845876693725586,5,0.48458767;0.26443034;0.11361913;0.06491192;0.01682182,24.58759999990434
baseline@640,baseline,640,GW240920_073424-v1-V1-qscan,GW240920_073424,0.3585367500782013,1,0.35853675,23.39990000018588
baseline@640,baseline,640,GW240920_124024-v1-H1-qscan,GW240920_124024,0.931868314743042,1,0.93186831,25.358699999742385
baseline@640,baseline,640,GW240920_124024-v1-L1-qscan,GW240920_124024,0.8882904052734375,2,0.88829041;0.04620370,23.64769999985583
baseline@640,baseline,640,GW240921_201835-v1-L1-qscan,GW240921_201835,0.7875798940658569,2,0.78757989;0.02243789,24.710200000299665
baseline@640,baseline,640,GW240921_201835-v1-V1-qscan,GW240921_201835,0.0,0,,24.87349999955768
baseline@640,baseline,640,GW240922_142106-v1-H1-qscan,GW240922_142106,0.36173215508461,2,0.36173216;0.04473548,27.34630000031757
baseline@640,baseline,640,GW240922_142106-v1-L1-qscan,GW240922_142106,0.24512365460395813,2,0.24512365;0.02279373,25.33709999988787
baseline@640,baseline,640,GW240922_142106-v1-V1-qscan,GW240922_142106,0.0,0,,24.360100000194507
baseline@640,baseline,640,GW240923_000715-v1-H1-qscan,GW240923_000715,0.0,0,,24.650400000609807
baseline@640,baseline,640,GW240923_000715-v1-L1-qscan,GW240923_000715,0.0,0,,23.959300000569783
baseline@640,baseline,640,GW240923_000715-v1-V1-qscan,GW240923_000715,0.012956462800502777,1,0.01295646,24.38609999990149
baseline@640,baseline,640,GW240923_110846-v1-H1-qscan,GW240923_110846,0.8737348914146423,2,0.87373489;0.43437648,26.741800000309013
baseline@640,baseline,640,GW240923_204006-v1-H1-qscan,GW240923_204006,0.04791999235749245,2,0.04791999;0.04575244,24.768599999333674
baseline@640,baseline,640,GW240923_204006-v1-L1-qscan,GW240923_204006,0.792128324508667,1,0.79212832,24.496399999407004
baseline@640,baseline,640,GW240924_000316-v1-H1-qscan,GW240924_000316,0.42691612243652344,1,0.42691612,25.026100000104634
baseline@640,baseline,640,GW240924_000316-v1-L1-qscan,GW240924_000316,0.0,0,,25.2399000000878
baseline@640,baseline,640,GW240924_000316-v1-V1-qscan,GW240924_000316,0.0,0,,20.50619999954506
baseline@640,baseline,640,GW240925_000956-v1-H1-qscan,GW240925_000956,0.0,0,,22.59760000015376
baseline@640,baseline,640,GW240925_000956-v1-L1-qscan,GW240925_000956,0.0,0,,20.5668999997215
baseline@640,baseline,640,GW240925_000956-v1-V1-qscan,GW240925_000956,0.0,0,,23.24750000025233
baseline@640,baseline,640,GW240925_005809-v2-H1-qscan,GW240925_005809,0.8516507148742676,1,0.85165071,26.36179999990418
baseline@640,baseline,640,GW240925_005809-v2-L1-qscan,GW240925_005809,0.47206929326057434,2,0.47206929;0.24050200,23.541600000498875
baseline@640,baseline,640,GW240925_005809-v2-V1-qscan,GW240925_005809,0.0,0,,24.242299999968964
baseline@640,baseline,640,GW240930_035959-v1-H1-qscan,GW240930_035959,0.586155891418457,2,0.58615589;0.03377843,25.18580000014481
baseline@640,baseline,640,GW240930_035959-v1-L1-qscan,GW240930_035959,0.1832084208726883,3,0.18320842;0.04730543;0.01085887,23.84390000042913
baseline@640,baseline,640,GW240930_035959-v1-V1-qscan,GW240930_035959,0.0,0,,24.005700000088837
baseline@640,baseline,640,GW240930_123408-v1-H1-qscan,GW240930_123408,0.2628648281097412,1,0.26286483,24.617099999886705
baseline@640,baseline,640,GW240930_123408-v1-L1-qscan,GW240930_123408,0.0,0,,22.04249999977037
baseline@640,baseline,640,GW240930_123408-v1-V1-qscan,GW240930_123408,0.0,0,,21.028999999543885
baseline@640,baseline,640,GW240930_234614-v1-H1-qscan,GW240930_234614,0.0,0,,20.424700000148732
baseline@640,baseline,640,GW240930_234614-v1-L1-qscan,GW240930_234614,0.32919424772262573,3,0.32919425;0.14526014;0.01149440,25.114600000051723
baseline@640,baseline,640,GW240930_234614-v1-V1-qscan,GW240930_234614,0.0,0,,26.445200000125624
baseline@640,baseline,640,GW241002_030559-v1-L1-qscan,GW241002_030559,0.7725249528884888,1,0.77252495,25.504399999590532
baseline@640,baseline,640,GW241002_030559-v1-V1-qscan,GW241002_030559,0.0,0,,24.80600000035338
baseline@640,baseline,640,GW241006_015333-v1-H1-qscan,GW241006_015333,0.13987337052822113,3,0.13987337;0.01777638;0.01631220,25.267900000471855
baseline@640,baseline,640,GW241006_015333-v1-L1-qscan,GW241006_015333,0.8761329054832458,2,0.87613291;0.01403983,24.608999999145453
baseline@640,baseline,640,GW241006_015333-v1-V1-qscan,GW241006_015333,0.11070068180561066,1,0.11070068,24.283200000354555
baseline@640,baseline,640,GW241007_082943-v1-H1-qscan,GW241007_082943,0.3379564583301544,3,0.33795646;0.05918164;0.01513258,24.69790000031935
baseline@640,baseline,640,GW241007_082943-v1-L1-qscan,GW241007_082943,0.0,0,,24.675700000443612
baseline@640,baseline,640,GW241007_082943-v1-V1-qscan,GW241007_082943,0.0,0,,23.418900000251597
baseline@640,baseline,640,GW241009_022835-v1-H1-qscan,GW241009_022835,0.0,0,,23.88729999984207
baseline@640,baseline,640,GW241009_022835-v1-L1-qscan,GW241009_022835,0.031924765557050705,2,0.03192477;0.01993042,21.840399999746296
baseline@640,baseline,640,GW241009_022835-v1-V1-qscan,GW241009_022835,0.0,0,,20.246400000360154
baseline@640,baseline,640,GW241009_084816-v1-H1-qscan,GW241009_084816,0.05303880572319031,1,0.05303881,20.840700000007928
baseline@640,baseline,640,GW241009_084816-v1-L1-qscan,GW241009_084816,0.3171275556087494,1,0.31712756,23.625700000593497
baseline@640,baseline,640,GW241009_084816-v1-V1-qscan,GW241009_084816,0.0,0,,24.655799999891315
baseline@640,baseline,640,GW241009_220455-v1-H1-qscan,GW241009_220455,0.4242144227027893,1,0.42421442,24.05220000036934
baseline@640,baseline,640,GW241009_220455-v1-L1-qscan,GW241009_220455,0.0,0,,24.36940000006871
baseline@640,baseline,640,GW241009_220455-v1-V1-qscan,GW241009_220455,0.9041160345077515,1,0.90411603,24.60739999969519
baseline@640,baseline,640,GW241011_233834-v2-H1-qscan,GW241011_233834,0.9236453175544739,1,0.92364532,24.024199999985285
baseline@640,baseline,640,GW241011_233834-v2-V1-qscan,GW241011_233834,0.32694441080093384,2,0.32694441;0.10699642,23.932899999635993
baseline@640,baseline,640,GW241018_235402-v1-H1-qscan,GW241018_235402,0.43713489174842834,2,0.43713489;0.01267631,23.687100000643113
baseline@640,baseline,640,GW241018_235402-v1-V1-qscan,GW241018_235402,0.0,0,,20.65729999958421
baseline@640,baseline,640,GW241101_034726-v1-H1-qscan,GW241101_034726,0.0,0,,21.712400000069465
baseline@640,baseline,640,GW241101_034726-v1-L1-qscan,GW241101_034726,0.0,0,,21.310099999936938
baseline@640,baseline,640,GW241101_034726-v1-V1-qscan,GW241101_034726,0.0,0,,25.388200000634242
baseline@640,baseline,640,GW241101_220523-v1-L1-qscan,GW241101_220523,0.6666992902755737,1,0.66669929,24.005600000236882
baseline@640,baseline,640,GW241101_220523-v1-V1-qscan,GW241101_220523,0.0,0,,24.195099999815284
baseline@640,baseline,640,GW241102_124058-v1-H1-qscan,GW241102_124058,0.55235755443573,4,0.55235755;0.35142124;0.21305120;0.02249026,23.47749999989901
baseline@640,baseline,640,GW241102_124058-v1-L1-qscan,GW241102_124058,0.4674260914325714,3,0.46742609;0.22263901;0.05085892,24.06559999963065
baseline@640,baseline,640,GW241102_124058-v1-V1-qscan,GW241102_124058,0.0,0,,23.380700000416255
baseline@640,baseline,640,GW241102_144729-v1-H1-qscan,GW241102_144729,0.8041210174560547,1,0.80412102,24.64030000010098
baseline@640,baseline,640,GW241102_144729-v1-L1-qscan,GW241102_144729,0.9327471256256104,1,0.93274713,22.9351999996652
baseline@640,baseline,640,GW241102_144729-v1-V1-qscan,GW241102_144729,0.0,0,,20.395600000483682
baseline@640,baseline,640,GW241106_110932-v1-H1-qscan,GW241106_110932,0.1382223665714264,1,0.13822237,20.389900000736816
baseline@640,baseline,640,GW241106_110932-v1-L1-qscan,GW241106_110932,0.0,0,,22.01500000046508
baseline@640,baseline,640,GW241106_110932-v1-V1-qscan,GW241106_110932,0.0,0,,25.044500000149128
baseline@640,baseline,640,GW241109_005349-v1-H1-qscan,GW241109_005349,0.0,0,,29.81240000008256
baseline@640,baseline,640,GW241109_005349-v1-L1-qscan,GW241109_005349,0.0,0,,25.376699999469565
baseline@640,baseline,640,GW241109_033317-v1-L1-qscan,GW241109_033317,0.41639426350593567,2,0.41639426;0.05338729,24.771299999883922
baseline@640,baseline,640,GW241109_033317-v1-V1-qscan,GW241109_033317,0.0,0,,25.50139999948442
baseline@640,baseline,640,GW241109_115924-v1-H1-qscan,GW241109_115924,0.02011086419224739,3,0.02011086;0.01877465;0.01267397,25.44820000002801
baseline@640,baseline,640,GW241109_115924-v1-V1-qscan,GW241109_115924,0.0,0,,25.108499999987544
baseline@640,baseline,640,GW241110_124123-v2-H1-qscan,GW241110_124123,0.10747595876455307,1,0.10747596,25.31490000001213
baseline@640,baseline,640,GW241110_124123-v2-L1-qscan,GW241110_124123,0.1142907366156578,2,0.11429074;0.09855996,23.61319999999978
baseline@640,baseline,640,GW241110_124123-v2-V1-qscan,GW241110_124123,0.0,0,,25.125300000581774
baseline@640,baseline,640,GW241111_111552-v1-H1-qscan,GW241111_111552,0.1289060413837433,4,0.12890604;0.02761307;0.01687648;0.01518744,23.505500000283064
baseline@640,baseline,640,GW241111_111552-v1-L1-qscan,GW241111_111552,0.18409259617328644,3,0.18409260;0.03003269;0.02374781,24.30850000018836
baseline@640,baseline,640,GW241113_163507-v1-L1-qscan,GW241113_163507,0.6417823433876038,4,0.64178234;0.10115544;0.02291942;0.01884391,24.216400000113936
baseline@640,baseline,640,GW241113_163507-v1-V1-qscan,GW241113_163507,0.0,0,,23.064699999849836
baseline@640,baseline,640,GW241114_024711-v1-H1-qscan,GW241114_024711,0.781943142414093,3,0.78194314;0.24842922;0.01432212,23.8283999997293
baseline@640,baseline,640,GW241114_024711-v1-L1-qscan,GW241114_024711,0.011844059452414513,1,0.01184406,24.33880000080535
baseline@640,baseline,640,GW241114_024711-v1-V1-qscan,GW241114_024711,0.0,0,,24.03779999986
baseline@640,baseline,640,GW241114_235258-v1-L1-qscan,GW241114_235258,0.01399561669677496,1,0.01399562,19.850900000164984
baseline@640,baseline,640,GW241114_235258-v1-V1-qscan,GW241114_235258,0.0,0,,20.917300000292016
baseline@640,baseline,640,GW241116_151753-v1-H1-qscan,GW241116_151753,0.0,0,,21.195399999669462
baseline@640,baseline,640,GW241116_151753-v1-L1-qscan,GW241116_151753,0.7225453853607178,2,0.72254539;0.01598999,25.56410000033793
baseline@640,baseline,640,GW241116_151753-v1-V1-qscan,GW241116_151753,0.0,0,,24.969400000372843
baseline@640,baseline,640,GW241124_024914-v1-H1-qscan,GW241124_024914,0.9196996688842773,1,0.91969967,25.434099999984028
baseline@640,baseline,640,GW241124_024914-v1-L1-qscan,GW241124_024914,0.14659026265144348,1,0.14659026,24.05110000017885
baseline@640,baseline,640,GW241124_024914-v1-V1-qscan,GW241124_024914,0.0,0,,24.460800000269955
baseline@640,baseline,640,GW241125_010116-v1-H1-qscan,GW241125_010116,0.07477221637964249,1,0.07477222,24.90699999998469
baseline@640,baseline,640,GW241125_010116-v1-L1-qscan,GW241125_010116,0.22274360060691833,2,0.22274360;0.06441770,24.45720000014262
baseline@640,baseline,640,GW241125_010116-v1-V1-qscan,GW241125_010116,0.0,0,,24.21260000028269
baseline@640,baseline,640,GW241127_061008-v1-H1-qscan,GW241127_061008,0.935461699962616,1,0.93546170,23.714000000836677
baseline@640,baseline,640,GW241127_061008-v1-L1-qscan,GW241127_061008,0.9193629622459412,1,0.91936296,24.076099999547296
baseline@640,baseline,640,GW241127_061008-v1-V1-qscan,GW241127_061008,0.0,0,,23.477900000216323
baseline@640,baseline,640,GW241129_021832-v1-H1-qscan,GW241129_021832,0.31807130575180054,1,0.31807131,24.71259999947506
baseline@640,baseline,640,GW241129_021832-v1-L1-qscan,GW241129_021832,0.8479098677635193,1,0.84790987,21.913900000072317
baseline@640,baseline,640,GW241129_021832-v1-V1-qscan,GW241129_021832,0.0,0,,22.00009999978647
baseline@640,baseline,640,GW241129_140416-v1-H1-qscan,GW241129_140416,0.0,0,,20.64539999992121
baseline@640,baseline,640,GW241129_140416-v1-L1-qscan,GW241129_140416,0.0,0,,21.24089999961143
baseline@640,baseline,640,GW241130_034908-v1-H1-qscan,GW241130_034908,0.8598742485046387,1,0.85987425,25.338600000395672
baseline@640,baseline,640,GW241130_034908-v1-L1-qscan,GW241130_034908,0.19969294965267181,3,0.19969295;0.15187003;0.03846011,25.65709999998944
baseline@640,baseline,640,GW241130_034908-v1-V1-qscan,GW241130_034908,0.0,0,,24.779299999863724
baseline@640,baseline,640,GW241130_110422-v1-H1-qscan,GW241130_110422,0.015179530717432499,1,0.01517953,24.765199999819743
baseline@640,baseline,640,GW241130_110422-v1-L1-qscan,GW241130_110422,0.28467047214508057,2,0.28467047;0.02651175,24.220700000114448
baseline@640,baseline,640,GW241130_110422-v1-V1-qscan,GW241130_110422,0.0,0,,24.321400000189897
baseline@640,baseline,640,GW241201_055758-v1-H1-qscan,GW241201_055758,0.4577121138572693,2,0.45771211;0.32245672,24.663400000463298
baseline@640,baseline,640,GW241201_055758-v1-L1-qscan,GW241201_055758,0.0,0,,24.202100000366045
baseline@640,baseline,640,GW241201_055758-v1-V1-qscan,GW241201_055758,0.0,0,,23.243499999807682
baseline@640,baseline,640,GW241201_142737-v1-H1-qscan,GW241201_142737,0.03273855894804001,1,0.03273856,24.81660000012198
baseline@640,baseline,640,GW241201_142737-v1-L1-qscan,GW241201_142737,0.0,0,,23.906100000203878
baseline@640,baseline,640,GW241201_142737-v1-V1-qscan,GW241201_142737,0.0,0,,21.485500000380853
baseline@640,baseline,640,GW241210_023335-v1-H1-qscan,GW241210_023335,0.0,0,,20.972500000425498
baseline@640,baseline,640,GW241210_023335-v1-L1-qscan,GW241210_023335,0.0,0,,20.64509999945585
baseline@640,baseline,640,GW241210_060606-v1-H1-qscan,GW241210_060606,0.33741509914398193,1,0.33741510,24.808199999824865
baseline@640,baseline,640,GW241210_060606-v1-L1-qscan,GW241210_060606,0.606831431388855,1,0.60683143,24.811500000396336
baseline@640,baseline,640,GW241210_060606-v1-V1-qscan,GW241210_060606,0.02954663150012493,1,0.02954663,24.93959999992512
baseline@640,baseline,640,GW241210_120900-v1-H1-qscan,GW241210_120900,0.0,0,,25.809799999478855
baseline@640,baseline,640,GW241210_120900-v1-L1-qscan,GW241210_120900,0.5544425249099731,4,0.55444252;0.42000958;0.08432364;0.01251572,24.604499999441032
baseline@640,baseline,640,GW241219_222607-v1-H1-qscan,GW241219_222607,0.20530803501605988,2,0.20530804;0.06941850,24.291200000334356
baseline@640,baseline,640,GW241219_222607-v1-L1-qscan,GW241219_222607,0.0,0,,24.466599999868777
baseline@640,baseline,640,GW241220_062146-v1-H1-qscan,GW241220_062146,0.0,0,,24.605999999948835
baseline@640,baseline,640,GW241220_062146-v1-L1-qscan,GW241220_062146,0.0,0,,25.251200000639074
baseline@640,baseline,640,GW241225_042553-v1-L1-qscan,GW241225_042553,0.3621518313884735,8,0.36215183;0.33830851;0.24198250;0.14627257;0.09057444;0.04119295;0.01785054;0.01691420,23.708499999884225
baseline@640,baseline,640,GW241225_042553-v1-V1-qscan,GW241225_042553,0.03197392821311951,1,0.03197393,25.291400000241993
baseline@640,baseline,640,GW241225_082815-v1-H1-qscan,GW241225_082815,0.33349770307540894,2,0.33349770;0.02153858,24.85369999976683
baseline@640,baseline,640,GW241225_082815-v1-L1-qscan,GW241225_082815,0.8927251696586609,1,0.89272517,25.773299999855226
baseline@640,baseline,640,GW241229_155844-v1-H1-qscan,GW241229_155844,0.6533709168434143,2,0.65337092;0.14944455,24.95660000022326
baseline@640,baseline,640,GW241229_155844-v1-L1-qscan,GW241229_155844,0.0,0,,25.77740000015183
baseline@640,baseline,640,GW241229_155844-v1-V1-qscan,GW241229_155844,0.0,0,,22.744300000340445
baseline@640,baseline,640,GW241230_084504-v1-L1-qscan,GW241230_084504,0.9282320737838745,1,0.92823207,21.505599999727565
baseline@640,baseline,640,GW241230_084504-v1-V1-qscan,GW241230_084504,0.0,0,,21.080200000142213
baseline@640,baseline,640,GW241230_233618-v1-H1-qscan,GW241230_233618,0.0,0,,21.151899999495072
baseline@640,baseline,640,GW241230_233618-v1-L1-qscan,GW241230_233618,0.8572484254837036,1,0.85724843,26.185300000179268
baseline@640,baseline,640,GW241230_233618-v1-V1-qscan,GW241230_233618,0.0,0,,24.021000000175263
baseline@640,baseline,640,GW241231_054133-v1-H1-qscan,GW241231_054133,0.24744732677936554,2,0.24744733;0.01475253,26.047499999549473
baseline@640,baseline,640,GW241231_054133-v1-L1-qscan,GW241231_054133,0.06145612895488739,1,0.06145613,24.379599999519996
baseline@640,baseline,640,GW241231_054133-v1-V1-qscan,GW241231_054133,0.0,0,,24.86399999997957
baseline@640,baseline,640,GW250101_011205-v1-H1-qscan,GW250101_011205,0.6987555027008057,1,0.69875550,24.421699999948032
baseline@640,baseline,640,GW250101_011205-v1-L1-qscan,GW250101_011205,0.16364964842796326,1,0.16364965,23.552399999971385
baseline@640,baseline,640,GW250101_011205-v1-V1-qscan,GW250101_011205,0.0,0,,24.50719999978901
baseline@640,baseline,640,GW250104_015122-v1-H1-qscan,GW250104_015122,0.833860456943512,1,0.83386046,23.75359999950888
baseline@640,baseline,640,GW250104_015122-v1-L1-qscan,GW250104_015122,0.8049066066741943,1,0.80490661,24.18009999928472
baseline@640,baseline,640,GW250104_015122-v1-V1-qscan,GW250104_015122,0.0,0,,24.384899999859044
baseline@640,baseline,640,GW250105_134047-v1-H1-qscan,GW250105_134047,0.0,0,,25.33769999990909
baseline@640,baseline,640,GW250105_134047-v1-L1-qscan,GW250105_134047,0.0,0,,24.956700000075216
baseline@640,baseline,640,GW250105_134047-v1-V1-qscan,GW250105_134047,0.0,0,,24.112300000524556
baseline@640,baseline,640,GW250108_152221-v1-H1-qscan,GW250108_152221,0.8292922377586365,1,0.82929224,23.096699999769044
baseline@640,baseline,640,GW250108_152221-v1-L1-qscan,GW250108_152221,0.9404491782188416,2,0.94044918;0.01295062,20.70559999992838
baseline@640,baseline,640,GW250108_152221-v1-V1-qscan,GW250108_152221,0.0,0,,21.862799999325944
baseline@640,baseline,640,GW250109_010541-v1-H1-qscan,GW250109_010541,0.40801146626472473,4,0.40801147;0.03972499;0.02452933;0.01049991,21.055100000012317
baseline@640,baseline,640,GW250109_010541-v1-L1-qscan,GW250109_010541,0.9438403844833374,1,0.94384038,21.291500000188535
baseline@640,baseline,640,GW250109_010541-v1-V1-qscan,GW250109_010541,0.4328489303588867,1,0.43284893,25.91370000027382
baseline@640,baseline,640,GW250109_074552-v1-H1-qscan,GW250109_074552,0.2788226008415222,3,0.27882260;0.01951112;0.01035801,26.029300000118383
baseline@640,baseline,640,GW250109_074552-v1-V1-qscan,GW250109_074552,0.0,0,,24.88439999979164
baseline@640,baseline,640,GW250109_083206-v1-H1-qscan,GW250109_083206,0.8813170194625854,2,0.88131702;0.21866091,24.660299999595736
baseline@640,baseline,640,GW250109_083206-v1-V1-qscan,GW250109_083206,0.0,0,,23.356499999863445
baseline@640,baseline,640,GW250114_082203-v2-H1-qscan,GW250114_082203,0.6429415345191956,4,0.64294153;0.21536708;0.03119926;0.01153142,24.08330000071146
baseline@640,baseline,640,GW250114_082203-v2-L1-qscan,GW250114_082203,0.8504102826118469,2,0.85041028;0.02648782,24.370899999667017
baseline@640,baseline,640,GW250116_015318-v1-H1-qscan,GW250116_015318,0.8252817988395691,2,0.82528180;0.65227669,24.242599999524828
baseline@640,baseline,640,GW250116_015318-v1-L1-qscan,GW250116_015318,0.0,0,,24.528200000531797
baseline@640,baseline,640,GW250116_015318-v1-V1-qscan,GW250116_015318,0.0,0,,24.381199999879755
baseline@640,baseline,640,GW250116_051426-v1-H1-qscan,GW250116_051426,0.0,0,,25.059899999178015
baseline@640,baseline,640,GW250116_051426-v1-L1-qscan,GW250116_051426,0.0,0,,24.295299999721465
baseline@640,baseline,640,GW250118_023225-v1-H1-qscan,GW250118_023225,0.199014812707901,1,0.19901481,20.29179999954067
baseline@640,baseline,640,GW250118_023225-v1-L1-qscan,GW250118_023225,0.7193835973739624,1,0.71938360,20.789300000615185
baseline@640,baseline,640,GW250118_023225-v1-V1-qscan,GW250118_023225,0.0,0,,21.707099999730417
baseline@640,baseline,640,GW250118_055802-v1-H1-qscan,GW250118_055802,0.3746527433395386,1,0.37465274,24.460400000862137
baseline@640,baseline,640,GW250118_055802-v1-L1-qscan,GW250118_055802,0.0,0,,25.494200000139244
baseline@640,baseline,640,GW250118_055802-v1-V1-qscan,GW250118_055802,0.0,0,,24.91680000002816
baseline@640,baseline,640,GW250118_170523-v1-H1-qscan,GW250118_170523,0.48004424571990967,4,0.48004425;0.41290519;0.11397524;0.01765217,24.184300000342773
baseline@640,baseline,640,GW250118_170523-v1-L1-qscan,GW250118_170523,0.33452850580215454,3,0.33452851;0.23612566;0.01059599,24.121200000081444
baseline@640,baseline,640,GW250119_025138-v1-H1-qscan,GW250119_025138,0.8786589503288269,1,0.87865895,24.17220000006637
baseline@640,baseline,640,GW250119_025138-v1-L1-qscan,GW250119_025138,0.5408761501312256,4,0.54087615;0.26189336;0.18431072;0.01609203,23.549300000013318
baseline@640,baseline,640,GW250119_025138-v1-V1-qscan,GW250119_025138,0.27231529355049133,1,0.27231529,24.016000000301574
baseline@640,baseline,640,GW250119_190238-v1-H1-qscan,GW250119_190238,0.08319723606109619,7,0.08319724;0.04755321;0.03041990;0.02950942;0.02705915;0.02011728;0.01021325,23.598300000230665
baseline@640,baseline,640,GW250119_190238-v1-L1-qscan,GW250119_190238,0.2220451980829239,6,0.22204520;0.08721790;0.08469985;0.02844242;0.02740780;0.01840642,25.129300000116928
baseline@640,baseline,640,GW250119_190238-v1-V1-qscan,GW250119_190238,0.0,0,,25.198199999977078
baseline@640,baseline,640,GW250120_042414-v1-H1-qscan,GW250120_042414,0.0,0,,22.602000000006228
baseline@640,baseline,640,GW250120_042414-v1-L1-qscan,GW250120_042414,0.0,0,,20.854100000178732
baseline@640,baseline,640,GW250120_042414-v1-V1-qscan,GW250120_042414,0.0,0,,21.055100000012317
baseline@768,baseline,768,GW240406_062847-v1-H1-qscan,GW240406_062847,0.0,0,,30.273099999249098
baseline@768,baseline,768,GW240406_062847-v1-L1-qscan,GW240406_062847,0.016642799600958824,1,0.01664280,32.383300000219606
baseline@768,baseline,768,GW240407_040938-v1-H1-qscan,GW240407_040938,0.07231524586677551,2,0.07231525;0.01346725,33.54769999987184
baseline@768,baseline,768,GW240407_040938-v1-L1-qscan,GW240407_040938,0.03032836690545082,1,0.03032837,32.83779999947001
baseline@768,baseline,768,GW240407_040938-v1-V1-qscan,GW240407_040938,0.0,0,,29.22980000039388
baseline@768,baseline,768,GW240407_061416-v1-H1-qscan,GW240407_061416,0.1388477236032486,1,0.13884772,33.484100000350736
baseline@768,baseline,768,GW240407_061416-v1-L1-qscan,GW240407_061416,0.017959414049983025,1,0.01795941,32.24630000022444
baseline@768,baseline,768,GW240407_061416-v1-V1-qscan,GW240407_061416,0.0,0,,33.219500000086555
baseline@768,baseline,768,GW240407_214946-v1-H1-qscan,GW240407_214946,0.0,0,,27.760200000557234
baseline@768,baseline,768,GW240407_214946-v1-L1-qscan,GW240407_214946,0.0,0,,28.808000000026368
baseline@768,baseline,768,GW240407_214946-v1-V1-qscan,GW240407_214946,0.0,0,,28.824600000007194
baseline@768,baseline,768,GW240408_081753-v1-H1-qscan,GW240408_081753,0.0,0,,32.176499999877706
baseline@768,baseline,768,GW240408_081753-v1-L1-qscan,GW240408_081753,0.0,0,,33.142100000077335
baseline@768,baseline,768,GW240411_074140-v1-H1-qscan,GW240411_074140,0.0,0,,33.213599999726284
baseline@768,baseline,768,GW240411_074140-v1-L1-qscan,GW240411_074140,0.0,0,,32.5379999994766
baseline@768,baseline,768,GW240413_022019-v1-H1-qscan,GW240413_022019,0.0,0,,32.24999999929423
baseline@768,baseline,768,GW240413_022019-v1-L1-qscan,GW240413_022019,0.6845409274101257,5,0.68454093;0.05274373;0.03331320;0.02468391;0.01809889,32.07079999992857
baseline@768,baseline,768,GW240413_022019-v1-V1-qscan,GW240413_022019,0.0,0,,33.20850000000064
baseline@768,baseline,768,GW240414_054515-v1-H1-qscan,GW240414_054515,0.6043721437454224,1,0.60437214,33.236700000088604
baseline@768,baseline,768,GW240414_054515-v1-V1-qscan,GW240414_054515,0.05599282681941986,2,0.05599283;0.01478359,33.01980000014737
baseline@768,baseline,768,GW240419_041206-v1-H1-qscan,GW240419_041206,0.24378718435764313,4,0.24378718;0.15096866;0.03842914;0.01991915,32.94520000054035
baseline@768,baseline,768,GW240419_041206-v1-L1-qscan,GW240419_041206,0.015889428555965424,1,0.01588943,32.32229999957781
baseline@768,baseline,768,GW240419_041206-v1-V1-qscan,GW240419_041206,0.0,0,,32.89450000011129
baseline@768,baseline,768,GW240420_175625-v1-H1-qscan,GW240420_175625,0.5422500371932983,4,0.54225004;0.35017070;0.13968664;0.03406391,28.94749999995838
baseline@768,baseline,768,GW240421_052935-v1-H1-qscan,GW240421_052935,0.0,0,,32.33830000044691
baseline@768,baseline,768,GW240421_052935-v1-L1-qscan,GW240421_052935,0.0,0,,32.91509999962727
baseline@768,baseline,768,GW240421_052935-v1-V1-qscan,GW240421_052935,0.0,0,,32.07090000069002
baseline@768,baseline,768,GW240426_031451-v1-H1-qscan,GW240426_031451,0.12102741748094559,1,0.12102742,34.21830000024784
baseline@768,baseline,768,GW240426_031451-v1-L1-qscan,GW240426_031451,0.19265644252300262,4,0.19265644;0.15257294;0.07378178;0.01883766,32.324099999641476
baseline@768,baseline,768,GW240426_085802-v1-H1-qscan,GW240426_085802,0.04067253693938255,1,0.04067254,33.34199999972043
baseline@768,baseline,768,GW240426_085802-v1-L1-qscan,GW240426_085802,0.0,0,,35.100400000374066
baseline@768,baseline,768,GW240426_085802-v1-V1-qscan,GW240426_085802,0.0,0,,29.577700000118057
baseline@768,baseline,768,GW240428_225440-v1-H1-qscan,GW240428_225440,0.46764299273490906,3,0.46764299;0.40661347;0.14140341,30.45520000068791
baseline@768,baseline,768,GW240428_225440-v1-V1-qscan,GW240428_225440,0.0,0,,32.902300000387186
baseline@768,baseline,768,GW240430_093517-v1-H1-qscan,GW240430_093517,0.0,0,,32.85539999978937
baseline@768,baseline,768,GW240430_093517-v1-L1-qscan,GW240430_093517,0.6696693301200867,1,0.66966933,33.66619999997056
baseline@768,baseline,768,GW240501_033534-v1-H1-qscan,GW240501_033534,0.15102088451385498,2,0.15102088;0.03138805,28.33600000030856
baseline@768,baseline,768,GW240501_033534-v1-L1-qscan,GW240501_033534,0.9152022004127502,2,0.91520220;0.07787693,32.19910000007076
baseline@768,baseline,768,GW240501_033534-v1-V1-qscan,GW240501_033534,0.0,0,,32.71179999956075
baseline@768,baseline,768,GW240505_133552-v1-H1-qscan,GW240505_133552,0.8097350597381592,1,0.80973506,32.20499999952153
baseline@768,baseline,768,GW240505_133552-v1-L1-qscan,GW240505_133552,0.45361781120300293,2,0.45361781;0.01442251,33.24819999943429
baseline@768,baseline,768,GW240505_133552-v1-V1-qscan,GW240505_133552,0.0,0,,27.96479999960866
baseline@768,baseline,768,GW240507_041632-v1-H1-qscan,GW240507_041632,0.08397643268108368,4,0.08397643;0.02875239;0.02857636;0.01963262,33.886100000017905
baseline@768,baseline,768,GW240507_041632-v1-L1-qscan,GW240507_041632,0.4257632791996002,1,0.42576328,32.3115000001053
baseline@768,baseline,768,GW240507_041632-v1-V1-qscan,GW240507_041632,0.0,0,,33.52349999931903
baseline@768,baseline,768,GW240509_102351-v1-H1-qscan,GW240509_102351,0.0,0,,30.138799999804178
baseline@768,baseline,768,GW240509_102351-v1-L1-qscan,GW240509_102351,0.0,0,,28.977300000406103
baseline@768,baseline,768,GW240509_102351-v1-V1-qscan,GW240509_102351,0.0,0,,32.58020000066608
baseline@768,baseline,768,GW240511_031507-v1-H1-qscan,GW240511_031507,0.8492014408111572,1,0.84920144,32.86070000012842
baseline@768,baseline,768,GW240511_031507-v1-L1-qscan,GW240511_031507,0.7030714750289917,3,0.70307148;0.04711907;0.01204100,32.97109999948589
baseline@768,baseline,768,GW240511_031507-v1-V1-qscan,GW240511_031507,0.0,0,,28.662900000199443
baseline@768,baseline,768,GW240512_024139-v1-H1-qscan,GW240512_024139,0.0,0,,31.740999999783526
baseline@768,baseline,768,GW240512_024139-v1-L1-qscan,GW240512_024139,0.35245606303215027,5,0.35245606;0.08466719;0.06255788;0.03996311;0.01844629,32.79709999969782
baseline@768,baseline,768,GW240512_024139-v1-V1-qscan,GW240512_024139,0.0,0,,32.676400000127614
baseline@768,baseline,768,GW240512_051606-v1-H1-qscan,GW240512_051606,0.5652981400489807,4,0.56529814;0.03641438;0.01286881;0.01008679,32.828499999595806
baseline@768,baseline,768,GW240512_051606-v1-L1-qscan,GW240512_051606,0.0,0,,30.103699999926903
baseline@768,baseline,768,GW240512_051606-v1-V1-qscan,GW240512_051606,0.0,0,,32.71309999945515
baseline@768,baseline,768,GW240513_183302-v1-H1-qscan,GW240513_183302,0.2982577681541443,3,0.29825777;0.10794327;0.03719394,32.79799999927491
baseline@768,baseline,768,GW240513_183302-v1-L1-qscan,GW240513_183302,0.5169355869293213,2,0.51693559;0.10181475,32.77559999969526
baseline@768,baseline,768,GW240513_183302-v1-V1-qscan,GW240513_183302,0.0,0,,33.71670000069571
baseline@768,baseline,768,GW240514_121713-v1-H1-qscan,GW240514_121713,0.8955878615379333,1,0.89558786,29.385199999524048
baseline@768,baseline,768,GW240514_121713-v1-L1-qscan,GW240514_121713,0.8852753639221191,1,0.88527536,34.266000000570784
baseline@768,baseline,768,GW240514_121713-v1-V1-qscan,GW240514_121713,0.0,0,,31.797999999980675
baseline@768,baseline,768,GW240515_005301-v1-H1-qscan,GW240515_005301,0.6751917004585266,2,0.67519170;0.01477043,33.256900000196765
baseline@768,baseline,768,GW240515_005301-v1-L1-qscan,GW240515_005301,0.09073179215192795,3,0.09073179;0.03727639;0.01184594,32.60680000039429
baseline@768,baseline,768,GW240515_005301-v1-V1-qscan,GW240515_005301,0.0,0,,32.188700000006065
baseline@768,baseline,768,GW240516_041939-v1-H1-qscan,GW240516_041939,0.0,0,,32.99539999989065
baseline@768,baseline,768,GW240516_041939-v1-L1-qscan,GW240516_041939,0.0,0,,32.92280000005121
baseline@768,baseline,768,GW240516_041939-v1-V1-qscan,GW240516_041939,0.0,0,,28.67530000003171
baseline@768,baseline,768,GW240519_012815-v1-L1-qscan,GW240519_012815,0.8901329040527344,1,0.89013290,33.40959999968618
baseline@768,baseline,768,GW240519_012815-v1-V1-qscan,GW240519_012815,0.6582216024398804,3,0.65822160;0.10362942;0.09181788,33.27429999990272
baseline@768,baseline,768,GW240520_213616-v1-H1-qscan,GW240520_213616,0.09240490198135376,4,0.09240490;0.04595149;0.03291610;0.01498393,33.075299999836716
baseline@768,baseline,768,GW240520_213616-v1-L1-qscan,GW240520_213616,0.0,0,,31.930000000102154
baseline@768,baseline,768,GW240520_213616-v1-V1-qscan,GW240520_213616,0.0,0,,32.73469999930967
baseline@768,baseline,768,GW240525_031210-v1-H1-qscan,GW240525_031210,0.8256213068962097,2,0.82562131;0.03303899,32.438899999760906
baseline@768,baseline,768,GW240525_031210-v1-L1-qscan,GW240525_031210,0.7944369912147522,1,0.79443699,33.14509999927395
baseline@768,baseline,768,GW240525_031210-v1-V1-qscan,GW240525_031210,0.0,0,,33.16259999974136
baseline@768,baseline,768,GW240525_201644-v1-H1-qscan,GW240525_201644,0.0,0,,33.824299999650975
baseline@768,baseline,768,GW240525_201644-v1-L1-qscan,GW240525_201644,0.0,0,,31.913499999973283
baseline@768,baseline,768,GW240525_201644-v1-V1-qscan,GW240525_201644,0.0,0,,32.434099999591126
baseline@768,baseline,768,GW240526_093944-v1-H1-qscan,GW240526_093944,0.5165602564811707,3,0.51656026;0.40527830;0.01818597,32.94189999996888
baseline@768,baseline,768,GW240526_093944-v1-L1-qscan,GW240526_093944,0.0,0,,27.70779999991646
baseline@768,baseline,768,GW240526_093944-v1-V1-qscan,GW240526_093944,0.0,0,,28.889000000162923
baseline@768,baseline,768,GW240527_150907-v1-H1-qscan,GW240527_150907,0.0,0,,33.06640000027983
baseline@768,baseline,768,GW240527_150907-v1-L1-qscan,GW240527_150907,0.0,0,,33.04649999972753
baseline@768,baseline,768,GW240527_150907-v1-V1-qscan,GW240527_150907,0.0,0,,32.77230000003328
baseline@768,baseline,768,GW240527_183429-v1-H1-qscan,GW240527_183429,0.6273922324180603,2,0.62739223;0.13140795,33.52630000063073
baseline@768,baseline,768,GW240527_183429-v1-L1-qscan,GW240527_183429,0.0,0,,32.59139999954641
baseline@768,baseline,768,GW240527_183429-v1-V1-qscan,GW240527_183429,0.0,0,,33.11370000028546
baseline@768,baseline,768,GW240527_230910-v1-H1-qscan,GW240527_230910,0.10729780048131943,1,0.10729780,32.309799999893585
baseline@768,baseline,768,GW240527_230910-v1-L1-qscan,GW240527_230910,0.08034496009349823,3,0.08034496;0.01521546;0.01247512,31.243600000379956
baseline@768,baseline,768,GW240527_230910-v1-V1-qscan,GW240527_230910,0.11409274488687515,1,0.11409274,31.780000000253494
baseline@768,baseline,768,GW240530_012417-v1-H1-qscan,GW240530_012417,0.0,0,,32.959199999822886
baseline@768,baseline,768,GW240530_012417-v1-L1-qscan,GW240530_012417,0.6742849349975586,2,0.67428493;0.05725523,32.364200000301935
baseline@768,baseline,768,GW240530_012417-v1-V1-qscan,GW240530_012417,0.0,0,,32.70310000061727
baseline@768,baseline,768,GW240531_040326-v1-H1-qscan,GW240531_040326,0.014729042537510395,2,0.01472904;0.01081828,30.40229999987787
baseline@768,baseline,768,GW240531_040326-v1-L1-qscan,GW240531_040326,0.0,0,,33.07510000013281
baseline@768,baseline,768,GW240531_040326-v1-V1-qscan,GW240531_040326,0.0,0,,32.95429999980115
baseline@768,baseline,768,GW240531_075248-v1-H1-qscan,GW240531_075248,0.0,0,,32.66210000037972
baseline@768,baseline,768,GW240531_075248-v1-L1-qscan,GW240531_075248,0.9140591621398926,1,0.91405916,27.541000000383065
baseline@768,baseline,768,GW240531_075248-v1-V1-qscan,GW240531_075248,0.15911224484443665,2,0.15911224;0.01376714,33.04870000010851
baseline@768,baseline,768,GW240601_061200-v1-H1-qscan,GW240601_061200,0.010101189836859703,1,0.01010119,33.65320000011707
baseline@768,baseline,768,GW240601_061200-v1-L1-qscan,GW240601_061200,0.13460342586040497,3,0.13460343;0.04935880;0.01477524,33.20319999966159
baseline@768,baseline,768,GW240601_061200-v1-V1-qscan,GW240601_061200,0.0,0,,29.577299999800744
baseline@768,baseline,768,GW240601_231004-v1-H1-qscan,GW240601_231004,0.0,0,,32.64469999976427
baseline@768,baseline,768,GW240601_231004-v1-L1-qscan,GW240601_231004,0.0,0,,33.63970000009431
baseline@768,baseline,768,GW240601_231004-v1-V1-qscan,GW240601_231004,0.010891586542129517,1,0.01089159,33.03500000038184
baseline@768,baseline,768,GW240611_214835-v1-L1-qscan,GW240611_214835,0.08516043424606323,2,0.08516043;0.02997431,33.12189999996917
baseline@768,baseline,768,GW240611_214835-v1-V1-qscan,GW240611_214835,0.0,0,,30.89799999997922
baseline@768,baseline,768,GW240612_081540-v1-H1-qscan,GW240612_081540,0.26899993419647217,1,0.26899993,32.53850000055536
baseline@768,baseline,768,GW240612_081540-v1-L1-qscan,GW240612_081540,0.16683335602283478,1,0.16683336,33.1754999997429
baseline@768,baseline,768,GW240612_081540-v1-V1-qscan,GW240612_081540,0.0,0,,32.392000000072585
baseline@768,baseline,768,GW240613_011503-v1-H1-qscan,GW240613_011503,0.0,0,,28.694399999949383
baseline@768,baseline,768,GW240613_011503-v1-L1-qscan,GW240613_011503,0.0,0,,28.486500000326487
baseline@768,baseline,768,GW240613_011503-v1-V1-qscan,GW240613_011503,0.0,0,,33.64200000032724
baseline@768,baseline,768,GW240615_113620-v1-H1-qscan,GW240615_113620,0.9110502600669861,1,0.91105026,33.064899999772024
baseline@768,baseline,768,GW240615_113620-v1-L1-qscan,GW240615_113620,0.9161478281021118,1,0.91614783,32.23519999937707
baseline@768,baseline,768,GW240615_113620-v1-V1-qscan,GW240615_113620,0.08951256424188614,1,0.08951256,32.880499999919266
baseline@768,baseline,768,GW240615_160735-v1-H1-qscan,GW240615_160735,0.8559467196464539,1,0.85594672,32.64489999946818
baseline@768,baseline,768,GW240615_160735-v1-L1-qscan,GW240615_160735,0.38746124505996704,2,0.38746125;0.18735765,32.377200000155426
baseline@768,baseline,768,GW240615_160735-v1-V1-qscan,GW240615_160735,0.0,0,,32.85260000029666
baseline@768,baseline,768,GW240618_071627-v1-H1-qscan,GW240618_071627,0.6128917932510376,3,0.61289179;0.14675298;0.10288426,33.46140000030573
baseline@768,baseline,768,GW240618_071627-v1-L1-qscan,GW240618_071627,0.36562883853912354,2,0.36562884;0.01009619,28.750000000400178
baseline@768,baseline,768,GW240619_044535-v1-H1-qscan,GW240619_044535,0.07929892838001251,2,0.07929893;0.01435489,31.733199999507633
baseline@768,baseline,768,GW240619_044535-v1-L1-qscan,GW240619_044535,0.0,0,,32.13469999991503
baseline@768,baseline,768,GW240619_044535-v1-V1-qscan,GW240619_044535,0.0,0,,32.62600000016391
baseline@768,baseline,768,GW240619_212357-v1-H1-qscan,GW240619_212357,0.6317761540412903,2,0.63177615;0.01923970,33.17449999940436
baseline@768,baseline,768,GW240619_212357-v1-L1-qscan,GW240619_212357,0.0,0,,27.511799999956565
baseline@768,baseline,768,GW240619_212357-v1-V1-qscan,GW240619_212357,0.0,0,,29.17249999973137
baseline@768,baseline,768,GW240620_094631-v1-H1-qscan,GW240620_094631,0.0,0,,33.15719999955036
baseline@768,baseline,768,GW240620_094631-v1-L1-qscan,GW240620_094631,0.0,0,,33.165299999382114
baseline@768,baseline,768,GW240620_094631-v1-V1-qscan,GW240620_094631,0.0,0,,31.924299999445793
baseline@768,baseline,768,GW240621_103457-v1-H1-qscan,GW240621_103457,0.21703465282917023,1,0.21703465,33.21750000031898
baseline@768,baseline,768,GW240621_103457-v1-L1-qscan,GW240621_103457,0.0,0,,30.022099999769125
baseline@768,baseline,768,GW240621_103457-v1-V1-qscan,GW240621_103457,0.0,0,,38.841300000058254
baseline@768,baseline,768,GW240621_195059-v1-H1-qscan,GW240621_195059,0.919075608253479,1,0.91907561,31.837399999858462
baseline@768,baseline,768,GW240621_195059-v1-L1-qscan,GW240621_195059,0.8622238039970398,1,0.86222380,33.450299999458366
baseline@768,baseline,768,GW240621_195059-v1-V1-qscan,GW240621_195059,0.0719219222664833,2,0.07192192;0.04317345,31.95529999993596
baseline@768,baseline,768,GW240621_200935-v1-H1-qscan,GW240621_200935,0.3246704936027527,2,0.32467049;0.08609528,31.795099999726517
baseline@768,baseline,768,GW240621_200935-v1-L1-qscan,GW240621_200935,0.4134666323661804,2,0.41346663;0.01439872,32.928800000263436
baseline@768,baseline,768,GW240621_200935-v1-V1-qscan,GW240621_200935,0.0,0,,32.58389999973588
baseline@768,baseline,768,GW240621_214041-v1-H1-qscan,GW240621_214041,0.14248141646385193,2,0.14248142;0.14111494,33.13160000016069
baseline@768,baseline,768,GW240621_214041-v1-L1-qscan,GW240621_214041,0.7834226489067078,1,0.78342265,32.920999999987544
baseline@768,baseline,768,GW240621_214041-v1-V1-qscan,GW240621_214041,0.0,0,,33.881299999848125
baseline@768,baseline,768,GW240622_004008-v1-H1-qscan,GW240622_004008,0.0319460928440094,2,0.03194609;0.01773627,28.589600000486826
baseline@768,baseline,768,GW240622_004008-v1-L1-qscan,GW240622_004008,0.015586345456540585,1,0.01558635,28.789499999220425
baseline@768,baseline,768,GW240622_004008-v1-V1-qscan,GW240622_004008,0.0,0,,32.722300000386895
baseline@768,baseline,768,GW240625_073331-v1-H1-qscan,GW240625_073331,0.04470892250537872,1,0.04470892,33.224199999494886
baseline@768,baseline,768,GW240625_073331-v1-L1-qscan,GW240625_073331,0.0,0,,33.059500000490516
baseline@768,baseline,768,GW240627_131622-v1-H1-qscan,GW240627_131622,0.038452185690402985,2,0.03845219;0.02974760,29.687700000067707
baseline@768,baseline,768,GW240627_131622-v1-L1-qscan,GW240627_131622,0.106443390250206,2,0.10644339;0.04531052,33.49660000003496
baseline@768,baseline,768,GW240627_131622-v1-V1-qscan,GW240627_131622,0.0,0,,32.57619999931194
baseline@768,baseline,768,GW240629_145256-v1-H1-qscan,GW240629_145256,0.1387137919664383,2,0.13871379;0.02825941,32.8748000001724
baseline@768,baseline,768,GW240629_145256-v1-L1-qscan,GW240629_145256,0.11188018321990967,3,0.11188018;0.02714227;0.01026177,33.338999999614316
baseline@768,baseline,768,GW240629_145256-v1-V1-qscan,GW240629_145256,0.0,0,,30.616699999882258
baseline@768,baseline,768,GW240630_101703-v1-H1-qscan,GW240630_101703,0.5303301215171814,2,0.53033012;0.01584063,33.26550000019779
baseline@768,baseline,768,GW240630_101703-v1-V1-qscan,GW240630_101703,0.0,0,,32.43519999978162
baseline@768,baseline,768,GW240630_115348-v1-H1-qscan,GW240630_115348,0.6159906983375549,5,0.61599070;0.06935439;0.03227425;0.03062429;0.01768103,33.860599999570695
baseline@768,baseline,768,GW240630_115348-v1-L1-qscan,GW240630_115348,0.8013582229614258,1,0.80135822,28.626500000427768
baseline@768,baseline,768,GW240630_115348-v1-V1-qscan,GW240630_115348,0.0,0,,32.66339999936463
baseline@768,baseline,768,GW240630_212937-v1-H1-qscan,GW240630_212937,0.0,0,,33.16050000012183
baseline@768,baseline,768,GW240630_212937-v1-L1-qscan,GW240630_212937,0.0,0,,33.13039999920875
baseline@768,baseline,768,GW240630_212937-v1-V1-qscan,GW240630_212937,0.0,0,,33.14380000028905
baseline@768,baseline,768,GW240701_011640-v1-H1-qscan,GW240701_011640,0.0,0,,30.50589999929798
baseline@768,baseline,768,GW240701_011640-v1-L1-qscan,GW240701_011640,0.0,0,,32.87460000046849
baseline@768,baseline,768,GW240701_011640-v1-V1-qscan,GW240701_011640,0.0,0,,34.01060000032885
baseline@768,baseline,768,GW240701_013826-v1-H1-qscan,GW240701_013826,0.0,0,,34.22539999974106
baseline@768,baseline,768,GW240701_013826-v1-L1-qscan,GW240701_013826,0.0,0,,28.116200000113167
baseline@768,baseline,768,GW240701_013826-v1-V1-qscan,GW240701_013826,0.5994093418121338,1,0.59940934,35.10310000001482
baseline@768,baseline,768,GW240701_203807-v1-H1-qscan,GW240701_203807,0.0,0,,33.00829999989219
baseline@768,baseline,768,GW240701_203807-v1-L1-qscan,GW240701_203807,0.0,0,,33.04870000010851
baseline@768,baseline,768,GW240701_203807-v1-V1-qscan,GW240701_203807,0.0,0,,33.0960999999661
baseline@768,baseline,768,GW240703_191355-v1-L1-qscan,GW240703_191355,0.23871704936027527,5,0.23871705;0.02443929;0.01864435;0.01344123;0.01041685,28.827400000409398
baseline@768,baseline,768,GW240703_191355-v1-V1-qscan,GW240703_191355,0.02526705525815487,3,0.02526706;0.02371482;0.01837300,31.380200000057812
baseline@768,baseline,768,GW240705_053215-v1-H1-qscan,GW240705_053215,0.325707346200943,8,0.32570735;0.26327068;0.07045836;0.05815087;0.05013984;0.04569102;0.03087276;0.01461945,33.39039999991655
baseline@768,baseline,768,GW240705_053215-v1-L1-qscan,GW240705_053215,0.5113829970359802,2,0.51138300;0.02881257,32.63670000069396
baseline@768,baseline,768,GW240705_053215-v1-V1-qscan,GW240705_053215,0.0,0,,28.654399999140878
baseline@768,baseline,768,GW240716_034900-v1-L1-qscan,GW240716_034900,0.9025737643241882,4,0.90257376;0.02629079;0.01383765;0.01297366,32.70350000002509
baseline@768,baseline,768,GW240716_034900-v1-V1-qscan,GW240716_034900,0.0,0,,32.996900000398455
baseline@768,baseline,768,GW240806_043539-v1-L1-qscan,GW240806_043539,0.0,0,,33.283599999776925
baseline@768,baseline,768,GW240806_043539-v1-V1-qscan,GW240806_043539,0.0,0,,34.921399999802816
baseline@768,baseline,768,GW240807_214559-v1-L1-qscan,GW240807_214559,0.0,0,,32.45909999986907
baseline@768,baseline,768,GW240807_214559-v1-V1-qscan,GW240807_214559,0.0,0,,32.13809999942896
baseline@768,baseline,768,GW240813_034548-v1-L1-qscan,GW240813_034548,0.0,0,,33.195099999829836
baseline@768,baseline,768,GW240813_034548-v1-V1-qscan,GW240813_034548,0.012235315516591072,1,0.01223532,33.9060000005702
baseline@768,baseline,768,GW240814_145043-v1-L1-qscan,GW240814_145043,0.05454404652118683,2,0.05454405;0.03940574,29.018500000347558
baseline@768,baseline,768,GW240814_145043-v1-V1-qscan,GW240814_145043,0.0,0,,32.71290000066074
baseline@768,baseline,768,GW240824_205609-v1-H1-qscan,GW240824_205609,0.253772497177124,3,0.25377250;0.11620511;0.04242427,33.36330000001908
baseline@768,baseline,768,GW240824_205609-v1-L1-qscan,GW240824_205609,0.0,0,,32.66840000014781
baseline@768,baseline,768,GW240824_205609-v1-V1-qscan,GW240824_205609,0.6927439570426941,1,0.69274396,33.19290000035835
baseline@768,baseline,768,GW240825_055146-v1-H1-qscan,GW240825_055146,0.0,0,,32.88570000040636
baseline@768,baseline,768,GW240825_055146-v1-L1-qscan,GW240825_055146,0.29257023334503174,4,0.29257023;0.14136034;0.09846335;0.01216585,31.86790000017936
baseline@768,baseline,768,GW240825_055146-v1-V1-qscan,GW240825_055146,0.0,0,,34.040900000036345
baseline@768,baseline,768,GW240828_102340-v1-H1-qscan,GW240828_102340,0.10212381929159164,2,0.10212382;0.02592875,33.70039999936125
baseline@768,baseline,768,GW240828_102340-v1-L1-qscan,GW240828_102340,0.012837568297982216,1,0.01283757,33.07029999996303
baseline@768,baseline,768,GW240828_102340-v1-V1-qscan,GW240828_102340,0.0,0,,31.943900000442227
baseline@768,baseline,768,GW240830_211120-v1-H1-qscan,GW240830_211120,0.0,0,,33.220499999515596
baseline@768,baseline,768,GW240830_211120-v1-L1-qscan,GW240830_211120,0.011934022419154644,1,0.01193402,32.97779999957129
baseline@768,baseline,768,GW240830_211120-v1-V1-qscan,GW240830_211120,0.0,0,,28.67839999998978
baseline@768,baseline,768,GW240901_195332-v1-H1-qscan,GW240901_195332,0.0,0,,33.011500000611704
baseline@768,baseline,768,GW240901_195332-v1-L1-qscan,GW240901_195332,0.0,0,,33.33680000014283
baseline@768,baseline,768,GW240901_195332-v1-V1-qscan,GW240901_195332,0.0,0,,32.74740000051679
baseline@768,baseline,768,GW240902_143306-v1-H1-qscan,GW240902_143306,0.2703585624694824,1,0.27035856,33.49359999992885
baseline@768,baseline,768,GW240902_143306-v1-L1-qscan,GW240902_143306,0.05859199911355972,5,0.05859200;0.03488508;0.01383158;0.01179120;0.01023062,31.803400000171678
baseline@768,baseline,768,GW240902_143306-v1-V1-qscan,GW240902_143306,0.2853747606277466,3,0.28537476;0.01648763;0.01644448,32.669399999576854
baseline@768,baseline,768,GW240907_092521-v1-H1-qscan,GW240907_092521,0.19684013724327087,3,0.19684014;0.03190347;0.02862640,34.80949999993754
baseline@768,baseline,768,GW240907_092521-v1-L1-qscan,GW240907_092521,0.0,0,,31.321899999966263
baseline@768,baseline,768,GW240907_092521-v1-V1-qscan,GW240907_092521,0.0,0,,30.114799999864772
baseline@768,baseline,768,GW240907_121650-v1-H1-qscan,GW240907_121650,0.10797692090272903,1,0.10797692,32.06270000009681
baseline@768,baseline,768,GW240907_121650-v1-L1-qscan,GW240907_121650,0.0,0,,33.71710000010353
baseline@768,baseline,768,GW240907_121650-v1-V1-qscan,GW240907_121650,0.40192079544067383,2,0.40192080;0.05143382,33.11229999962961
baseline@768,baseline,768,GW240907_153833-v1-H1-qscan,GW240907_153833,0.736522912979126,3,0.73652291;0.02655839;0.01200646,29.060500000014144
baseline@768,baseline,768,GW240907_153833-v1-L1-qscan,GW240907_153833,0.8717325329780579,1,0.87173253,31.56459999991057
baseline@768,baseline,768,GW240907_153833-v1-V1-qscan,GW240907_153833,0.2044823318719864,1,0.20448233,32.457199999953446
baseline@768,baseline,768,GW240908_082628-v1-H1-qscan,GW240908_082628,0.05021389573812485,3,0.05021390;0.01417503;0.01205193,32.64839999974356
baseline@768,baseline,768,GW240908_082628-v1-L1-qscan,GW240908_082628,0.200968399643898,2,0.20096840;0.14075683,35.460999999486376
baseline@768,baseline,768,GW240908_082628-v1-V1-qscan,GW240908_082628,0.03987670689821243,4,0.03987671;0.01810025;0.01321055;0.01129251,32.18360000028042
baseline@768,baseline,768,GW240908_125134-v1-H1-qscan,GW240908_125134,0.6584665179252625,2,0.65846652;0.07680012,33.216199999515084
baseline@768,baseline,768,GW240908_125134-v1-L1-qscan,GW240908_125134,0.09964817017316818,1,0.09964817,33.92989999974816
baseline@768,baseline,768,GW240908_125134-v1-V1-qscan,GW240908_125134,0.0,0,,28.530299999147246
baseline@768,baseline,768,GW240908_174149-v1-H1-qscan,GW240908_174149,0.049695901572704315,2,0.04969590;0.02807482,30.149299999720824
baseline@768,baseline,768,GW240908_174149-v1-L1-qscan,GW240908_174149,0.0,0,,32.96929999942222
baseline@768,baseline,768,GW240908_174149-v1-V1-qscan,GW240908_174149,0.0,0,,32.51219999947352
baseline@768,baseline,768,GW240910_103535-v1-H1-qscan,GW240910_103535,0.35228797793388367,2,0.35228798;0.01674435,33.556700000190176
baseline@768,baseline,768,GW240910_103535-v1-L1-qscan,GW240910_103535,0.13019698858261108,2,0.13019699;0.02271169,28.589499999725376
baseline@768,baseline,768,GW240913_111216-v1-H1-qscan,GW240913_111216,0.0,0,,30.031700000108685
baseline@768,baseline,768,GW240913_111216-v1-L1-qscan,GW240913_111216,0.0,0,,32.99029999925551
baseline@768,baseline,768,GW240913_111216-v1-V1-qscan,GW240913_111216,0.0,0,,33.30840000035096
baseline@768,baseline,768,GW240915_001357-v1-H1-qscan,GW240915_001357,0.4768105447292328,2,0.47681054;0.03068127,31.856300000072224
baseline@768,baseline,768,GW240915_001357-v1-L1-qscan,GW240915_001357,0.8241477012634277,2,0.82414770;0.02747760,29.876200000217068
baseline@768,baseline,768,GW240915_001357-v1-V1-qscan,GW240915_001357,0.0,0,,32.999199999721895
baseline@768,baseline,768,GW240915_045510-v1-H1-qscan,GW240915_045510,0.156832754611969,3,0.15683275;0.03304676;0.01099399,32.64760000001843
baseline@768,baseline,768,GW240915_045510-v1-L1-qscan,GW240915_045510,0.0,0,,32.279400000334135
baseline@768,baseline,768,GW240915_045510-v1-V1-qscan,GW240915_045510,0.9139295816421509,2,0.91392958;0.02148028,33.03369999957795
baseline@768,baseline,768,GW240915_105151-v1-H1-qscan,GW240915_105151,0.565944254398346,4,0.56594425;0.02362976;0.01745507;0.01301909,31.670499999563617
baseline@768,baseline,768,GW240915_105151-v1-V1-qscan,GW240915_105151,0.0,0,,33.132100000329956
baseline@768,baseline,768,GW240916_184352-v1-H1-qscan,GW240916_184352,0.0,0,,33.15569999995205
baseline@768,baseline,768,GW240916_184352-v1-L1-qscan,GW240916_184352,0.0,0,,33.11740000026475
baseline@768,baseline,768,GW240916_184352-v1-V1-qscan,GW240916_184352,0.04603093862533569,2,0.04603094;0.02098712,29.52810000078898
baseline@768,baseline,768,GW240917_130237-v1-H1-qscan,GW240917_130237,0.0,0,,32.060200000159966
baseline@768,baseline,768,GW240917_130237-v1-L1-qscan,GW240917_130237,0.0,0,,33.338000000185275
baseline@768,baseline,768,GW240919_061559-v1-H1-qscan,GW240919_061559,0.6698833703994751,2,0.66988337;0.08662523,33.31179999986489
baseline@768,baseline,768,GW240919_061559-v1-L1-qscan,GW240919_061559,0.8854470252990723,2,0.88544703;0.02885487,29.937999999674503
baseline@768,baseline,768,GW240919_061559-v1-V1-qscan,GW240919_061559,0.5582806468009949,1,0.55828065,34.233100000164995
baseline@768,baseline,768,GW240919_215453-v1-H1-qscan,GW240919_215453,0.0,0,,33.849800000098185
baseline@768,baseline,768,GW240919_215453-v1-L1-qscan,GW240919_215453,0.5396952033042908,2,0.53969520;0.15707837,32.57759999996779
baseline@768,baseline,768,GW240919_215453-v1-V1-qscan,GW240919_215453,0.0,0,,33.49430000071152
baseline@768,baseline,768,GW240920_073424-v1-H1-qscan,GW240920_073424,0.8329683542251587,1,0.83296835,33.999999999650754
baseline@768,baseline,768,GW240920_073424-v1-L1-qscan,GW240920_073424,0.6409692168235779,6,0.64096922;0.61525309;0.01701194;0.01618390;0.01461638;0.01133127,32.6201999996556
baseline@768,baseline,768,GW240920_073424-v1-V1-qscan,GW240920_073424,0.7287811040878296,3,0.72878110;0.08505209;0.01049418,32.119999999849824
baseline@768,baseline,768,GW240920_124024-v1-H1-qscan,GW240920_124024,0.915320873260498,1,0.91532087,33.09559999979683
baseline@768,baseline,768,GW240920_124024-v1-L1-qscan,GW240920_124024,0.7202054262161255,3,0.72020543;0.69284314;0.04101649,31.118299999434385
baseline@768,baseline,768,GW240921_201835-v1-L1-qscan,GW240921_201835,0.42097488045692444,3,0.42097488;0.13039801;0.04257785,32.25780000047962
baseline@768,baseline,768,GW240921_201835-v1-V1-qscan,GW240921_201835,0.0,0,,33.05559999989782
baseline@768,baseline,768,GW240922_142106-v1-H1-qscan,GW240922_142106,0.33144858479499817,1,0.33144858,33.57090000008611
baseline@768,baseline,768,GW240922_142106-v1-L1-qscan,GW240922_142106,0.5062682032585144,5,0.50626820;0.09813493;0.01928588;0.01572743;0.01036856,32.35049999966577
baseline@768,baseline,768,GW240922_142106-v1-V1-qscan,GW240922_142106,0.0,0,,32.70960000008927
baseline@768,baseline,768,GW240923_000715-v1-H1-qscan,GW240923_000715,0.0,0,,32.33350000027713
baseline@768,baseline,768,GW240923_000715-v1-L1-qscan,GW240923_000715,0.0,0,,32.75119999943854
baseline@768,baseline,768,GW240923_000715-v1-V1-qscan,GW240923_000715,0.05444534122943878,2,0.05444534;0.01418802,31.282500000088476
baseline@768,baseline,768,GW240923_110846-v1-H1-qscan,GW240923_110846,0.839617133140564,2,0.83961713;0.72905242,32.418499999948835
baseline@768,baseline,768,GW240923_204006-v1-H1-qscan,GW240923_204006,0.04634677991271019,2,0.04634678;0.01764554,33.240099999602535
baseline@768,baseline,768,GW240923_204006-v1-L1-qscan,GW240923_204006,0.8140772581100464,1,0.81407726,34.12949999983539
baseline@768,baseline,768,GW240924_000316-v1-H1-qscan,GW240924_000316,0.4911021888256073,1,0.49110219,28.175200000077893
baseline@768,baseline,768,GW240924_000316-v1-L1-qscan,GW240924_000316,0.0,0,,32.76639999967301
baseline@768,baseline,768,GW240924_000316-v1-V1-qscan,GW240924_000316,0.0,0,,33.524600000419014
baseline@768,baseline,768,GW240925_000956-v1-H1-qscan,GW240925_000956,0.0,0,,32.034800000474206
baseline@768,baseline,768,GW240925_000956-v1-L1-qscan,GW240925_000956,0.0,0,,32.55540000009205
baseline@768,baseline,768,GW240925_000956-v1-V1-qscan,GW240925_000956,0.0,0,,32.57659999962925
baseline@768,baseline,768,GW240925_005809-v2-H1-qscan,GW240925_005809,0.8235355615615845,1,0.82353556,32.63130000050296
baseline@768,baseline,768,GW240925_005809-v2-L1-qscan,GW240925_005809,0.9181133508682251,1,0.91811335,32.67700000014884
baseline@768,baseline,768,GW240925_005809-v2-V1-qscan,GW240925_005809,0.0,0,,33.18940000008297
baseline@768,baseline,768,GW240930_035959-v1-H1-qscan,GW240930_035959,0.6770316958427429,1,0.67703170,29.144400000404858
baseline@768,baseline,768,GW240930_035959-v1-L1-qscan,GW240930_035959,0.5359697937965393,7,0.53596979;0.07738345;0.04970049;0.03545623;0.02345228;0.01270139;0.01020818,32.69060000002355
baseline@768,baseline,768,GW240930_035959-v1-V1-qscan,GW240930_035959,0.14379113912582397,1,0.14379114,33.242199999222066
baseline@768,baseline,768,GW240930_123408-v1-H1-qscan,GW240930_123408,0.1743302345275879,2,0.17433023;0.01011634,32.62879999965662
baseline@768,baseline,768,GW240930_123408-v1-L1-qscan,GW240930_123408,0.0,0,,29.58050000052026
baseline@768,baseline,768,GW240930_123408-v1-V1-qscan,GW240930_123408,0.0,0,,28.66109999922628
baseline@768,baseline,768,GW240930_234614-v1-H1-qscan,GW240930_234614,0.0,0,,33.06640000027983
baseline@768,baseline,768,GW240930_234614-v1-L1-qscan,GW240930_234614,0.284420907497406,3,0.28442091;0.02080727;0.01315073,32.91420000005019
baseline@768,baseline,768,GW240930_234614-v1-V1-qscan,GW240930_234614,0.0,0,,32.2597999993377
baseline@768,baseline,768,GW241002_030559-v1-L1-qscan,GW241002_030559,0.6818192601203918,1,0.68181926,34.71680000075139
baseline@768,baseline,768,GW241002_030559-v1-V1-qscan,GW241002_030559,0.0,0,,32.50839999964228
baseline@768,baseline,768,GW241006_015333-v1-H1-qscan,GW241006_015333,0.13880376517772675,3,0.13880377;0.11405698;0.01974121,32.56570000030479
baseline@768,baseline,768,GW241006_015333-v1-L1-qscan,GW241006_015333,0.8131624460220337,2,0.81316245;0.06976246,32.73090000038792
baseline@768,baseline,768,GW241006_015333-v1-V1-qscan,GW241006_015333,0.024409709498286247,5,0.02440971;0.02343465;0.01386961;0.01335575;0.01233118,34.993999999642256
baseline@768,baseline,768,GW241007_082943-v1-H1-qscan,GW241007_082943,0.34406551718711853,2,0.34406552;0.01566647,32.953599999927974
baseline@768,baseline,768,GW241007_082943-v1-L1-qscan,GW241007_082943,0.21202459931373596,1,0.21202460,32.64709999984916
baseline@768,baseline,768,GW241007_082943-v1-V1-qscan,GW241007_082943,0.0,0,,32.71649999987858
baseline@768,baseline,768,GW241009_022835-v1-H1-qscan,GW241009_022835,0.0,0,,32.67390000019077
baseline@768,baseline,768,GW241009_022835-v1-L1-qscan,GW241009_022835,0.4343661665916443,2,0.43436617;0.02404906,32.60909999971773
baseline@768,baseline,768,GW241009_022835-v1-V1-qscan,GW241009_022835,0.0,0,,32.874900000024354
baseline@768,baseline,768,GW241009_084816-v1-H1-qscan,GW241009_084816,0.014273102395236492,1,0.01427310,34.10929999972723
baseline@768,baseline,768,GW241009_084816-v1-L1-qscan,GW241009_084816,0.13110969960689545,3,0.13110970;0.09948777;0.03845562,33.13109999999142
baseline@768,baseline,768,GW241009_084816-v1-V1-qscan,GW241009_084816,0.0,0,,28.506699999525154
baseline@768,baseline,768,GW241009_220455-v1-H1-qscan,GW241009_220455,0.7470766305923462,1,0.74707663,33.26119999928778
baseline@768,baseline,768,GW241009_220455-v1-L1-qscan,GW241009_220455,0.0514984093606472,2,0.05149841;0.03565240,33.490299999357376
baseline@768,baseline,768,GW241009_220455-v1-V1-qscan,GW241009_220455,0.7078842520713806,1,0.70788425,32.660500000019965
baseline@768,baseline,768,GW241011_233834-v2-H1-qscan,GW241011_233834,0.9011951088905334,1,0.90119511,31.128000000535394
baseline@768,baseline,768,GW241011_233834-v2-V1-qscan,GW241011_233834,0.21549750864505768,2,0.21549751;0.01367371,29.0181999998822
baseline@768,baseline,768,GW241018_235402-v1-H1-qscan,GW241018_235402,0.44910135865211487,2,0.44910136;0.01738705,31.944499999553955
baseline@768,baseline,768,GW241018_235402-v1-V1-qscan,GW241018_235402,0.0,0,,32.10639999997511
baseline@768,baseline,768,GW241101_034726-v1-H1-qscan,GW241101_034726,0.0,0,,33.14510000018345
baseline@768,baseline,768,GW241101_034726-v1-L1-qscan,GW241101_034726,0.0,0,,32.72190000006958
baseline@768,baseline,768,GW241101_034726-v1-V1-qscan,GW241101_034726,0.0,0,,29.884900000070047
baseline@768,baseline,768,GW241101_220523-v1-L1-qscan,GW241101_220523,0.6779695153236389,1,0.67796952,34.0065999998842
baseline@768,baseline,768,GW241101_220523-v1-V1-qscan,GW241101_220523,0.0,0,,33.691100000396546
baseline@768,baseline,768,GW241102_124058-v1-H1-qscan,GW241102_124058,0.8720417022705078,3,0.87204170;0.69489479;0.01736690,32.82149999995454
baseline@768,baseline,768,GW241102_124058-v1-L1-qscan,GW241102_124058,0.5690923929214478,5,0.56909239;0.06966598;0.04632724;0.02324780;0.01542989,28.888499999993655
baseline@768,baseline,768,GW241102_124058-v1-V1-qscan,GW241102_124058,0.0,0,,29.291199999534
baseline@768,baseline,768,GW241102_144729-v1-H1-qscan,GW241102_144729,0.22919999063014984,2,0.22919999;0.01037505,33.2194000002346
baseline@768,baseline,768,GW241102_144729-v1-L1-qscan,GW241102_144729,0.9322364926338196,1,0.93223649,33.08500000002823
baseline@768,baseline,768,GW241102_144729-v1-V1-qscan,GW241102_144729,0.0,0,,32.57659999962925
baseline@768,baseline,768,GW241106_110932-v1-H1-qscan,GW241106_110932,0.43924906849861145,2,0.43924907;0.32539964,30.75139999964449
baseline@768,baseline,768,GW241106_110932-v1-L1-qscan,GW241106_110932,0.01732751727104187,1,0.01732752,32.8494999994291
baseline@768,baseline,768,GW241106_110932-v1-V1-qscan,GW241106_110932,0.0,0,,33.44399999969028
baseline@768,baseline,768,GW241109_005349-v1-H1-qscan,GW241109_005349,0.0,0,,32.06479999971634
baseline@768,baseline,768,GW241109_005349-v1-L1-qscan,GW241109_005349,0.0,0,,30.26439999939612
baseline@768,baseline,768,GW241109_033317-v1-L1-qscan,GW241109_033317,0.7456368207931519,1,0.74563682,33.308000000033644
baseline@768,baseline,768,GW241109_033317-v1-V1-qscan,GW241109_033317,0.12785209715366364,2,0.12785210;0.01122867,32.77749999961088
baseline@768,baseline,768,GW241109_115924-v1-H1-qscan,GW241109_115924,0.03779285401105881,3,0.03779285;0.02403505;0.02077957,32.705100000384846
baseline@768,baseline,768,GW241109_115924-v1-V1-qscan,GW241109_115924,0.0,0,,29.34740000000602
baseline@768,baseline,768,GW241110_124123-v2-H1-qscan,GW241110_124123,0.013382934965193272,1,0.01338293,32.421200000499084
baseline@768,baseline,768,GW241110_124123-v2-L1-qscan,GW241110_124123,0.7499576807022095,2,0.74995768;0.01863771,32.7951999997822
baseline@768,baseline,768,GW241110_124123-v2-V1-qscan,GW241110_124123,0.0,0,,32.455900000059046
baseline@768,baseline,768,GW241111_111552-v1-H1-qscan,GW241111_111552,0.32133352756500244,3,0.32133353;0.06114979;0.01115664,33.629699999437435
baseline@768,baseline,768,GW241111_111552-v1-L1-qscan,GW241111_111552,0.06336279213428497,2,0.06336279;0.02442854,28.035999999701744
baseline@768,baseline,768,GW241113_163507-v1-L1-qscan,GW241113_163507,0.25511443614959717,4,0.25511444;0.10164207;0.01379834;0.01248461,33.30239999922924
baseline@768,baseline,768,GW241113_163507-v1-V1-qscan,GW241113_163507,0.0,0,,34.73230000054173
baseline@768,baseline,768,GW241114_024711-v1-H1-qscan,GW241114_024711,0.7168756723403931,3,0.71687567;0.47652805;0.05465562,33.252400000492344
baseline@768,baseline,768,GW241114_024711-v1-L1-qscan,GW241114_024711,0.0,0,,32.175199999983306
baseline@768,baseline,768,GW241114_024711-v1-V1-qscan,GW241114_024711,0.0,0,,31.69290000005276
baseline@768,baseline,768,GW241114_235258-v1-L1-qscan,GW241114_235258,0.0,0,,33.36189999936323
baseline@768,baseline,768,GW241114_235258-v1-V1-qscan,GW241114_235258,0.0,0,,33.626100000219594
baseline@768,baseline,768,GW241116_151753-v1-H1-qscan,GW241116_151753,0.021916300058364868,1,0.02191630,31.27810000023601
baseline@768,baseline,768,GW241116_151753-v1-L1-qscan,GW241116_151753,0.4602735936641693,1,0.46027359,32.33989999989717
baseline@768,baseline,768,GW241116_151753-v1-V1-qscan,GW241116_151753,0.0,0,,32.14489999936632
baseline@768,baseline,768,GW241124_024914-v1-H1-qscan,GW241124_024914,0.8890972137451172,1,0.88909721,32.68890000072133
baseline@768,baseline,768,GW241124_024914-v1-L1-qscan,GW241124_024914,0.06849066913127899,1,0.06849067,31.293799999730254
baseline@768,baseline,768,GW241124_024914-v1-V1-qscan,GW241124_024914,0.033099208027124405,1,0.03309921,32.10709999984829
baseline@768,baseline,768,GW241125_010116-v1-H1-qscan,GW241125_010116,0.030138662084937096,1,0.03013866,32.559999999648426
baseline@768,baseline,768,GW241125_010116-v1-L1-qscan,GW241125_010116,0.2717569172382355,1,0.27175692,32.43800000018382
baseline@768,baseline,768,GW241125_010116-v1-V1-qscan,GW241125_010116,0.0,0,,34.043499999825144
baseline@768,baseline,768,GW241127_061008-v1-H1-qscan,GW241127_061008,0.9118329882621765,1,0.91183299,32.16730000076495
baseline@768,baseline,768,GW241127_061008-v1-L1-qscan,GW241127_061008,0.8808571696281433,1,0.88085717,33.20170000006328
baseline@768,baseline,768,GW241127_061008-v1-V1-qscan,GW241127_061008,0.0,0,,33.86250000039581
baseline@768,baseline,768,GW241129_021832-v1-H1-qscan,GW241129_021832,0.39299237728118896,1,0.39299238,31.94919999987178
baseline@768,baseline,768,GW241129_021832-v1-L1-qscan,GW241129_021832,0.7338972091674805,1,0.73389721,32.7264000006835
baseline@768,baseline,768,GW241129_021832-v1-V1-qscan,GW241129_021832,0.015156963840126991,1,0.01515696,33.29759999996895
baseline@768,baseline,768,GW241129_140416-v1-H1-qscan,GW241129_140416,0.0,0,,33.46079999937501
baseline@768,baseline,768,GW241129_140416-v1-L1-qscan,GW241129_140416,0.0,0,,28.591400000550493
baseline@768,baseline,768,GW241130_034908-v1-H1-qscan,GW241130_034908,0.6223465800285339,3,0.62234658;0.01549539;0.01245050,33.44820000074833
baseline@768,baseline,768,GW241130_034908-v1-L1-qscan,GW241130_034908,0.7514519095420837,1,0.75145191,33.685399999740184
baseline@768,baseline,768,GW241130_034908-v1-V1-qscan,GW241130_034908,0.19256433844566345,2,0.19256434;0.05724789,33.38239999993675
baseline@768,baseline,768,GW241130_110422-v1-H1-qscan,GW241130_110422,0.012156947515904903,1,0.01215695,28.68080000007467
baseline@768,baseline,768,GW241130_110422-v1-L1-qscan,GW241130_110422,0.44468429684638977,2,0.44468430;0.07627430,32.304000000294764
baseline@768,baseline,768,GW241130_110422-v1-V1-qscan,GW241130_110422,0.0,0,,32.27020000031189
baseline@768,baseline,768,GW241201_055758-v1-H1-qscan,GW241201_055758,0.8362247943878174,2,0.83622479;0.08637381,31.973000000107277
baseline@768,baseline,768,GW241201_055758-v1-L1-qscan,GW241201_055758,0.0,0,,32.02289999990171
baseline@768,baseline,768,GW241201_055758-v1-V1-qscan,GW241201_055758,0.027712199836969376,2,0.02771220;0.02373279,28.546499999720254
baseline@768,baseline,768,GW241201_142737-v1-H1-qscan,GW241201_142737,0.0,0,,33.01190000001952
baseline@768,baseline,768,GW241201_142737-v1-L1-qscan,GW241201_142737,0.0,0,,38.50189999957365
baseline@768,baseline,768,GW241201_142737-v1-V1-qscan,GW241201_142737,0.304303377866745,1,0.30430338,33.72799999942799
baseline@768,baseline,768,GW241210_023335-v1-H1-qscan,GW241210_023335,0.010636793449521065,1,0.01063679,32.54960000049323
baseline@768,baseline,768,GW241210_023335-v1-L1-qscan,GW241210_023335,0.0,0,,33.21609999966313
baseline@768,baseline,768,GW241210_060606-v1-H1-qscan,GW241210_060606,0.24238955974578857,3,0.24238956;0.16264543;0.05405504,32.175399999687215
baseline@768,baseline,768,GW241210_060606-v1-L1-qscan,GW241210_060606,0.26443496346473694,1,0.26443496,33.36279999984981
baseline@768,baseline,768,GW241210_060606-v1-V1-qscan,GW241210_060606,0.08848593384027481,2,0.08848593;0.08703318,29.640800000379386
baseline@768,baseline,768,GW241210_120900-v1-H1-qscan,GW241210_120900,0.0,0,,33.13679999973829
baseline@768,baseline,768,GW241210_120900-v1-L1-qscan,GW241210_120900,0.8074425458908081,1,0.80744255,34.26279999985127
baseline@768,baseline,768,GW241219_222607-v1-H1-qscan,GW241219_222607,0.05024569854140282,2,0.05024570;0.01802855,33.54289999970206
baseline@768,baseline,768,GW241219_222607-v1-L1-qscan,GW241219_222607,0.0,0,,28.538799999296316
baseline@768,baseline,768,GW241220_062146-v1-H1-qscan,GW241220_062146,0.0,0,,28.551500000503438
baseline@768,baseline,768,GW241220_062146-v1-L1-qscan,GW241220_062146,0.0,0,,28.052300000126706
baseline@768,baseline,768,GW241225_042553-v1-L1-qscan,GW241225_042553,0.894566535949707,4,0.89456654;0.10214060;0.05634701;0.01460567,33.23569999975007
baseline@768,baseline,768,GW241225_042553-v1-V1-qscan,GW241225_042553,0.032159071415662766,2,0.03215907;0.02933219,32.872300000235555
baseline@768,baseline,768,GW241225_082815-v1-H1-qscan,GW241225_082815,0.9298471808433533,1,0.92984718,32.75709999979881
baseline@768,baseline,768,GW241225_082815-v1-L1-qscan,GW241225_082815,0.9214161038398743,2,0.92141610;0.16588849,30.197099999895727
baseline@768,baseline,768,GW241229_155844-v1-H1-qscan,GW241229_155844,0.878358006477356,1,0.87835801,31.982800000150746
baseline@768,baseline,768,GW241229_155844-v1-L1-qscan,GW241229_155844,0.014159660786390305,1,0.01415966,32.88869999960298
baseline@768,baseline,768,GW241229_155844-v1-V1-qscan,GW241229_155844,0.0,0,,32.86889999981213
baseline@768,baseline,768,GW241230_084504-v1-L1-qscan,GW241230_084504,0.9312013387680054,1,0.93120134,33.44980000019859
baseline@768,baseline,768,GW241230_084504-v1-V1-qscan,GW241230_084504,0.3035256266593933,1,0.30352563,31.213600000228325
baseline@768,baseline,768,GW241230_233618-v1-H1-qscan,GW241230_233618,0.0,0,,32.37410000019736
baseline@768,baseline,768,GW241230_233618-v1-L1-qscan,GW241230_233618,0.885387122631073,1,0.88538712,31.88719999980094
baseline@768,baseline,768,GW241230_233618-v1-V1-qscan,GW241230_233618,0.0,0,,33.25879999920289
baseline@768,baseline,768,GW241231_054133-v1-H1-qscan,GW241231_054133,0.6919687390327454,1,0.69196874,28.73699999963719
baseline@768,baseline,768,GW241231_054133-v1-L1-qscan,GW241231_054133,0.06558649986982346,2,0.06558650;0.01940548,32.067900000583904
baseline@768,baseline,768,GW241231_054133-v1-V1-qscan,GW241231_054133,0.0,0,,33.18489999946905
baseline@768,baseline,768,GW250101_011205-v1-H1-qscan,GW250101_011205,0.8123997449874878,1,0.81239974,33.133599999928265
baseline@768,baseline,768,GW250101_011205-v1-L1-qscan,GW250101_011205,0.26328545808792114,2,0.26328546;0.20028555,33.564400000614114
baseline@768,baseline,768,GW250101_011205-v1-V1-qscan,GW250101_011205,0.0,0,,30.031100000087463
baseline@768,baseline,768,GW250104_015122-v1-H1-qscan,GW250104_015122,0.7683362364768982,1,0.76833624,33.4060999994108
baseline@768,baseline,768,GW250104_015122-v1-L1-qscan,GW250104_015122,0.4460298418998718,2,0.44602984;0.22742787,32.665499999893655
baseline@768,baseline,768,GW250104_015122-v1-V1-qscan,GW250104_015122,0.020791418850421906,1,0.02079142,33.69950000069366
baseline@768,baseline,768,GW250105_134047-v1-H1-qscan,GW250105_134047,0.0,0,,28.005099999973027
baseline@768,baseline,768,GW250105_134047-v1-L1-qscan,GW250105_134047,0.0,0,,32.17540000059671
baseline@768,baseline,768,GW250105_134047-v1-V1-qscan,GW250105_134047,0.0,0,,32.334999999875436
baseline@768,baseline,768,GW250108_152221-v1-H1-qscan,GW250108_152221,0.5297867655754089,2,0.52978677;0.26331896,32.12249999978667
baseline@768,baseline,768,GW250108_152221-v1-L1-qscan,GW250108_152221,0.7690061330795288,4,0.76900613;0.08582246;0.04801951;0.03164436,31.999299999370123
baseline@768,baseline,768,GW250108_152221-v1-V1-qscan,GW250108_152221,0.019008692353963852,1,0.01900869,29.02059999996709
baseline@768,baseline,768,GW250109_010541-v1-H1-qscan,GW250109_010541,0.4160265028476715,3,0.41602650;0.04736181;0.01810627,31.13149999990128
baseline@768,baseline,768,GW250109_010541-v1-L1-qscan,GW250109_010541,0.7167884111404419,2,0.71678841;0.33134714,33.22019999995973
baseline@768,baseline,768,GW250109_010541-v1-V1-qscan,GW250109_010541,0.3413587212562561,2,0.34135872;0.03546084,32.30560000065452
baseline@768,baseline,768,GW250109_074552-v1-H1-qscan,GW250109_074552,0.3544943928718567,3,0.35449439;0.07029206;0.01665130,32.793800000035844
baseline@768,baseline,768,GW250109_074552-v1-V1-qscan,GW250109_074552,0.0,0,,32.7556000002005
baseline@768,baseline,768,GW250109_083206-v1-H1-qscan,GW250109_083206,0.7838613986968994,2,0.78386140;0.05169266,31.813900000088324
baseline@768,baseline,768,GW250109_083206-v1-V1-qscan,GW250109_083206,0.0,0,,32.93119999943883
baseline@768,baseline,768,GW250114_082203-v2-H1-qscan,GW250114_082203,0.20598991215229034,3,0.20598991;0.02531479;0.02500555,32.874500000616536
baseline@768,baseline,768,GW250114_082203-v2-L1-qscan,GW250114_082203,0.2958144247531891,1,0.29581442,28.815599999688857
baseline@768,baseline,768,GW250116_015318-v1-H1-qscan,GW250116_015318,0.8396737575531006,2,0.83967376;0.19071709,31.148799999755283
baseline@768,baseline,768,GW250116_015318-v1-L1-qscan,GW250116_015318,0.0,0,,32.30799999982992
baseline@768,baseline,768,GW250116_015318-v1-V1-qscan,GW250116_015318,0.0,0,,33.65329999996902
baseline@768,baseline,768,GW250116_051426-v1-H1-qscan,GW250116_051426,0.012652636505663395,2,0.01265264;0.01062710,33.65679999933491
baseline@768,baseline,768,GW250116_051426-v1-L1-qscan,GW250116_051426,0.0,0,,32.44489999997313
baseline@768,baseline,768,GW250118_023225-v1-H1-qscan,GW250118_023225,0.0958855077624321,2,0.09588551;0.08904105,33.036900000297464
baseline@768,baseline,768,GW250118_023225-v1-L1-qscan,GW250118_023225,0.7777383327484131,5,0.77773833;0.05244001;0.04889709;0.04632377;0.04407253,32.936200000222016
baseline@768,baseline,768,GW250118_023225-v1-V1-qscan,GW250118_023225,0.0,0,,35.013799999433104
baseline@768,baseline,768,GW250118_055802-v1-H1-qscan,GW250118_055802,0.053834691643714905,1,0.05383469,33.08339999966847
baseline@768,baseline,768,GW250118_055802-v1-L1-qscan,GW250118_055802,0.0,0,,32.41329999946174
baseline@768,baseline,768,GW250118_055802-v1-V1-qscan,GW250118_055802,0.0,0,,32.21040000062203
baseline@768,baseline,768,GW250118_170523-v1-H1-qscan,GW250118_170523,0.31116536259651184,9,0.31116536;0.10282542;0.06101367;0.04887718;0.02732634;0.01923246;0.01590723;0.01301580;0.01181115,32.83159999955387
baseline@768,baseline,768,GW250118_170523-v1-L1-qscan,GW250118_170523,0.8123477697372437,1,0.81234777,34.381999999823165
baseline@768,baseline,768,GW250119_025138-v1-H1-qscan,GW250119_025138,0.9256193041801453,1,0.92561930,32.59630000047764
baseline@768,baseline,768,GW250119_025138-v1-L1-qscan,GW250119_025138,0.2813452184200287,4,0.28134522;0.23484877;0.03365722;0.01954045,32.03949999988254
baseline@768,baseline,768,GW250119_025138-v1-V1-qscan,GW250119_025138,0.267503559589386,2,0.26750356;0.02092666,33.97969999969064
baseline@768,baseline,768,GW250119_190238-v1-H1-qscan,GW250119_190238,0.31620943546295166,4,0.31620944;0.07473686;0.03732152;0.02045810,33.29699999994773
baseline@768,baseline,768,GW250119_190238-v1-L1-qscan,GW250119_190238,0.05537360534071922,5,0.05537361;0.05483549;0.03401265;0.01903736;0.01215551,33.28880000026402
baseline@768,baseline,768,GW250119_190238-v1-V1-qscan,GW250119_190238,0.0,0,,32.087399999909394
baseline@768,baseline,768,GW250120_042414-v1-H1-qscan,GW250120_042414,0.0,0,,30.783299999711744
baseline@768,baseline,768,GW250120_042414-v1-L1-qscan,GW250120_042414,0.0,0,,33.940500000426255
baseline@768,baseline,768,GW250120_042414-v1-V1-qscan,GW250120_042414,0.0,0,,33.677099999295024
attention@512,attention,512,GW240406_062847-v1-H1-qscan,GW240406_062847,0.0,0,,30.938300000343588
attention@512,attention,512,GW240406_062847-v1-L1-qscan,GW240406_062847,0.0,0,,24.519900000086636
attention@512,attention,512,GW240407_040938-v1-H1-qscan,GW240407_040938,0.028021907433867455,1,0.02802191,25.564200000189885
attention@512,attention,512,GW240407_040938-v1-L1-qscan,GW240407_040938,0.011233481578528881,1,0.01123348,23.274099999980535
attention@512,attention,512,GW240407_040938-v1-V1-qscan,GW240407_040938,0.0,0,,24.330900000677502
attention@512,attention,512,GW240407_061416-v1-H1-qscan,GW240407_061416,0.15513445436954498,3,0.15513445;0.01049773;0.01042791,23.80170000014914
attention@512,attention,512,GW240407_061416-v1-L1-qscan,GW240407_061416,0.0,0,,25.045999999747437
attention@512,attention,512,GW240407_061416-v1-V1-qscan,GW240407_061416,0.0,0,,24.094899999909103
attention@512,attention,512,GW240407_214946-v1-H1-qscan,GW240407_214946,0.0,0,,22.625699999480275
attention@512,attention,512,GW240407_214946-v1-L1-qscan,GW240407_214946,0.0,0,,20.065500000782777
attention@512,attention,512,GW240407_214946-v1-V1-qscan,GW240407_214946,0.0,0,,20.15540000047622
attention@512,attention,512,GW240408_081753-v1-H1-qscan,GW240408_081753,0.0,0,,27.36689999983355
attention@512,attention,512,GW240408_081753-v1-L1-qscan,GW240408_081753,0.0,0,,26.00180000081309
attention@512,attention,512,GW240411_074140-v1-H1-qscan,GW240411_074140,0.0,0,,25.72130000044126
attention@512,attention,512,GW240411_074140-v1-L1-qscan,GW240411_074140,0.10476484894752502,5,0.10476485;0.02567592;0.02417621;0.02151907;0.01093188,23.893999999927473
attention@512,attention,512,GW240413_022019-v1-H1-qscan,GW240413_022019,0.0,0,,23.44080000057147
attention@512,attention,512,GW240413_022019-v1-L1-qscan,GW240413_022019,0.8708916902542114,1,0.87089169,24.349899999833724
attention@512,attention,512,GW240413_022019-v1-V1-qscan,GW240413_022019,0.0,0,,28.11920000021928
attention@512,attention,512,GW240414_054515-v1-H1-qscan,GW240414_054515,0.171952024102211,2,0.17195202;0.03086321,30.57829999943351
attention@512,attention,512,GW240414_054515-v1-V1-qscan,GW240414_054515,0.0,0,,26.930699999866192
attention@512,attention,512,GW240419_041206-v1-H1-qscan,GW240419_041206,0.02126859314739704,2,0.02126859;0.01418862,25.687899999866204
attention@512,attention,512,GW240419_041206-v1-L1-qscan,GW240419_041206,0.0,0,,23.690199999691686
attention@512,attention,512,GW240419_041206-v1-V1-qscan,GW240419_041206,0.16442421078681946,1,0.16442421,23.49080000021786
attention@512,attention,512,GW240420_175625-v1-H1-qscan,GW240420_175625,0.6189648509025574,3,0.61896485;0.43069479;0.01386169,23.26089999951364
attention@512,attention,512,GW240421_052935-v1-H1-qscan,GW240421_052935,0.30294981598854065,1,0.30294982,24.82979999967938
attention@512,attention,512,GW240421_052935-v1-L1-qscan,GW240421_052935,0.057436227798461914,1,0.05743623,23.956299999554176
attention@512,attention,512,GW240421_052935-v1-V1-qscan,GW240421_052935,0.0,0,,20.79669999966427
attention@512,attention,512,GW240426_031451-v1-H1-qscan,GW240426_031451,0.0,0,,20.35969999997178
attention@512,attention,512,GW240426_031451-v1-L1-qscan,GW240426_031451,0.1467723399400711,3,0.14677234;0.11733098;0.02790198,22.724500000549597
attention@512,attention,512,GW240426_085802-v1-H1-qscan,GW240426_085802,0.05267238989472389,3,0.05267239;0.04088159;0.01601137,23.331899999902816
attention@512,attention,512,GW240426_085802-v1-L1-qscan,GW240426_085802,0.0,0,,23.893000000498432
attention@512,attention,512,GW240426_085802-v1-V1-qscan,GW240426_085802,0.0,0,,24.510799999916344
attention@512,attention,512,GW240428_225440-v1-H1-qscan,GW240428_225440,0.8409746885299683,4,0.84097469;0.03499401;0.02543133;0.01676287,23.850500000662578
attention@512,attention,512,GW240428_225440-v1-V1-qscan,GW240428_225440,0.047642774879932404,1,0.04764277,23.061500000039814
attention@512,attention,512,GW240430_093517-v1-H1-qscan,GW240430_093517,0.0,0,,24.42239999982121
attention@512,attention,512,GW240430_093517-v1-L1-qscan,GW240430_093517,0.35972583293914795,2,0.35972583;0.30232710,23.86130000013509
attention@512,attention,512,GW240501_033534-v1-H1-qscan,GW240501_033534,0.9150614142417908,1,0.91506141,21.549699999923178
attention@512,attention,512,GW240501_033534-v1-L1-qscan,GW240501_033534,0.9002068638801575,2,0.90020686;0.01703298,19.839200000205892
attention@512,attention,512,GW240501_033534-v1-V1-qscan,GW240501_033534,0.0,0,,21.82399999946938
attention@512,attention,512,GW240505_133552-v1-H1-qscan,GW240505_133552,0.06683551520109177,2,0.06683552;0.02458501,23.463499999706983
attention@512,attention,512,GW240505_133552-v1-L1-qscan,GW240505_133552,0.22822311520576477,3,0.22822312;0.03259320;0.01589548,24.39279999998689
attention@512,attention,512,GW240505_133552-v1-V1-qscan,GW240505_133552,0.0,0,,24.098200000480574
attention@512,attention,512,GW240507_041632-v1-H1-qscan,GW240507_041632,0.034256286919116974,2,0.03425629;0.01209730,23.105300000679563
attention@512,attention,512,GW240507_041632-v1-L1-qscan,GW240507_041632,0.5888102054595947,3,0.58881021;0.06761991;0.03546453,23.752199999762524
attention@512,attention,512,GW240507_041632-v1-V1-qscan,GW240507_041632,0.0,0,,23.854099999880418
attention@512,attention,512,GW240509_102351-v1-H1-qscan,GW240509_102351,0.0,0,,20.653699999456876
attention@512,attention,512,GW240509_102351-v1-L1-qscan,GW240509_102351,0.020137229934334755,1,0.02013723,20.960599999853002
attention@512,attention,512,GW240509_102351-v1-V1-qscan,GW240509_102351,0.0,0,,24.300500000208558
attention@512,attention,512,GW240511_031507-v1-H1-qscan,GW240511_031507,0.4546048045158386,2,0.45460480;0.13465308,23.282200000721787
attention@512,attention,512,GW240511_031507-v1-L1-qscan,GW240511_031507,0.8789910674095154,1,0.87899107,23.83309999913763
attention@512,attention,512,GW240511_031507-v1-V1-qscan,GW240511_031507,0.0,0,,24.485099999765225
attention@512,attention,512,GW240512_024139-v1-H1-qscan,GW240512_024139,0.03164727985858917,1,0.03164728,23.993499999960477
attention@512,attention,512,GW240512_024139-v1-L1-qscan,GW240512_024139,0.24638259410858154,4,0.24638259;0.01826204;0.01585227;0.01386986,25.3921999992599
attention@512,attention,512,GW240512_024139-v1-V1-qscan,GW240512_024139,0.0,0,,24.899300000470248
attention@512,attention,512,GW240512_051606-v1-H1-qscan,GW240512_051606,0.0,0,,24.219300000368094
attention@512,attention,512,GW240512_051606-v1-L1-qscan,GW240512_051606,0.0,0,,22.501200000078825
attention@512,attention,512,GW240512_051606-v1-V1-qscan,GW240512_051606,0.0,0,,19.865000000208966
attention@512,attention,512,GW240513_183302-v1-H1-qscan,GW240513_183302,0.9339838027954102,1,0.93398380,22.165299999869603
attention@512,attention,512,GW240513_183302-v1-L1-qscan,GW240513_183302,0.438786119222641,3,0.43878612;0.17330679;0.01206614,24.082500000076834
attention@512,attention,512,GW240513_183302-v1-V1-qscan,GW240513_183302,0.0,0,,23.742000000311236
attention@512,attention,512,GW240514_121713-v1-H1-qscan,GW240514_121713,0.14135466516017914,2,0.14135467;0.11024868,24.380399999245128
attention@512,attention,512,GW240514_121713-v1-L1-qscan,GW240514_121713,0.14351040124893188,1,0.14351040,23.59859999978653
attention@512,attention,512,GW240514_121713-v1-V1-qscan,GW240514_121713,0.0,0,,24.737200000345183
attention@512,attention,512,GW240515_005301-v1-H1-qscan,GW240515_005301,0.5409277081489563,3,0.54092771;0.27407569;0.04000753,24.494700000104785
attention@512,attention,512,GW240515_005301-v1-L1-qscan,GW240515_005301,0.6968005895614624,5,0.69680059;0.09213448;0.05081947;0.02373016;0.01156834,24.209999999584397
attention@512,attention,512,GW240515_005301-v1-V1-qscan,GW240515_005301,0.0,0,,22.84979999967618
attention@512,attention,512,GW240516_041939-v1-H1-qscan,GW240516_041939,0.0,0,,20.363000000543252
attention@512,attention,512,GW240516_041939-v1-L1-qscan,GW240516_041939,0.0,0,,20.69969999956811
attention@512,attention,512,GW240516_041939-v1-V1-qscan,GW240516_041939,0.015611403621733189,2,0.01561140;0.01006419,24.155699999937497
attention@512,attention,512,GW240519_012815-v1-L1-qscan,GW240519_012815,0.24682754278182983,2,0.24682754;0.02919301,23.820299999897543
attention@512,attention,512,GW240519_012815-v1-V1-qscan,GW240519_012815,0.541243314743042,2,0.54124331;0.02727827,24.46019999933924
attention@512,attention,512,GW240520_213616-v1-H1-qscan,GW240520_213616,0.10358694195747375,2,0.10358694;0.09344568,23.519299999861687
attention@512,attention,512,GW240520_213616-v1-L1-qscan,GW240520_213616,0.21539005637168884,1,0.21539006,25.133399999504036
attention@512,attention,512,GW240520_213616-v1-V1-qscan,GW240520_213616,0.0,0,,23.843400000259862
attention@512,attention,512,GW240525_031210-v1-H1-qscan,GW240525_031210,0.8212857246398926,1,0.82128572,23.048799999742187
attention@512,attention,512,GW240525_031210-v1-L1-qscan,GW240525_031210,0.8487526774406433,1,0.84875268,21.331500000087544
attention@512,attention,512,GW240525_031210-v1-V1-qscan,GW240525_031210,0.0,0,,20.06859999983135
attention@512,attention,512,GW240525_201644-v1-H1-qscan,GW240525_201644,0.0,0,,21.659400000316964
attention@512,attention,512,GW240525_201644-v1-L1-qscan,GW240525_201644,0.0,0,,23.59219999925699
attention@512,attention,512,GW240525_201644-v1-V1-qscan,GW240525_201644,0.0,0,,24.40019999994547
attention@512,attention,512,GW240526_093944-v1-H1-qscan,GW240526_093944,0.028848374262452126,4,0.02884837;0.02670570;0.01528353;0.01268023,24.13460000025225
attention@512,attention,512,GW240526_093944-v1-L1-qscan,GW240526_093944,0.0,0,,22.96169999954145
attention@512,attention,512,GW240526_093944-v1-V1-qscan,GW240526_093944,0.0,0,,20.244600000296487
attention@512,attention,512,GW240527_150907-v1-H1-qscan,GW240527_150907,0.0,0,,19.453999999313965
attention@512,attention,512,GW240527_150907-v1-L1-qscan,GW240527_150907,0.0,0,,23.756200000207173
attention@512,attention,512,GW240527_150907-v1-V1-qscan,GW240527_150907,0.0,0,,23.258999999598018
attention@512,attention,512,GW240527_183429-v1-H1-qscan,GW240527_183429,0.7463175654411316,1,0.74631757,23.408899999594723
attention@512,attention,512,GW240527_183429-v1-L1-qscan,GW240527_183429,0.16270478069782257,2,0.16270478;0.10718150,24.60979999978008
attention@512,attention,512,GW240527_183429-v1-V1-qscan,GW240527_183429,0.0,0,,23.64880000004632
attention@512,attention,512,GW240527_230910-v1-H1-qscan,GW240527_230910,0.6347565054893494,2,0.63475651;0.01336369,19.738699999834353
attention@512,attention,512,GW240527_230910-v1-L1-qscan,GW240527_230910,0.01556507870554924,1,0.01556508,20.080000000234577
attention@512,attention,512,GW240527_230910-v1-V1-qscan,GW240527_230910,0.0,0,,23.507199999585282
attention@512,attention,512,GW240530_012417-v1-H1-qscan,GW240530_012417,0.04715747758746147,2,0.04715748;0.04499395,23.489600000175415
attention@512,attention,512,GW240530_012417-v1-L1-qscan,GW240530_012417,0.6077558398246765,2,0.60775584;0.01336962,24.658599999384023
attention@512,attention,512,GW240530_012417-v1-V1-qscan,GW240530_012417,0.0,0,,23.600399999850197
attention@512,attention,512,GW240531_040326-v1-H1-qscan,GW240531_040326,0.10013598948717117,5,0.10013599;0.04230935;0.03366951;0.01257457;0.01111052,23.124299999835785
attention@512,attention,512,GW240531_040326-v1-L1-qscan,GW240531_040326,0.0,0,,24.489700000231096
attention@512,attention,512,GW240531_040326-v1-V1-qscan,GW240531_040326,0.0,0,,24.91379999992205
attention@512,attention,512,GW240531_075248-v1-H1-qscan,GW240531_075248,0.0,0,,20.272100000511273
attention@512,attention,512,GW240531_075248-v1-L1-qscan,GW240531_075248,0.9356613159179688,1,0.93566132,20.356900000479072
attention@512,attention,512,GW240531_075248-v1-V1-qscan,GW240531_075248,0.0,0,,21.425099999760278
attention@512,attention,512,GW240601_061200-v1-H1-qscan,GW240601_061200,0.2484777271747589,1,0.24847773,22.99270000003162
attention@512,attention,512,GW240601_061200-v1-L1-qscan,GW240601_061200,0.08252596110105515,2,0.08252596;0.05897847,23.359099999652244
attention@512,attention,512,GW240601_061200-v1-V1-qscan,GW240601_061200,0.0,0,,22.844199999781267
attention@512,attention,512,GW240601_231004-v1-H1-qscan,GW240601_231004,0.0,0,,23.14369999930932
attention@512,attention,512,GW240601_231004-v1-L1-qscan,GW240601_231004,0.0,0,,24.58109999952285
attention@512,attention,512,GW240601_231004-v1-V1-qscan,GW240601_231004,0.01641484536230564,1,0.01641485,20.058099999914702
attention@512,attention,512,GW240611_214835-v1-L1-qscan,GW240611_214835,0.16408662497997284,2,0.16408662;0.01006337,19.78560000043217
attention@512,attention,512,GW240611_214835-v1-V1-qscan,GW240611_214835,0.0,0,,24.264499999844702
attention@512,attention,512,GW240612_081540-v1-H1-qscan,GW240612_081540,0.34364044666290283,1,0.34364045,24.29550000033487
attention@512,attention,512,GW240612_081540-v1-L1-qscan,GW240612_081540,0.0,0,,23.90209999975923
attention@512,attention,512,GW240612_081540-v1-V1-qscan,GW240612_081540,0.0,0,,23.307400000703637
attention@512,attention,512,GW240613_011503-v1-H1-qscan,GW240613_011503,0.0,0,,23.8376999996035
attention@512,attention,512,GW240613_011503-v1-L1-qscan,GW240613_011503,0.022529788315296173,1,0.02252979,22.437199999330915
attention@512,attention,512,GW240613_011503-v1-V1-qscan,GW240613_011503,0.0,0,,20.73480000035488
attention@512,attention,512,GW240615_113620-v1-H1-qscan,GW240615_113620,0.9056445956230164,1,0.90564460,20.614500000192493
attention@512,attention,512,GW240615_113620-v1-L1-qscan,GW240615_113620,0.8787767887115479,1,0.87877679,25.199800000336836
attention@512,attention,512,GW240615_113620-v1-V1-qscan,GW240615_113620,0.0,0,,23.06399999997666
attention@512,attention,512,GW240615_160735-v1-H1-qscan,GW240615_160735,0.6893768906593323,4,0.68937689;0.11421426;0.09815025;0.03113064,23.47009999994043
attention@512,attention,512,GW240615_160735-v1-L1-qscan,GW240615_160735,0.7712205052375793,3,0.77122051;0.15970570;0.04428059,23.074300000189396
attention@512,attention,512,GW240615_160735-v1-V1-qscan,GW240615_160735,0.0,0,,24.55850000023929
attention@512,attention,512,GW240618_071627-v1-H1-qscan,GW240618_071627,0.5099977254867554,2,0.50999773;0.01563962,23.979700000381854
attention@512,attention,512,GW240618_071627-v1-L1-qscan,GW240618_071627,0.16986657679080963,1,0.16986658,24.10559999952966
attention@512,attention,512,GW240619_044535-v1-H1-qscan,GW240619_044535,0.045324817299842834,2,0.04532482;0.02140491,23.274600000149803
attention@512,attention,512,GW240619_044535-v1-L1-qscan,GW240619_044535,0.0,0,,20.529099999293976
attention@512,attention,512,GW240619_044535-v1-V1-qscan,GW240619_044535,0.0,0,,20.057400000041525
attention@512,attention,512,GW240619_212357-v1-H1-qscan,GW240619_212357,0.9163699150085449,1,0.91636992,24.11579999989044
attention@512,attention,512,GW240619_212357-v1-L1-qscan,GW240619_212357,0.0,0,,23.250600000210397
attention@512,attention,512,GW240619_212357-v1-V1-qscan,GW240619_212357,0.01099347323179245,1,0.01099347,24.002199999813456
attention@512,attention,512,GW240620_094631-v1-H1-qscan,GW240620_094631,0.0,0,,24.647600000207603
attention@512,attention,512,GW240620_094631-v1-L1-qscan,GW240620_094631,0.0,0,,24.788500000795466
attention@512,attention,512,GW240620_094631-v1-V1-qscan,GW240620_094631,0.0,0,,24.14649999991525
attention@512,attention,512,GW240621_103457-v1-H1-qscan,GW240621_103457,0.010114869102835655,1,0.01011487,22.759899999982736
attention@512,attention,512,GW240621_103457-v1-L1-qscan,GW240621_103457,0.0,0,,20.24280000023282
attention@512,attention,512,GW240621_103457-v1-V1-qscan,GW240621_103457,0.0556802935898304,3,0.05568029;0.04481734;0.02307263,19.30279999942286
attention@512,attention,512,GW240621_195059-v1-H1-qscan,GW240621_195059,0.916109025478363,3,0.91610903;0.03318769;0.01942793,24.042999999437598
attention@512,attention,512,GW240621_195059-v1-L1-qscan,GW240621_195059,0.8939172625541687,1,0.89391726,23.395399999571964
attention@512,attention,512,GW240621_195059-v1-V1-qscan,GW240621_195059,0.16544513404369354,2,0.16544513;0.07948216,24.53479999985575
attention@512,attention,512,GW240621_200935-v1-H1-qscan,GW240621_200935,0.368856281042099,3,0.36885628;0.34540039;0.01021844,24.41099999941798
attention@512,attention,512,GW240621_200935-v1-L1-qscan,GW240621_200935,0.23812517523765564,3,0.23812518;0.06732346;0.04689040,25.481399999989662
attention@512,attention,512,GW240621_200935-v1-V1-qscan,GW240621_200935,0.0,0,,23.955700000442448
attention@512,attention,512,GW240621_214041-v1-H1-qscan,GW240621_214041,0.016202643513679504,1,0.01620264,24.484600000505452
attention@512,attention,512,GW240621_214041-v1-L1-qscan,GW240621_214041,0.43505725264549255,4,0.43505725;0.24061680;0.02347496;0.01813299,24.62439999999333
attention@512,attention,512,GW240621_214041-v1-V1-qscan,GW240621_214041,0.0,0,,21.64360000006127
attention@512,attention,512,GW240622_004008-v1-H1-qscan,GW240622_004008,0.5842347741127014,3,0.58423477;0.04977060;0.02390905,21.047600000201783
attention@512,attention,512,GW240622_004008-v1-L1-qscan,GW240622_004008,0.6700000166893005,3,0.67000002;0.52634645;0.02812936,19.10760000009759
attention@512,attention,512,GW240622_004008-v1-V1-qscan,GW240622_004008,0.0,0,,24.012700000639597
attention@512,attention,512,GW240625_073331-v1-H1-qscan,GW240625_073331,0.011324816383421421,1,0.01132482,24.105499999677704
attention@512,attention,512,GW240625_073331-v1-L1-qscan,GW240625_073331,0.0,0,,23.59100000012404
attention@512,attention,512,GW240627_131622-v1-H1-qscan,GW240627_131622,0.037240371108055115,6,0.03724037;0.02248641;0.01666298;0.01657822;0.01630098;0.01336225,23.172999999587773
attention@512,attention,512,GW240627_131622-v1-L1-qscan,GW240627_131622,0.017008086666464806,2,0.01700809;0.01463116,24.437500000203727
attention@512,attention,512,GW240627_131622-v1-V1-qscan,GW240627_131622,0.0,0,,22.50350000031176
attention@512,attention,512,GW240629_145256-v1-H1-qscan,GW240629_145256,0.058842193335294724,2,0.05884219;0.03185793,20.117000000027474
attention@512,attention,512,GW240629_145256-v1-L1-qscan,GW240629_145256,0.6841906905174255,1,0.68419069,19.89690000027622
attention@512,attention,512,GW240629_145256-v1-V1-qscan,GW240629_145256,0.014275779947638512,1,0.01427578,23.96469999985129
attention@512,attention,512,GW240630_101703-v1-H1-qscan,GW240630_101703,0.8417850136756897,4,0.84178501;0.24367952;0.02538649;0.02336467,23.288899999897694
attention@512,attention,512,GW240630_101703-v1-V1-qscan,GW240630_101703,0.0,0,,24.169000000256347
attention@512,attention,512,GW240630_115348-v1-H1-qscan,GW240630_115348,0.3368915617465973,5,0.33689156;0.20227441;0.09691589;0.07670305;0.02158320,24.367300000449177
attention@512,attention,512,GW240630_115348-v1-L1-qscan,GW240630_115348,0.44452640414237976,2,0.44452640;0.03789305,23.06600000065373
attention@512,attention,512,GW240630_115348-v1-V1-qscan,GW240630_115348,0.04629514366388321,2,0.04629514;0.02857409,25.06439999979193
attention@512,attention,512,GW240630_212937-v1-H1-qscan,GW240630_212937,0.16748172044754028,4,0.16748172;0.02481738;0.01998135;0.01132170,20.960299999387644
attention@512,attention,512,GW240630_212937-v1-L1-qscan,GW240630_212937,0.0,0,,20.47889999994368
attention@512,attention,512,GW240630_212937-v1-V1-qscan,GW240630_212937,0.0,0,,19.17180000054941
attention@512,attention,512,GW240701_011640-v1-H1-qscan,GW240701_011640,0.7040413022041321,1,0.70404130,23.181599999588798
attention@512,attention,512,GW240701_011640-v1-L1-qscan,GW240701_011640,0.012401584535837173,1,0.01240158,24.6871999997893
attention@512,attention,512,GW240701_011640-v1-V1-qscan,GW240701_011640,0.0,0,,23.867900000368536
attention@512,attention,512,GW240701_013826-v1-H1-qscan,GW240701_013826,0.0,0,,24.11149999988993
attention@512,attention,512,GW240701_013826-v1-L1-qscan,GW240701_013826,0.0,0,,24.578000000474276
attention@512,attention,512,GW240701_013826-v1-V1-qscan,GW240701_013826,0.0,0,,20.54779999980383
attention@512,attention,512,GW240701_203807-v1-H1-qscan,GW240701_203807,0.0,0,,19.80829999956768
attention@512,attention,512,GW240701_203807-v1-L1-qscan,GW240701_203807,0.0,0,,24.009000000660308
attention@512,attention,512,GW240701_203807-v1-V1-qscan,GW240701_203807,0.0,0,,23.241100000632287
attention@512,attention,512,GW240703_191355-v1-L1-qscan,GW240703_191355,0.5815886855125427,3,0.58158869;0.02697900;0.02657086,23.376499999358202
attention@512,attention,512,GW240703_191355-v1-V1-qscan,GW240703_191355,0.0,0,,25.018500000442145
attention@512,attention,512,GW240705_053215-v1-H1-qscan,GW240705_053215,0.9545941948890686,1,0.95459419,24.576199999501114
attention@512,attention,512,GW240705_053215-v1-L1-qscan,GW240705_053215,0.08418814092874527,2,0.08418814;0.01310998,24.064399999588204
attention@512,attention,512,GW240705_053215-v1-V1-qscan,GW240705_053215,0.0,0,,24.200299999392882
attention@512,attention,512,GW240716_034900-v1-L1-qscan,GW240716_034900,0.9388459324836731,1,0.93884593,19.535999999789055
attention@512,attention,512,GW240716_034900-v1-V1-qscan,GW240716_034900,0.0,0,,19.61459999984072
attention@512,attention,512,GW240806_043539-v1-L1-qscan,GW240806_043539,0.0,0,,21.829000000252563
attention@512,attention,512,GW240806_043539-v1-V1-qscan,GW240806_043539,0.0,0,,23.740499999803433
attention@512,attention,512,GW240807_214559-v1-L1-qscan,GW240807_214559,0.0,0,,23.859299999458017
attention@512,attention,512,GW240807_214559-v1-V1-qscan,GW240807_214559,0.0,0,,23.333899999670393
attention@512,attention,512,GW240813_034548-v1-L1-qscan,GW240813_034548,0.0,0,,22.226900000532623
attention@512,attention,512,GW240813_034548-v1-V1-qscan,GW240813_034548,0.0,0,,20.021299999825715
attention@512,attention,512,GW240814_145043-v1-L1-qscan,GW240814_145043,0.04351108893752098,2,0.04351109;0.03029230,19.69050000025163
attention@512,attention,512,GW240814_145043-v1-V1-qscan,GW240814_145043,0.0,0,,24.27629999965575
attention@512,attention,512,GW240824_205609-v1-H1-qscan,GW240824_205609,0.24163545668125153,2,0.24163546;0.06269550,23.99559999958001
attention@512,attention,512,GW240824_205609-v1-L1-qscan,GW240824_205609,0.0,0,,24.35239999977057
attention@512,attention,512,GW240824_205609-v1-V1-qscan,GW240824_205609,0.019947446882724762,1,0.01994745,25.336300000162737
attention@512,attention,512,GW240825_055146-v1-H1-qscan,GW240825_055146,0.18457524478435516,4,0.18457524;0.06318308;0.05807100;0.01134773,22.998399999778485
attention@512,attention,512,GW240825_055146-v1-L1-qscan,GW240825_055146,0.1308276504278183,2,0.13082765;0.03937320,19.507400000293273
attention@512,attention,512,GW240825_055146-v1-V1-qscan,GW240825_055146,0.0,0,,20.640899999307294
attention@512,attention,512,GW240828_102340-v1-H1-qscan,GW240828_102340,0.0,0,,20.958099999916158
attention@512,attention,512,GW240828_102340-v1-L1-qscan,GW240828_102340,0.012039999477565289,1,0.01204000,23.86890000070707
attention@512,attention,512,GW240828_102340-v1-V1-qscan,GW240828_102340,0.0,0,,23.135399999773654
attention@512,attention,512,GW240830_211120-v1-H1-qscan,GW240830_211120,0.0,0,,24.779800000032992
attention@512,attention,512,GW240830_211120-v1-L1-qscan,GW240830_211120,0.315684050321579,5,0.31568405;0.01804436;0.01752659;0.01300535;0.01129314,24.840299999596027
attention@512,attention,512,GW240830_211120-v1-V1-qscan,GW240830_211120,0.0,0,,25.179999999636493
attention@512,attention,512,GW240901_195332-v1-H1-qscan,GW240901_195332,0.0,0,,24.39589999994496
attention@512,attention,512,GW240901_195332-v1-L1-qscan,GW240901_195332,0.0,0,,24.367699999856995
attention@512,attention,512,GW240901_195332-v1-V1-qscan,GW240901_195332,0.029483875259757042,2,0.02948388;0.01502175,21.3807000000088
attention@512,attention,512,GW240902_143306-v1-H1-qscan,GW240902_143306,0.8234328031539917,3,0.82343280;0.24458733;0.01028776,20.325599999523547
attention@512,attention,512,GW240902_143306-v1-L1-qscan,GW240902_143306,0.08116855472326279,2,0.08116855;0.01385968,19.38140000038402
attention@512,attention,512,GW240902_143306-v1-V1-qscan,GW240902_143306,0.0,0,,29.765799999950104
attention@512,attention,512,GW240907_092521-v1-H1-qscan,GW240907_092521,0.590106725692749,1,0.59010673,24.389899999732734
attention@512,attention,512,GW240907_092521-v1-L1-qscan,GW240907_092521,0.0,0,,23.224999999911233
attention@512,attention,512,GW240907_092521-v1-V1-qscan,GW240907_092521,0.0,0,,22.752699999728065
attention@512,attention,512,GW240907_121650-v1-H1-qscan,GW240907_121650,0.013374664820730686,1,0.01337466,23.468100000172853
attention@512,attention,512,GW240907_121650-v1-L1-qscan,GW240907_121650,0.014024559408426285,1,0.01402456,25.244499999644177
attention@512,attention,512,GW240907_121650-v1-V1-qscan,GW240907_121650,0.17706570029258728,2,0.17706570;0.05277596,22.144399999888265
attention@512,attention,512,GW240907_153833-v1-H1-qscan,GW240907_153833,0.07847617566585541,2,0.07847618;0.03837832,20.488699999987148
attention@512,attention,512,GW240907_153833-v1-L1-qscan,GW240907_153833,0.0487574078142643,2,0.04875741;0.03254371,20.180500000606116
attention@512,attention,512,GW240907_153833-v1-V1-qscan,GW240907_153833,0.42904505133628845,1,0.42904505,21.798800000397023
attention@512,attention,512,GW240908_082628-v1-H1-qscan,GW240908_082628,0.13748818635940552,2,0.13748819;0.09746528,23.05869999963761
attention@512,attention,512,GW240908_082628-v1-L1-qscan,GW240908_082628,0.25522834062576294,4,0.25522834;0.02217185;0.01693649;0.01548208,23.512200000368466
attention@512,attention,512,GW240908_082628-v1-V1-qscan,GW240908_082628,0.0,0,,24.279300000671356
attention@512,attention,512,GW240908_125134-v1-H1-qscan,GW240908_125134,0.0,0,,23.019600000225182
attention@512,attention,512,GW240908_125134-v1-L1-qscan,GW240908_125134,0.0,0,,23.632599999473314
attention@512,attention,512,GW240908_125134-v1-V1-qscan,GW240908_125134,0.0,0,,19.436199999290693
attention@512,attention,512,GW240908_174149-v1-H1-qscan,GW240908_174149,0.0,0,,20.713599999908183
attention@512,attention,512,GW240908_174149-v1-L1-qscan,GW240908_174149,0.0,0,,23.43589999964024
attention@512,attention,512,GW240908_174149-v1-V1-qscan,GW240908_174149,0.0,0,,23.003900000730937
attention@512,attention,512,GW240910_103535-v1-H1-qscan,GW240910_103535,0.13040514290332794,3,0.13040514;0.07118618;0.01229301,23.058300000229792
attention@512,attention,512,GW240910_103535-v1-L1-qscan,GW240910_103535,0.20557531714439392,3,0.20557532;0.04312603;0.04268943,23.80780000021332
attention@512,attention,512,GW240913_111216-v1-H1-qscan,GW240913_111216,0.023052453994750977,3,0.02305245;0.01472983;0.01397285,24.557100000492937
attention@512,attention,512,GW240913_111216-v1-L1-qscan,GW240913_111216,0.0,0,,24.772499999926367
attention@512,attention,512,GW240913_111216-v1-V1-qscan,GW240913_111216,0.0,0,,24.48759999970207
attention@512,attention,512,GW240915_001357-v1-H1-qscan,GW240915_001357,0.06449391692876816,6,0.06449392;0.04131996;0.03658702;0.02800009;0.01670944;0.01226065,23.82300000044779
attention@512,attention,512,GW240915_001357-v1-L1-qscan,GW240915_001357,0.9133065342903137,2,0.91330653;0.01219480,21.879899999476038
attention@512,attention,512,GW240915_001357-v1-V1-qscan,GW240915_001357,0.0,0,,20.923000000038883
attention@512,attention,512,GW240915_045510-v1-H1-qscan,GW240915_045510,0.08660339564085007,4,0.08660340;0.05262932;0.02306750;0.01072182,19.613200000094366
attention@512,attention,512,GW240915_045510-v1-L1-qscan,GW240915_045510,0.0,0,,22.972499999923457
attention@512,attention,512,GW240915_045510-v1-V1-qscan,GW240915_045510,0.24352295696735382,2,0.24352296;0.03501181,24.661299999934272
attention@512,attention,512,GW240915_105151-v1-H1-qscan,GW240915_105151,0.7891892194747925,1,0.78918922,24.53270000023622
attention@512,attention,512,GW240915_105151-v1-V1-qscan,GW240915_105151,0.0,0,,24.179699999876902
attention@512,attention,512,GW240916_184352-v1-H1-qscan,GW240916_184352,0.0,0,,24.91710000049352
attention@512,attention,512,GW240916_184352-v1-L1-qscan,GW240916_184352,0.0,0,,23.038799999994808
attention@512,attention,512,GW240916_184352-v1-V1-qscan,GW240916_184352,0.0,0,,20.606000000043423
attention@512,attention,512,GW240917_130237-v1-H1-qscan,GW240917_130237,0.0,0,,20.267200000489538
attention@512,attention,512,GW240917_130237-v1-L1-qscan,GW240917_130237,0.0,0,,23.97090000067692
attention@512,attention,512,GW240919_061559-v1-H1-qscan,GW240919_061559,0.6352226734161377,2,0.63522267;0.09964783,23.687900000368245
attention@512,attention,512,GW240919_061559-v1-L1-qscan,GW240919_061559,0.6450489163398743,3,0.64504892;0.12911175;0.06611093,22.916599999916798
attention@512,attention,512,GW240919_061559-v1-V1-qscan,GW240919_061559,0.9359680414199829,2,0.93596804;0.15478349,24.45629999965604
attention@512,attention,512,GW240919_215453-v1-H1-qscan,GW240919_215453,0.0,0,,23.579599999720813
attention@512,attention,512,GW240919_215453-v1-L1-qscan,GW240919_215453,0.5849242210388184,3,0.58492422;0.01621072;0.01423389,24.20780000011291
attention@512,attention,512,GW240919_215453-v1-V1-qscan,GW240919_215453,0.0,0,,20.421499999429216
attention@512,attention,512,GW240920_073424-v1-H1-qscan,GW240920_073424,0.7435839176177979,1,0.74358392,20.389499999510008
attention@512,attention,512,GW240920_073424-v1-L1-qscan,GW240920_073424,0.49030032753944397,7,0.49030033;0.18036820;0.17035691;0.10172283;0.02637670;0.02371830;0.02266938,24.083100000098057
attention@512,attention,512,GW240920_073424-v1-V1-qscan,GW240920_073424,0.0,0,,24.568799999542534
attention@512,attention,512,GW240920_124024-v1-H1-qscan,GW240920_124024,0.8560079336166382,2,0.85600793;0.03384865,22.98759999939648
attention@512,attention,512,GW240920_124024-v1-L1-qscan,GW240920_124024,0.9094507098197937,1,0.90945071,24.297099999785132
attention@512,attention,512,GW240921_201835-v1-L1-qscan,GW240921_201835,0.6652357578277588,2,0.66523576;0.01618907,24.03779999986
attention@512,attention,512,GW240921_201835-v1-V1-qscan,GW240921_201835,0.0,0,,24.32900000076188
attention@512,attention,512,GW240922_142106-v1-H1-qscan,GW240922_142106,0.18418700993061066,4,0.18418701;0.12778215;0.02316677;0.01176379,24.526800000785443
attention@512,attention,512,GW240922_142106-v1-L1-qscan,GW240922_142106,0.5292909741401672,1,0.52929097,22.641000000476197
attention@512,attention,512,GW240922_142106-v1-V1-qscan,GW240922_142106,0.0,0,,20.555199999762408
attention@512,attention,512,GW240923_000715-v1-H1-qscan,GW240923_000715,0.0,0,,20.32560000043304
attention@512,attention,512,GW240923_000715-v1-L1-qscan,GW240923_000715,0.0,0,,23.306299999603652
attention@512,attention,512,GW240923_000715-v1-V1-qscan,GW240923_000715,0.011837436817586422,1,0.01183744,24.106400000164285
attention@512,attention,512,GW240923_110846-v1-H1-qscan,GW240923_110846,0.5875797271728516,5,0.58757973;0.37102136;0.28546959;0.04010597;0.02681945,24.28299999974115
attention@512,attention,512,GW240923_204006-v1-H1-qscan,GW240923_204006,0.6794514656066895,1,0.67945147,24.170800000320014
attention@512,attention,512,GW240923_204006-v1-L1-qscan,GW240923_204006,0.9100292921066284,2,0.91002929;0.02273876,24.560699999710778
attention@512,attention,512,GW240924_000316-v1-H1-qscan,GW240924_000316,0.45446574687957764,2,0.45446575;0.02159724,24.987400000100024
attention@512,attention,512,GW240924_000316-v1-L1-qscan,GW240924_000316,0.28995388746261597,1,0.28995389,24.79440000024624
attention@512,attention,512,GW240924_000316-v1-V1-qscan,GW240924_000316,0.0,0,,24.58759999990434
attention@512,attention,512,GW240925_000956-v1-H1-qscan,GW240925_000956,0.0,0,,23.571600000650506
attention@512,attention,512,GW240925_000956-v1-L1-qscan,GW240925_000956,0.0,0,,20.15320000009524
attention@512,attention,512,GW240925_000956-v1-V1-qscan,GW240925_000956,0.05545888468623161,4,0.05545888;0.03006828;0.02136981;0.01801726,19.400000000132422
attention@512,attention,512,GW240925_005809-v2-H1-qscan,GW240925_005809,0.33341798186302185,4,0.33341798;0.09568092;0.03200512;0.01960902,23.75529999972059
attention@512,attention,512,GW240925_005809-v2-L1-qscan,GW240925_005809,0.8336487412452698,2,0.83364874;0.01106219,24.72840000064025
attention@512,attention,512,GW240925_005809-v2-V1-qscan,GW240925_005809,0.0,0,,24.48850000018865
attention@512,attention,512,GW240930_035959-v1-H1-qscan,GW240930_035959,0.8857408761978149,2,0.88574088;0.08041383,24.29070000016509
attention@512,attention,512,GW240930_035959-v1-L1-qscan,GW240930_035959,0.5040557980537415,5,0.50405580;0.09605864;0.02586269;0.01883503;0.01198087,23.754400000143505
attention@512,attention,512,GW240930_035959-v1-V1-qscan,GW240930_035959,0.0,0,,23.88710000013816
attention@512,attention,512,GW240930_123408-v1-H1-qscan,GW240930_123408,0.7149982452392578,2,0.71499825;0.02404122,21.184100000027684
attention@512,attention,512,GW240930_123408-v1-L1-qscan,GW240930_123408,0.0,0,,20.219799999722454
attention@512,attention,512,GW240930_123408-v1-V1-qscan,GW240930_123408,0.0,0,,19.491500000185624
attention@512,attention,512,GW240930_234614-v1-H1-qscan,GW240930_234614,0.0,0,,25.251899999602756
attention@512,attention,512,GW240930_234614-v1-L1-qscan,GW240930_234614,0.6412754058837891,3,0.64127541;0.24475884;0.14661016,24.53330000025744
attention@512,attention,512,GW240930_234614-v1-V1-qscan,GW240930_234614,0.0,0,,22.978100000727864
attention@512,attention,512,GW241002_030559-v1-L1-qscan,GW241002_030559,0.20489919185638428,3,0.20489919;0.08522137;0.01438685,24.570000000494474
attention@512,attention,512,GW241002_030559-v1-V1-qscan,GW241002_030559,0.04070410504937172,2,0.04070411;0.01939183,24.49819999947067
attention@512,attention,512,GW241006_015333-v1-H1-qscan,GW241006_015333,0.777026355266571,3,0.77702636;0.23811358;0.08063594,24.091199999929813
attention@512,attention,512,GW241006_015333-v1-L1-qscan,GW241006_015333,0.6637410521507263,2,0.66374105;0.10191584,20.185700000183715
attention@512,attention,512,GW241006_015333-v1-V1-qscan,GW241006_015333,0.02235926128923893,1,0.02235926,19.884000000274682
attention@512,attention,512,GW241007_082943-v1-H1-qscan,GW241007_082943,0.7920434474945068,2,0.79204345;0.07592647,20.211699999890698
attention@512,attention,512,GW241007_082943-v1-L1-qscan,GW241007_082943,0.0,0,,22.80700000028446
attention@512,attention,512,GW241007_082943-v1-V1-qscan,GW241007_082943,0.0,0,,23.541100000329607
attention@512,attention,512,GW241009_022835-v1-H1-qscan,GW241009_022835,0.0,0,,23.619599999619822
attention@512,attention,512,GW241009_022835-v1-L1-qscan,GW241009_022835,0.043715350329875946,5,0.04371535;0.03127095;0.02037480;0.01856053;0.01513658,22.907000000486732
attention@512,attention,512,GW241009_022835-v1-V1-qscan,GW241009_022835,0.0,0,,23.371700000097917
attention@512,attention,512,GW241009_084816-v1-H1-qscan,GW241009_084816,0.8485941886901855,1,0.84859419,20.531199999823002
attention@512,attention,512,GW241009_084816-v1-L1-qscan,GW241009_084816,0.07739067077636719,1,0.07739067,19.755599999371043
attention@512,attention,512,GW241009_084816-v1-V1-qscan,GW241009_084816,0.0,0,,24.551599999540485
attention@512,attention,512,GW241009_220455-v1-H1-qscan,GW241009_220455,0.3699641823768616,6,0.36996418;0.21269390;0.10106293;0.03143962;0.01268059;0.01004412,23.903499999505584
attention@512,attention,512,GW241009_220455-v1-L1-qscan,GW241009_220455,0.12641502916812897,3,0.12641503;0.06003221;0.01807723,24.790600000414997
attention@512,attention,512,GW241009_220455-v1-V1-qscan,GW241009_220455,0.10617778450250626,1,0.10617778,23.424899999554327
attention@512,attention,512,GW241011_233834-v2-H1-qscan,GW241011_233834,0.9364830851554871,1,0.93648309,24.718900000152644
attention@512,attention,512,GW241011_233834-v2-V1-qscan,GW241011_233834,0.12026562541723251,3,0.12026563;0.10446464;0.09581245,24.57440000034694
attention@512,attention,512,GW241018_235402-v1-H1-qscan,GW241018_235402,0.8283866047859192,1,0.82838660,25.48430000024382
attention@512,attention,512,GW241018_235402-v1-V1-qscan,GW241018_235402,0.0,0,,23.91669999997248
attention@512,attention,512,GW241101_034726-v1-H1-qscan,GW241101_034726,0.0,0,,25.48789999946166
attention@512,attention,512,GW241101_034726-v1-L1-qscan,GW241101_034726,0.034332532435655594,5,0.03433253;0.01328383;0.01230812;0.01052582;0.01051787,24.129399999765155
attention@512,attention,512,GW241101_034726-v1-V1-qscan,GW241101_034726,0.07693696022033691,2,0.07693696;0.06337738,24.53460000015184
attention@512,attention,512,GW241101_220523-v1-L1-qscan,GW241101_220523,0.6376779675483704,4,0.63767797;0.18972436;0.18911199;0.02248656,24.580100000093807
attention@512,attention,512,GW241101_220523-v1-V1-qscan,GW241101_220523,0.0,0,,20.51759999994829
attention@512,attention,512,GW241102_124058-v1-H1-qscan,GW241102_124058,0.8135547041893005,4,0.81355470;0.04402924;0.03212847;0.01661145,19.714399999429588
attention@512,attention,512,GW241102_124058-v1-L1-qscan,GW241102_124058,0.810748279094696,1,0.81074828,23.38899999995192
attention@512,attention,512,GW241102_124058-v1-V1-qscan,GW241102_124058,0.0,0,,24.779899999884947
attention@512,attention,512,GW241102_144729-v1-H1-qscan,GW241102_144729,0.6782160997390747,3,0.67821610;0.06319541;0.01479459,24.0059999996447
attention@512,attention,512,GW241102_144729-v1-L1-qscan,GW241102_144729,0.9050049185752869,1,0.90500492,23.957100000188802
attention@512,attention,512,GW241102_144729-v1-V1-qscan,GW241102_144729,0.0,0,,25.646999999480613
attention@512,attention,512,GW241106_110932-v1-H1-qscan,GW241106_110932,0.0,0,,23.602499999469728
attention@512,attention,512,GW241106_110932-v1-L1-qscan,GW241106_110932,0.012013665400445461,1,0.01201367,20.715199999358447
attention@512,attention,512,GW241106_110932-v1-V1-qscan,GW241106_110932,0.0,0,,19.715399999768124
attention@512,attention,512,GW241109_005349-v1-H1-qscan,GW241109_005349,0.0,0,,21.714100000281178
attention@512,attention,512,GW241109_005349-v1-L1-qscan,GW241109_005349,0.0,0,,23.80910000010772
attention@512,attention,512,GW241109_033317-v1-L1-qscan,GW241109_033317,0.1079159677028656,2,0.10791597;0.01527014,23.890899999969406
attention@512,attention,512,GW241109_033317-v1-V1-qscan,GW241109_033317,0.0,0,,24.240100000497478
attention@512,attention,512,GW241109_115924-v1-H1-qscan,GW241109_115924,0.12044365704059601,4,0.12044366;0.04344367;0.01650976;0.01347608,24.50790000057168
attention@512,attention,512,GW241109_115924-v1-V1-qscan,GW241109_115924,0.0,0,,24.693300000762974
attention@512,attention,512,GW241110_124123-v2-H1-qscan,GW241110_124123,0.3446637988090515,5,0.34466380;0.24481541;0.09460588;0.07961389;0.01185868,25.865499999781605
attention@512,attention,512,GW241110_124123-v2-L1-qscan,GW241110_124123,0.19587339460849762,3,0.19587339;0.10861946;0.01313609,25.170100000650564
attention@512,attention,512,GW241110_124123-v2-V1-qscan,GW241110_124123,0.05131792277097702,2,0.05131792;0.01229852,25.376099999448343
attention@512,attention,512,GW241111_111552-v1-H1-qscan,GW241111_111552,0.8875761032104492,1,0.88757610,23.17700000003242
attention@512,attention,512,GW241111_111552-v1-L1-qscan,GW241111_111552,0.0,0,,20.728200000121433
attention@512,attention,512,GW241113_163507-v1-L1-qscan,GW241113_163507,0.2666776776313782,4,0.26667768;0.19547160;0.03137846;0.02963549,20.26449999993929
attention@512,attention,512,GW241113_163507-v1-V1-qscan,GW241113_163507,0.0,0,,23.951799999849754
attention@512,attention,512,GW241114_024711-v1-H1-qscan,GW241114_024711,0.7775155305862427,2,0.77751553;0.02314963,25.009699999827717
attention@512,attention,512,GW241114_024711-v1-L1-qscan,GW241114_024711,0.17446568608283997,2,0.17446569;0.03408593,24.290800000017043
attention@512,attention,512,GW241114_024711-v1-V1-qscan,GW241114_024711,0.0,0,,23.84319999964646
attention@512,attention,512,GW241114_235258-v1-L1-qscan,GW241114_235258,0.0179134514182806,2,0.01791345;0.01083375,24.751699999796983
attention@512,attention,512,GW241114_235258-v1-V1-qscan,GW241114_235258,0.0,0,,24.024199999985285
attention@512,attention,512,GW241116_151753-v1-H1-qscan,GW241116_151753,0.16935965418815613,3,0.16935965;0.08469455;0.01155763,23.367899999357178
attention@512,attention,512,GW241116_151753-v1-L1-qscan,GW241116_151753,0.04114952310919762,1,0.04114952,26.663799999369076
attention@512,attention,512,GW241116_151753-v1-V1-qscan,GW241116_151753,0.0,0,,25.2450999996654
attention@512,attention,512,GW241124_024914-v1-H1-qscan,GW241124_024914,0.9237245917320251,1,0.92372459,20.581799999490613
attention@512,attention,512,GW241124_024914-v1-L1-qscan,GW241124_024914,0.4042986333370209,3,0.40429863;0.25485182;0.07472730,20.51980000032927
attention@512,attention,512,GW241124_024914-v1-V1-qscan,GW241124_024914,0.0,0,,19.548399999621324
attention@512,attention,512,GW241125_010116-v1-H1-qscan,GW241125_010116,0.05224315822124481,2,0.05224316;0.01612797,22.638200000073994
attention@512,attention,512,GW241125_010116-v1-L1-qscan,GW241125_010116,0.7981618642807007,1,0.79816186,24.5998000000327
attention@512,attention,512,GW241125_010116-v1-V1-qscan,GW241125_010116,0.0,0,,24.801799999295326
attention@512,attention,512,GW241127_061008-v1-H1-qscan,GW241127_061008,0.6713822484016418,3,0.67138225;0.57764292;0.01732391,24.02890000030311
attention@512,attention,512,GW241127_061008-v1-L1-qscan,GW241127_061008,0.767825722694397,3,0.76782572;0.66275656;0.15776165,24.496600000020408
attention@512,attention,512,GW241127_061008-v1-V1-qscan,GW241127_061008,0.0,0,,23.069099999702303
attention@512,attention,512,GW241129_021832-v1-H1-qscan,GW241129_021832,0.2665645480155945,3,0.26656455;0.17760399;0.01342378,20.392899999933434
attention@512,attention,512,GW241129_021832-v1-L1-qscan,GW241129_021832,0.5898107290267944,3,0.58981073;0.41001105;0.06424001,20.01309999923251
attention@512,attention,512,GW241129_021832-v1-V1-qscan,GW241129_021832,0.0,0,,24.318900000253052
attention@512,attention,512,GW241129_140416-v1-H1-qscan,GW241129_140416,0.0,0,,26.607599999806553
attention@512,attention,512,GW241129_140416-v1-L1-qscan,GW241129_140416,0.025727059692144394,2,0.02572706;0.01375815,24.779800000032992
attention@512,attention,512,GW241130_034908-v1-H1-qscan,GW241130_034908,0.6598278880119324,1,0.65982789,23.309499999413674
attention@512,attention,512,GW241130_034908-v1-L1-qscan,GW241130_034908,0.6408812999725342,2,0.64088130;0.01853692,23.53800000037154
attention@512,attention,512,GW241130_034908-v1-V1-qscan,GW241130_034908,0.0,0,,24.30980000008276
attention@512,attention,512,GW241130_110422-v1-H1-qscan,GW241130_110422,0.106255903840065,3,0.10625590;0.01156972;0.01002481,24.08960000047955
attention@512,attention,512,GW241130_110422-v1-L1-qscan,GW241130_110422,0.0,0,,22.503099999994447
attention@512,attention,512,GW241130_110422-v1-V1-qscan,GW241130_110422,0.0,0,,20.197900000312075
attention@512,attention,512,GW241201_055758-v1-H1-qscan,GW241201_055758,0.9012033343315125,1,0.90120333,20.066200000655954
attention@512,attention,512,GW241201_055758-v1-L1-qscan,GW241201_055758,0.0,0,,23.855100000218954
attention@512,attention,512,GW241201_055758-v1-V1-qscan,GW241201_055758,0.0,0,,24.057399999946938
attention@512,attention,512,GW241201_142737-v1-H1-qscan,GW241201_142737,0.46729567646980286,2,0.46729568;0.01089328,26.06960000048275
attention@512,attention,512,GW241201_142737-v1-L1-qscan,GW241201_142737,0.05466288700699806,2,0.05466289;0.01505800,23.792500000126893
attention@512,attention,512,GW241201_142737-v1-V1-qscan,GW241201_142737,0.4969213008880615,2,0.49692130;0.01837640,25.991099999373546
attention@512,attention,512,GW241210_023335-v1-H1-qscan,GW241210_023335,0.0,0,,25.260500000513275
attention@512,attention,512,GW241210_023335-v1-L1-qscan,GW241210_023335,0.17167159914970398,2,0.17167160;0.10467996,24.100499999804015
attention@512,attention,512,GW241210_060606-v1-H1-qscan,GW241210_060606,0.21701447665691376,6,0.21701448;0.08125816;0.04212864;0.01870592;0.01624641;0.01131977,25.98279999983788
attention@512,attention,512,GW241210_060606-v1-L1-qscan,GW241210_060606,0.38933178782463074,6,0.38933179;0.18825483;0.09245362;0.03112459;0.01144299;0.01089628,33.15360000033252
attention@512,attention,512,GW241210_060606-v1-V1-qscan,GW241210_060606,0.047160904854536057,1,0.04716090,27.57389999987936
attention@512,attention,512,GW241210_120900-v1-H1-qscan,GW241210_120900,0.0,0,,23.596499999257503
attention@512,attention,512,GW241210_120900-v1-L1-qscan,GW241210_120900,0.9396822452545166,1,0.93968225,24.88190000076429
attention@512,attention,512,GW241219_222607-v1-H1-qscan,GW241219_222607,0.019225824624300003,2,0.01922582;0.01388486,25.221899999451125
attention@512,attention,512,GW241219_222607-v1-L1-qscan,GW241219_222607,0.0,0,,24.376800000027288
attention@512,attention,512,GW241220_062146-v1-H1-qscan,GW241220_062146,0.0,0,,23.66890000030253
attention@512,attention,512,GW241220_062146-v1-L1-qscan,GW241220_062146,0.010307317599654198,1,0.01030732,19.44279999952414
attention@512,attention,512,GW241225_042553-v1-L1-qscan,GW241225_042553,0.406344473361969,3,0.40634447;0.20627677;0.16722219,19.768900000599388
attention@512,attention,512,GW241225_042553-v1-V1-qscan,GW241225_042553,0.015280022285878658,1,0.01528002,19.988199999716016
attention@512,attention,512,GW241225_082815-v1-H1-qscan,GW241225_082815,0.22949691116809845,1,0.22949691,23.40719999938301
attention@512,attention,512,GW241225_082815-v1-L1-qscan,GW241225_082815,0.7403111457824707,2,0.74031115;0.46065000,24.105999999846972
attention@512,attention,512,GW241229_155844-v1-H1-qscan,GW241229_155844,0.6934009790420532,1,0.69340098,24.59629999975732
attention@512,attention,512,GW241229_155844-v1-L1-qscan,GW241229_155844,0.0,0,,24.46109999982582
attention@512,attention,512,GW241229_155844-v1-V1-qscan,GW241229_155844,0.0,0,,29.253499999867927
attention@512,attention,512,GW241230_084504-v1-L1-qscan,GW241230_084504,0.0,0,,27.126899999529996
attention@512,attention,512,GW241230_084504-v1-V1-qscan,GW241230_084504,0.0,0,,27.068100000178674
attention@512,attention,512,GW241230_233618-v1-H1-qscan,GW241230_233618,0.0,0,,24.512800000593415
attention@512,attention,512,GW241230_233618-v1-L1-qscan,GW241230_233618,0.6868321299552917,2,0.68683213;0.07762483,23.58009999989008
attention@512,attention,512,GW241230_233618-v1-V1-qscan,GW241230_233618,0.0,0,,25.41099999962171
attention@512,attention,512,GW241231_054133-v1-H1-qscan,GW241231_054133,0.8908442258834839,1,0.89084423,23.693099999945844
attention@512,attention,512,GW241231_054133-v1-L1-qscan,GW241231_054133,0.3972058892250061,4,0.39720589;0.03150069;0.03027857;0.01767933,24.461599999995087
attention@512,attention,512,GW241231_054133-v1-V1-qscan,GW241231_054133,0.0,0,,22.64550000018062
attention@512,attention,512,GW250101_011205-v1-H1-qscan,GW250101_011205,0.15620461106300354,1,0.15620461,20.642299999963143
attention@512,attention,512,GW250101_011205-v1-L1-qscan,GW250101_011205,0.19855381548404694,4,0.19855382;0.03993880;0.01633504;0.01123882,21.001900000555906
attention@512,attention,512,GW250101_011205-v1-V1-qscan,GW250101_011205,0.0,0,,22.306299999399926
attention@512,attention,512,GW250104_015122-v1-H1-qscan,GW250104_015122,0.21523472666740417,2,0.21523473;0.01018035,23.4323000004224
attention@512,attention,512,GW250104_015122-v1-L1-qscan,GW250104_015122,0.03792811557650566,2,0.03792812;0.03073221,23.951000000124623
attention@512,attention,512,GW250104_015122-v1-V1-qscan,GW250104_015122,0.0,0,,25.223499999810883
attention@512,attention,512,GW250105_134047-v1-H1-qscan,GW250105_134047,0.0,0,,25.462099999458587
attention@512,attention,512,GW250105_134047-v1-L1-qscan,GW250105_134047,0.0,0,,27.160100000401144
attention@512,attention,512,GW250105_134047-v1-V1-qscan,GW250105_134047,0.0,0,,24.489299999913783
attention@512,attention,512,GW250108_152221-v1-H1-qscan,GW250108_152221,0.1333167850971222,2,0.13331679;0.05300053,23.669299999710347
attention@512,attention,512,GW250108_152221-v1-L1-qscan,GW250108_152221,0.9153795838356018,1,0.91537958,22.221999999601394
attention@512,attention,512,GW250108_152221-v1-V1-qscan,GW250108_152221,0.048651229590177536,2,0.04865123;0.01730722,21.9745000003968
attention@512,attention,512,GW250109_010541-v1-H1-qscan,GW250109_010541,0.23656532168388367,1,0.23656532,19.770599999901606
attention@512,attention,512,GW250109_010541-v1-L1-qscan,GW250109_010541,0.8886675834655762,1,0.88866758,24.75840000079188
attention@512,attention,512,GW250109_010541-v1-V1-qscan,GW250109_010541,0.5344855785369873,3,0.53448558;0.01625270;0.01133584,23.824099999728787
attention@512,attention,512,GW250109_074552-v1-H1-qscan,GW250109_074552,0.809053361415863,3,0.80905336;0.07896520;0.03183342,23.499699999774748
attention@512,attention,512,GW250109_074552-v1-V1-qscan,GW250109_074552,0.0,0,,24.529100000108883
attention@512,attention,512,GW250109_083206-v1-H1-qscan,GW250109_083206,0.3400300443172455,4,0.34003004;0.31037095;0.04914834;0.01457113,25.2928999998403
attention@512,attention,512,GW250109_083206-v1-V1-qscan,GW250109_083206,0.0,0,,24.795199999971373
attention@512,attention,512,GW250114_082203-v2-H1-qscan,GW250114_082203,0.22979800403118134,4,0.22979800;0.20731305;0.06262497;0.01430994,24.642899999889778
attention@512,attention,512,GW250114_082203-v2-L1-qscan,GW250114_082203,0.8019906282424927,1,0.80199063,24.754899999607005
attention@512,attention,512,GW250116_015318-v1-H1-qscan,GW250116_015318,0.5336873531341553,4,0.53368735;0.39406794;0.09175345;0.02064655,23.268500000085623
attention@512,attention,512,GW250116_015318-v1-L1-qscan,GW250116_015318,0.0,0,,22.027600000001257
attention@512,attention,512,GW250116_015318-v1-V1-qscan,GW250116_015318,0.0,0,,20.35249999971711
attention@512,attention,512,GW250116_051426-v1-H1-qscan,GW250116_051426,0.0,0,,21.08550000048126
attention@512,attention,512,GW250116_051426-v1-L1-qscan,GW250116_051426,0.0,0,,23.565000000417058
attention@512,attention,512,GW250118_023225-v1-H1-qscan,GW250118_023225,0.23651649057865143,1,0.23651649,25.642900000093505
attention@512,attention,512,GW250118_023225-v1-L1-qscan,GW250118_023225,0.46671217679977417,2,0.46671218;0.01929052,24.16540000012901
attention@512,attention,512,GW250118_023225-v1-V1-qscan,GW250118_023225,0.0,0,,24.800199999845063
attention@512,attention,512,GW250118_055802-v1-H1-qscan,GW250118_055802,0.04137023165822029,1,0.04137023,23.73760000045877
attention@512,attention,512,GW250118_055802-v1-L1-qscan,GW250118_055802,0.0,0,,24.487499999850115
attention@512,attention,512,GW250118_055802-v1-V1-qscan,GW250118_055802,0.0,0,,25.344599999698403
attention@512,attention,512,GW250118_170523-v1-H1-qscan,GW250118_170523,0.6824406385421753,2,0.68244064;0.08401257,23.09239999976853
attention@512,attention,512,GW250118_170523-v1-L1-qscan,GW250118_170523,0.324687123298645,2,0.32468712;0.01091507,20.05250000001979
attention@512,attention,512,GW250119_025138-v1-H1-qscan,GW250119_025138,0.0,0,,20.383899999615096
attention@512,attention,512,GW250119_025138-v1-L1-qscan,GW250119_025138,0.4766205847263336,5,0.47662058;0.04756680;0.03803670;0.03584026;0.01329732,23.963699999512755
attention@512,attention,512,GW250119_025138-v1-V1-qscan,GW250119_025138,0.1891191601753235,1,0.18911916,24.969099999907485
attention@512,attention,512,GW250119_190238-v1-H1-qscan,GW250119_190238,0.39487868547439575,3,0.39487869;0.02286401;0.01020677,24.45629999965604
attention@512,attention,512,GW250119_190238-v1-L1-qscan,GW250119_190238,0.5258694887161255,4,0.52586949;0.17744477;0.04120191;0.03144144,24.013400000512775
attention@512,attention,512,GW250119_190238-v1-V1-qscan,GW250119_190238,0.0,0,,24.77889999954641
attention@512,attention,512,GW250120_042414-v1-H1-qscan,GW250120_042414,0.014877976849675179,1,0.01487798,24.647799999911513
attention@512,attention,512,GW250120_042414-v1-L1-qscan,GW250120_042414,0.0,0,,24.859600000127102
attention@512,attention,512,GW250120_042414-v1-V1-qscan,GW250120_042414,0.0,0,,24.11149999988993
attention@640,attention,640,GW240406_062847-v1-H1-qscan,GW240406_062847,0.0,0,,44.19980000056967
attention@640,attention,640,GW240406_062847-v1-L1-qscan,GW240406_062847,0.0,0,,42.55939999984548
attention@640,attention,640,GW240407_040938-v1-H1-qscan,GW240407_040938,0.033659059554338455,2,0.03365906;0.02233100,40.993300000081945
attention@640,attention,640,GW240407_040938-v1-L1-qscan,GW240407_040938,0.0,0,,40.521699999771954
attention@640,attention,640,GW240407_040938-v1-V1-qscan,GW240407_040938,0.05626882612705231,1,0.05626883,41.819199999736156
attention@640,attention,640,GW240407_061416-v1-H1-qscan,GW240407_061416,0.8127669095993042,3,0.81276691;0.08273052;0.03871706,40.48950000014884
attention@640,attention,640,GW240407_061416-v1-L1-qscan,GW240407_061416,0.019449617713689804,1,0.01944962,43.83799999959592
attention@640,attention,640,GW240407_061416-v1-V1-qscan,GW240407_061416,0.0,0,,40.25889999957144
attention@640,attention,640,GW240407_214946-v1-H1-qscan,GW240407_214946,0.0,0,,44.483499999842024
attention@640,attention,640,GW240407_214946-v1-L1-qscan,GW240407_214946,0.0,0,,40.38860000036948
attention@640,attention,640,GW240407_214946-v1-V1-qscan,GW240407_214946,0.0,0,,42.35460000018065
attention@640,attention,640,GW240408_081753-v1-H1-qscan,GW240408_081753,0.0,0,,41.43850000036764
attention@640,attention,640,GW240408_081753-v1-L1-qscan,GW240408_081753,0.0,0,,41.703200000483776
attention@640,attention,640,GW240411_074140-v1-H1-qscan,GW240411_074140,0.022337883710861206,1,0.02233788,40.52499999943393
attention@640,attention,640,GW240411_074140-v1-L1-qscan,GW240411_074140,0.11943181604146957,2,0.11943182;0.02466962,39.874199999758275
attention@640,attention,640,GW240413_022019-v1-H1-qscan,GW240413_022019,0.0,0,,40.02610000043205
attention@640,attention,640,GW240413_022019-v1-L1-qscan,GW240413_022019,0.26754364371299744,2,0.26754364;0.04359290,40.93479999937699
attention@640,attention,640,GW240413_022019-v1-V1-qscan,GW240413_022019,0.0,0,,39.03210000044055
attention@640,attention,640,GW240414_054515-v1-H1-qscan,GW240414_054515,0.4820203483104706,3,0.48202035;0.13671422;0.03543466,39.50559999975667
attention@640,attention,640,GW240414_054515-v1-V1-qscan,GW240414_054515,0.0,0,,43.27039999952831
attention@640,attention,640,GW240419_041206-v1-H1-qscan,GW240419_041206,0.023232121020555496,1,0.02323212,40.35289999956149
attention@640,attention,640,GW240419_041206-v1-L1-qscan,GW240419_041206,0.011700313538312912,1,0.01170031,39.41450000002078
attention@640,attention,640,GW240419_041206-v1-V1-qscan,GW240419_041206,0.026320796459913254,1,0.02632080,39.94359999978769
attention@640,attention,640,GW240420_175625-v1-H1-qscan,GW240420_175625,0.31833842396736145,7,0.31833842;0.23130605;0.17062633;0.04518517;0.03827829;0.02902079;0.01287534,39.92190000008122
attention@640,attention,640,GW240421_052935-v1-H1-qscan,GW240421_052935,0.24630452692508698,3,0.24630453;0.07451318;0.01904938,38.618799999312614
attention@640,attention,640,GW240421_052935-v1-L1-qscan,GW240421_052935,0.0,0,,40.44340000018565
attention@640,attention,640,GW240421_052935-v1-V1-qscan,GW240421_052935,0.0,0,,44.07970000011119
attention@640,attention,640,GW240426_031451-v1-H1-qscan,GW240426_031451,0.0,0,,39.64489999998477
attention@640,attention,640,GW240426_031451-v1-L1-qscan,GW240426_031451,0.40682122111320496,1,0.40682122,40.195099999436934
attention@640,attention,640,GW240426_085802-v1-H1-qscan,GW240426_085802,0.3740732967853546,2,0.37407330;0.01907813,40.02200000013545
attention@640,attention,640,GW240426_085802-v1-L1-qscan,GW240426_085802,0.0,0,,40.61629999978322
attention@640,attention,640,GW240426_085802-v1-V1-qscan,GW240426_085802,0.0,0,,40.50389999974868
attention@640,attention,640,GW240428_225440-v1-H1-qscan,GW240428_225440,0.8856828808784485,2,0.88568288;0.07660154,41.18319999997766
attention@640,attention,640,GW240428_225440-v1-V1-qscan,GW240428_225440,0.0,0,,41.10510000009526
attention@640,attention,640,GW240430_093517-v1-H1-qscan,GW240430_093517,0.0,0,,41.32839999965654
attention@640,attention,640,GW240430_093517-v1-L1-qscan,GW240430_093517,0.1782274842262268,2,0.17822748;0.12006138,43.800800000099116
attention@640,attention,640,GW240501_033534-v1-H1-qscan,GW240501_033534,0.9061710834503174,2,0.90617108;0.07794451,39.99870000006922
attention@640,attention,640,GW240501_033534-v1-L1-qscan,GW240501_033534,0.5088753700256348,3,0.50887537;0.19347896;0.06419052,43.54390000025887
attention@640,attention,640,GW240501_033534-v1-V1-qscan,GW240501_033534,0.0,0,,39.71480000018346
attention@640,attention,640,GW240505_133552-v1-H1-qscan,GW240505_133552,0.21725399792194366,1,0.21725400,39.76390000025276
attention@640,attention,640,GW240505_133552-v1-L1-qscan,GW240505_133552,0.5827630758285522,2,0.58276308;0.04868077,44.19549999965966
attention@640,attention,640,GW240505_133552-v1-V1-qscan,GW240505_133552,0.0,0,,41.85449999931734
attention@640,attention,640,GW240507_041632-v1-H1-qscan,GW240507_041632,0.19588647782802582,2,0.19588648;0.06221047,39.30450000007113
attention@640,attention,640,GW240507_041632-v1-L1-qscan,GW240507_041632,0.2494572252035141,1,0.24945723,39.81070000008913
attention@640,attention,640,GW240507_041632-v1-V1-qscan,GW240507_041632,0.0,0,,39.789200000086566
attention@640,attention,640,GW240509_102351-v1-H1-qscan,GW240509_102351,0.0,0,,40.31780000059371
attention@640,attention,640,GW240509_102351-v1-L1-qscan,GW240509_102351,0.015584992244839668,1,0.01558499,41.99600000083592
attention@640,attention,640,GW240509_102351-v1-V1-qscan,GW240509_102351,0.0,0,,39.46090000044933
attention@640,attention,640,GW240511_031507-v1-H1-qscan,GW240511_031507,0.24040843546390533,4,0.24040844;0.07675949;0.04834939;0.01144958,44.61460000038642
attention@640,attention,640,GW240511_031507-v1-L1-qscan,GW240511_031507,0.9351291656494141,1,0.93512917,39.66930000024149
attention@640,attention,640,GW240511_031507-v1-V1-qscan,GW240511_031507,0.056188683956861496,1,0.05618868,42.02259999965463
attention@640,attention,640,GW240512_024139-v1-H1-qscan,GW240512_024139,0.0,0,,39.91649999989022
attention@640,attention,640,GW240512_024139-v1-L1-qscan,GW240512_024139,0.1421312838792801,4,0.14213128;0.10549201;0.01921596;0.01198926,40.62149999936082
attention@640,attention,640,GW240512_024139-v1-V1-qscan,GW240512_024139,0.0,0,,39.815299999645504
attention@640,attention,640,GW240512_051606-v1-H1-qscan,GW240512_051606,0.0,0,,40.840599999683036
attention@640,attention,640,GW240512_051606-v1-L1-qscan,GW240512_051606,0.0,0,,40.286899999955494
attention@640,attention,640,GW240512_051606-v1-V1-qscan,GW240512_051606,0.0,0,,39.55760000008013
attention@640,attention,640,GW240513_183302-v1-H1-qscan,GW240513_183302,0.872667133808136,2,0.87266713;0.02563303,43.47979999965901
attention@640,attention,640,GW240513_183302-v1-L1-qscan,GW240513_183302,0.3707480728626251,5,0.37074807;0.07987388;0.07522789;0.03707893;0.02011313,40.57419999935519
attention@640,attention,640,GW240513_183302-v1-V1-qscan,GW240513_183302,0.0,0,,42.494799999985844
attention@640,attention,640,GW240514_121713-v1-H1-qscan,GW240514_121713,0.16989004611968994,2,0.16989005;0.02553880,39.15839999990567
attention@640,attention,640,GW240514_121713-v1-L1-qscan,GW240514_121713,0.34588250517845154,4,0.34588251;0.09636910;0.01184754;0.01110686,39.564200000313576
attention@640,attention,640,GW240514_121713-v1-V1-qscan,GW240514_121713,0.0,0,,38.31369999988965
attention@640,attention,640,GW240515_005301-v1-H1-qscan,GW240515_005301,0.6973984241485596,4,0.69739842;0.52121365;0.02502744;0.01128722,40.13829999985319
attention@640,attention,640,GW240515_005301-v1-L1-qscan,GW240515_005301,0.7493606209754944,2,0.74936062;0.01127522,44.66409999986354
attention@640,attention,640,GW240515_005301-v1-V1-qscan,GW240515_005301,0.0,0,,39.99099999964528
attention@640,attention,640,GW240516_041939-v1-H1-qscan,GW240516_041939,0.0,0,,45.18779999943945
attention@640,attention,640,GW240516_041939-v1-L1-qscan,GW240516_041939,0.0,0,,40.11149999951158
attention@640,attention,640,GW240516_041939-v1-V1-qscan,GW240516_041939,0.0,0,,41.60260000026028
attention@640,attention,640,GW240519_012815-v1-L1-qscan,GW240519_012815,0.5948085784912109,2,0.59480858;0.01108336,39.626599999792234
attention@640,attention,640,GW240519_012815-v1-V1-qscan,GW240519_012815,0.5035340189933777,2,0.50353402;0.43249121,39.78909999932512
attention@640,attention,640,GW240520_213616-v1-H1-qscan,GW240520_213616,0.31691133975982666,2,0.31691134;0.12901141,38.69860000031622
attention@640,attention,640,GW240520_213616-v1-L1-qscan,GW240520_213616,0.03363749757409096,2,0.03363750;0.02986805,39.82160000032309
attention@640,attention,640,GW240520_213616-v1-V1-qscan,GW240520_213616,0.0,0,,42.5427000000127
attention@640,attention,640,GW240525_031210-v1-H1-qscan,GW240525_031210,0.13748078048229218,3,0.13748078;0.04703182;0.02787161,39.07279999930324
attention@640,attention,640,GW240525_031210-v1-L1-qscan,GW240525_031210,0.7777884602546692,2,0.77778846;0.03467705,42.09549999995943
attention@640,attention,640,GW240525_031210-v1-V1-qscan,GW240525_031210,0.0,0,,39.646999999604304
attention@640,attention,640,GW240525_201644-v1-H1-qscan,GW240525_201644,0.0,0,,41.071800000281655
attention@640,attention,640,GW240525_201644-v1-L1-qscan,GW240525_201644,0.0,0,,39.656299999478506
attention@640,attention,640,GW240525_201644-v1-V1-qscan,GW240525_201644,0.0,0,,41.45390000030602
attention@640,attention,640,GW240526_093944-v1-H1-qscan,GW240526_093944,0.4588833451271057,4,0.45888335;0.24249953;0.07911430;0.03701819,39.869700000053854
attention@640,attention,640,GW240526_093944-v1-L1-qscan,GW240526_093944,0.0,0,,38.86959999999817
attention@640,attention,640,GW240526_093944-v1-V1-qscan,GW240526_093944,0.0,0,,44.62599999988015
attention@640,attention,640,GW240527_150907-v1-H1-qscan,GW240527_150907,0.0,0,,40.940100000625534
attention@640,attention,640,GW240527_150907-v1-L1-qscan,GW240527_150907,0.0,0,,40.23890000007668
attention@640,attention,640,GW240527_150907-v1-V1-qscan,GW240527_150907,0.0,0,,41.22379999989789
attention@640,attention,640,GW240527_183429-v1-H1-qscan,GW240527_183429,0.8292379975318909,1,0.82923800,39.885299999696144
attention@640,attention,640,GW240527_183429-v1-L1-qscan,GW240527_183429,0.10028858482837677,1,0.10028858,39.55570000016451
attention@640,attention,640,GW240527_183429-v1-V1-qscan,GW240527_183429,0.0,0,,41.17969999970228
attention@640,attention,640,GW240527_230910-v1-H1-qscan,GW240527_230910,0.07240905612707138,3,0.07240906;0.03600528;0.01661458,41.370699999788485
attention@640,attention,640,GW240527_230910-v1-L1-qscan,GW240527_230910,0.011811500415205956,1,0.01181150,40.44680000060907
attention@640,attention,640,GW240527_230910-v1-V1-qscan,GW240527_230910,0.08942628651857376,1,0.08942629,43.71510000055423
attention@640,attention,640,GW240530_012417-v1-H1-qscan,GW240530_012417,0.044558096677064896,2,0.04455810;0.02000928,38.82450000037352
attention@640,attention,640,GW240530_012417-v1-L1-qscan,GW240530_012417,0.8629174828529358,2,0.86291748;0.71332401,43.79539999990811
attention@640,attention,640,GW240530_012417-v1-V1-qscan,GW240530_012417,0.0,0,,39.75000000082218
attention@640,attention,640,GW240531_040326-v1-H1-qscan,GW240531_040326,0.6792890429496765,2,0.67928904;0.02887600,41.07849999945756
attention@640,attention,640,GW240531_040326-v1-L1-qscan,GW240531_040326,0.0,0,,39.15260000030685
attention@640,attention,640,GW240531_040326-v1-V1-qscan,GW240531_040326,0.0,0,,39.743799999996554
attention@640,attention,640,GW240531_075248-v1-H1-qscan,GW240531_075248,0.0,0,,40.065600000161794
attention@640,attention,640,GW240531_075248-v1-L1-qscan,GW240531_075248,0.9230532050132751,2,0.92305321;0.58485907,39.69950000009703
attention@640,attention,640,GW240531_075248-v1-V1-qscan,GW240531_075248,0.0,0,,44.28470000038942
attention@640,attention,640,GW240601_061200-v1-H1-qscan,GW240601_061200,0.047346923500299454,1,0.04734692,41.31450000022596
attention@640,attention,640,GW240601_061200-v1-L1-qscan,GW240601_061200,0.291311115026474,2,0.29131112;0.13518050,44.6486000000732
attention@640,attention,640,GW240601_061200-v1-V1-qscan,GW240601_061200,0.0,0,,39.112200000090525
attention@640,attention,640,GW240601_231004-v1-H1-qscan,GW240601_231004,0.0,0,,44.77630000019417
attention@640,attention,640,GW240601_231004-v1-L1-qscan,GW240601_231004,0.0,0,,39.84600000057981
attention@640,attention,640,GW240601_231004-v1-V1-qscan,GW240601_231004,0.02938941866159439,1,0.02938942,41.899699999703444
attention@640,attention,640,GW240611_214835-v1-L1-qscan,GW240611_214835,0.2880634367465973,3,0.28806344;0.01694143;0.01386276,41.202200000043376
attention@640,attention,640,GW240611_214835-v1-V1-qscan,GW240611_214835,0.0,0,,41.885999999976775
attention@640,attention,640,GW240612_081540-v1-H1-qscan,GW240612_081540,0.2699795663356781,1,0.26997957,40.78990000016347
attention@640,attention,640,GW240612_081540-v1-L1-qscan,GW240612_081540,0.0,0,,40.77640000014071
attention@640,attention,640,GW240612_081540-v1-V1-qscan,GW240612_081540,0.0,0,,40.39370000009512
attention@640,attention,640,GW240613_011503-v1-H1-qscan,GW240613_011503,0.0,0,,40.52380000030098
attention@640,attention,640,GW240613_011503-v1-L1-qscan,GW240613_011503,0.0712556317448616,1,0.07125563,39.411099999597354
attention@640,attention,640,GW240613_011503-v1-V1-qscan,GW240613_011503,0.0,0,,39.865600000666745
attention@640,attention,640,GW240615_113620-v1-H1-qscan,GW240615_113620,0.8434132933616638,2,0.84341329;0.29040825,45.66739999972924
attention@640,attention,640,GW240615_113620-v1-L1-qscan,GW240615_113620,0.9290520548820496,1,0.92905205,40.685900000426045
attention@640,attention,640,GW240615_113620-v1-V1-qscan,GW240615_113620,0.0,0,,42.90000000037253
attention@640,attention,640,GW240615_160735-v1-H1-qscan,GW240615_160735,0.6896555423736572,2,0.68965554;0.02279152,41.0319000002346
attention@640,attention,640,GW240615_160735-v1-L1-qscan,GW240615_160735,0.2857967019081116,4,0.28579670;0.06100752;0.05927634;0.05570388,43.89600000013161
attention@640,attention,640,GW240615_160735-v1-V1-qscan,GW240615_160735,0.0,0,,40.305800000169256
attention@640,attention,640,GW240618_071627-v1-H1-qscan,GW240618_071627,0.06411296874284744,2,0.06411297;0.05803168,41.919700000107696
attention@640,attention,640,GW240618_071627-v1-L1-qscan,GW240618_071627,0.0,0,,40.194700000029115
attention@640,attention,640,GW240619_044535-v1-H1-qscan,GW240619_044535,0.010740597732365131,1,0.01074060,42.820199999368924
attention@640,attention,640,GW240619_044535-v1-L1-qscan,GW240619_044535,0.0,0,,41.34330000033515
attention@640,attention,640,GW240619_044535-v1-V1-qscan,GW240619_044535,0.0,0,,40.897400000176276
attention@640,attention,640,GW240619_212357-v1-H1-qscan,GW240619_212357,0.881754994392395,1,0.88175499,40.5668000003061
attention@640,attention,640,GW240619_212357-v1-L1-qscan,GW240619_212357,0.0,0,,44.49250000016036
attention@640,attention,640,GW240619_212357-v1-V1-qscan,GW240619_212357,0.012931820005178452,1,0.01293182,39.755699999659555
attention@640,attention,640,GW240620_094631-v1-H1-qscan,GW240620_094631,0.0,0,,45.87309999988065
attention@640,attention,640,GW240620_094631-v1-L1-qscan,GW240620_094631,0.0,0,,40.53800000019692
attention@640,attention,640,GW240620_094631-v1-V1-qscan,GW240620_094631,0.0,0,,42.86779999983992
attention@640,attention,640,GW240621_103457-v1-H1-qscan,GW240621_103457,0.07168912887573242,1,0.07168913,39.53110000020388
attention@640,attention,640,GW240621_103457-v1-L1-qscan,GW240621_103457,0.03714611381292343,1,0.03714611,40.271100000609295
attention@640,attention,640,GW240621_103457-v1-V1-qscan,GW240621_103457,0.01659679040312767,2,0.01659679;0.01328950,39.39569999965897
attention@640,attention,640,GW240621_195059-v1-H1-qscan,GW240621_195059,0.898210883140564,2,0.89821088;0.01700888,41.15430000001652
attention@640,attention,640,GW240621_195059-v1-L1-qscan,GW240621_195059,0.7160474061965942,3,0.71604741;0.40664256;0.06027148,39.033199999721546
attention@640,attention,640,GW240621_195059-v1-V1-qscan,GW240621_195059,0.0,0,,40.11809999974503
attention@640,attention,640,GW240621_200935-v1-H1-qscan,GW240621_200935,0.3022828698158264,4,0.30228287;0.07802337;0.06460290;0.01298172,42.194899999230984
attention@640,attention,640,GW240621_200935-v1-L1-qscan,GW240621_200935,0.32195237278938293,4,0.32195237;0.09076681;0.02731300;0.01135457,39.02569999991101
attention@640,attention,640,GW240621_200935-v1-V1-qscan,GW240621_200935,0.0,0,,45.66660000000411
attention@640,attention,640,GW240621_214041-v1-H1-qscan,GW240621_214041,0.0,0,,40.13580000082584
attention@640,attention,640,GW240621_214041-v1-L1-qscan,GW240621_214041,0.7927765250205994,2,0.79277653;0.02689921,44.75000000002183
attention@640,attention,640,GW240621_214041-v1-V1-qscan,GW240621_214041,0.0,0,,39.8005999995803
attention@640,attention,640,GW240622_004008-v1-H1-qscan,GW240622_004008,0.12882056832313538,3,0.12882057;0.06685846;0.01336545,44.84090000005381
attention@640,attention,640,GW240622_004008-v1-L1-qscan,GW240622_004008,0.9398146271705627,2,0.93981463;0.84639704,40.74910000053933
attention@640,attention,640,GW240622_004008-v1-V1-qscan,GW240622_004008,0.0,0,,44.151899999633315
attention@640,attention,640,GW240625_073331-v1-H1-qscan,GW240625_073331,0.0961630791425705,1,0.09616308,39.58810000040103
attention@640,attention,640,GW240625_073331-v1-L1-qscan,GW240625_073331,0.0,0,,45.10449999997945
attention@640,attention,640,GW240627_131622-v1-H1-qscan,GW240627_131622,0.5336348414421082,3,0.53363484;0.02259924;0.01629968,39.94810000040161
attention@640,attention,640,GW240627_131622-v1-L1-qscan,GW240627_131622,0.0,0,,44.842399999652116
attention@640,attention,640,GW240627_131622-v1-V1-qscan,GW240627_131622,0.04239095374941826,1,0.04239095,40.26210000029096
attention@640,attention,640,GW240629_145256-v1-H1-qscan,GW240629_145256,0.15526869893074036,1,0.15526870,39.310500000283355
attention@640,attention,640,GW240629_145256-v1-L1-qscan,GW240629_145256,0.6267463564872742,1,0.62674636,40.07819999969797
attention@640,attention,640,GW240629_145256-v1-V1-qscan,GW240629_145256,0.020760297775268555,1,0.02076030,40.215600000010454
attention@640,attention,640,GW240630_101703-v1-H1-qscan,GW240630_101703,0.520762026309967,2,0.52076203;0.09192039,38.681500000166125
attention@640,attention,640,GW240630_101703-v1-V1-qscan,GW240630_101703,0.0,0,,39.734799999678216
attention@640,attention,640,GW240630_115348-v1-H1-qscan,GW240630_115348,0.20544569194316864,2,0.20544569;0.07571216,43.70010000002367
attention@640,attention,640,GW240630_115348-v1-L1-qscan,GW240630_115348,0.055603865534067154,3,0.05560387;0.03474965;0.02679367,40.45779999978549
attention@640,attention,640,GW240630_115348-v1-V1-qscan,GW240630_115348,0.10125690698623657,2,0.10125691;0.02536809,43.14390000035928
attention@640,attention,640,GW240630_212937-v1-H1-qscan,GW240630_212937,0.02936139889061451,1,0.02936140,40.05880000022444
attention@640,attention,640,GW240630_212937-v1-L1-qscan,GW240630_212937,0.0,0,,42.07530000076076
attention@640,attention,640,GW240630_212937-v1-V1-qscan,GW240630_212937,0.0,0,,40.156199999728415
attention@640,attention,640,GW240701_011640-v1-H1-qscan,GW240701_011640,0.14340874552726746,3,0.14340875;0.02476625;0.01101713,40.60449999997218
attention@640,attention,640,GW240701_011640-v1-L1-qscan,GW240701_011640,0.0,0,,39.448600000469014
attention@640,attention,640,GW240701_011640-v1-V1-qscan,GW240701_011640,0.0,0,,39.35469999942143
attention@640,attention,640,GW240701_013826-v1-H1-qscan,GW240701_013826,0.0,0,,44.03199999978824
attention@640,attention,640,GW240701_013826-v1-L1-qscan,GW240701_013826,0.0,0,,41.58889999962412
attention@640,attention,640,GW240701_013826-v1-V1-qscan,GW240701_013826,0.1717899739742279,1,0.17178997,39.536999999654654
attention@640,attention,640,GW240701_203807-v1-H1-qscan,GW240701_203807,0.0,0,,40.755199999694014
attention@640,attention,640,GW240701_203807-v1-L1-qscan,GW240701_203807,0.0,0,,40.03610000017943
attention@640,attention,640,GW240701_203807-v1-V1-qscan,GW240701_203807,0.0,0,,39.16099999969447
attention@640,attention,640,GW240703_191355-v1-L1-qscan,GW240703_191355,0.5657264590263367,2,0.56572646;0.05978557,39.75910000008298
attention@640,attention,640,GW240703_191355-v1-V1-qscan,GW240703_191355,0.0,0,,44.70750000018597
attention@640,attention,640,GW240705_053215-v1-H1-qscan,GW240705_053215,0.9569945931434631,1,0.95699459,38.955199999691104
attention@640,attention,640,GW240705_053215-v1-L1-qscan,GW240705_053215,0.5242758989334106,1,0.52427590,40.98299999986921
attention@640,attention,640,GW240705_053215-v1-V1-qscan,GW240705_053215,0.0,0,,39.6193000005951
attention@640,attention,640,GW240716_034900-v1-L1-qscan,GW240716_034900,0.9398602247238159,1,0.93986022,40.13140000006388
attention@640,attention,640,GW240716_034900-v1-V1-qscan,GW240716_034900,0.0,0,,39.97090000029857
attention@640,attention,640,GW240806_043539-v1-L1-qscan,GW240806_043539,0.0,0,,40.2592000000368
attention@640,attention,640,GW240806_043539-v1-V1-qscan,GW240806_043539,0.0,0,,45.085499999913736
attention@640,attention,640,GW240807_214559-v1-L1-qscan,GW240807_214559,0.0,0,,39.78819999974803
attention@640,attention,640,GW240807_214559-v1-V1-qscan,GW240807_214559,0.0,0,,45.769299999847135
attention@640,attention,640,GW240813_034548-v1-L1-qscan,GW240813_034548,0.0,0,,40.494500000022526
attention@640,attention,640,GW240813_034548-v1-V1-qscan,GW240813_034548,0.0,0,,41.359599999850616
attention@640,attention,640,GW240814_145043-v1-L1-qscan,GW240814_145043,0.0,0,,39.56019999986893
attention@640,attention,640,GW240814_145043-v1-V1-qscan,GW240814_145043,0.0,0,,39.76130000046396
attention@640,attention,640,GW240824_205609-v1-H1-qscan,GW240824_205609,0.048189036548137665,2,0.04818904;0.02114150,39.60120000010647
attention@640,attention,640,GW240824_205609-v1-L1-qscan,GW240824_205609,0.04250771179795265,1,0.04250771,41.75759999998263
attention@640,attention,640,GW240824_205609-v1-V1-qscan,GW240824_205609,0.6618989706039429,3,0.66189897;0.04104356;0.01522797,43.00700000021607
attention@640,attention,640,GW240825_055146-v1-H1-qscan,GW240825_055146,0.28058645129203796,2,0.28058645;0.01943824,41.20060000059311
attention@640,attention,640,GW240825_055146-v1-L1-qscan,GW240825_055146,0.2195582091808319,2,0.21955821;0.04596228,42.77209999963816
attention@640,attention,640,GW240825_055146-v1-V1-qscan,GW240825_055146,0.0,0,,39.23899999972491
attention@640,attention,640,GW240828_102340-v1-H1-qscan,GW240828_102340,0.0,0,,44.69539999990957
attention@640,attention,640,GW240828_102340-v1-L1-qscan,GW240828_102340,0.10023567080497742,5,0.10023567;0.08764296;0.03290293;0.03006000;0.01731329,39.57349999927828
attention@640,attention,640,GW240828_102340-v1-V1-qscan,GW240828_102340,0.0,0,,43.36370000055467
attention@640,attention,640,GW240830_211120-v1-H1-qscan,GW240830_211120,0.01288046408444643,1,0.01288046,39.67179999926884
attention@640,attention,640,GW240830_211120-v1-L1-qscan,GW240830_211120,0.44754987955093384,5,0.44754988;0.07695977;0.02928364;0.02312256;0.02102595,40.0112999996054
attention@640,attention,640,GW240830_211120-v1-V1-qscan,GW240830_211120,0.0,0,,40.19440000047325
attention@640,attention,640,GW240901_195332-v1-H1-qscan,GW240901_195332,0.0,0,,40.00980000000709
attention@640,attention,640,GW240901_195332-v1-L1-qscan,GW240901_195332,0.0,0,,40.25850000016362
attention@640,attention,640,GW240901_195332-v1-V1-qscan,GW240901_195332,0.0,0,,40.82560000006197
attention@640,attention,640,GW240902_143306-v1-H1-qscan,GW240902_143306,0.7282637357711792,2,0.72826374;0.01322079,44.41769999993994
attention@640,attention,640,GW240902_143306-v1-L1-qscan,GW240902_143306,0.011271029710769653,1,0.01127103,41.19939999964117
attention@640,attention,640,GW240902_143306-v1-V1-qscan,GW240902_143306,0.0,0,,43.56329999973241
attention@640,attention,640,GW240907_092521-v1-H1-qscan,GW240907_092521,0.0,0,,40.08200000043871
attention@640,attention,640,GW240907_092521-v1-L1-qscan,GW240907_092521,0.0,0,,40.77710000001389
attention@640,attention,640,GW240907_092521-v1-V1-qscan,GW240907_092521,0.0,0,,39.183500000035565
attention@640,attention,640,GW240907_121650-v1-H1-qscan,GW240907_121650,0.04365432634949684,1,0.04365433,39.516099999673315
attention@640,attention,640,GW240907_121650-v1-L1-qscan,GW240907_121650,0.0,0,,42.739200000141864
attention@640,attention,640,GW240907_121650-v1-V1-qscan,GW240907_121650,0.11424002051353455,3,0.11424002;0.07127034;0.01788185,39.53509999973903
attention@640,attention,640,GW240907_153833-v1-H1-qscan,GW240907_153833,0.26353979110717773,1,0.26353979,45.046000000183994
attention@640,attention,640,GW240907_153833-v1-L1-qscan,GW240907_153833,0.04846903309226036,1,0.04846903,39.95359999953507
attention@640,attention,640,GW240907_153833-v1-V1-qscan,GW240907_153833,0.027600636705756187,2,0.02760064;0.01524673,44.582399999853806
attention@640,attention,640,GW240908_082628-v1-H1-qscan,GW240908_082628,0.06067902222275734,3,0.06067902;0.02856338;0.01149299,40.24589999971795
attention@640,attention,640,GW240908_082628-v1-L1-qscan,GW240908_082628,0.7576088905334473,4,0.75760889;0.03050184;0.01763716;0.01346443,44.25509999964561
attention@640,attention,640,GW240908_082628-v1-V1-qscan,GW240908_082628,0.02137921191751957,1,0.02137921,39.62469999987661
attention@640,attention,640,GW240908_125134-v1-H1-qscan,GW240908_125134,0.0,0,,44.829599999502534
attention@640,attention,640,GW240908_125134-v1-L1-qscan,GW240908_125134,0.0,0,,39.50429999986227
attention@640,attention,640,GW240908_125134-v1-V1-qscan,GW240908_125134,0.0,0,,40.02459999992425
attention@640,attention,640,GW240908_174149-v1-H1-qscan,GW240908_174149,0.0,0,,40.14420000021346
attention@640,attention,640,GW240908_174149-v1-L1-qscan,GW240908_174149,0.0,0,,40.00969999924564
attention@640,attention,640,GW240908_174149-v1-V1-qscan,GW240908_174149,0.0,0,,40.69770000023709
attention@640,attention,640,GW240910_103535-v1-H1-qscan,GW240910_103535,0.5147116780281067,2,0.51471168;0.04914591,40.108900000632275
attention@640,attention,640,GW240910_103535-v1-L1-qscan,GW240910_103535,0.0,0,,45.11060000004363
attention@640,attention,640,GW240913_111216-v1-H1-qscan,GW240913_111216,0.027965763583779335,1,0.02796576,40.57379999994737
attention@640,attention,640,GW240913_111216-v1-L1-qscan,GW240913_111216,0.0,0,,44.424400000025344
attention@640,attention,640,GW240913_111216-v1-V1-qscan,GW240913_111216,0.0,0,,40.988499999912165
attention@640,attention,640,GW240915_001357-v1-H1-qscan,GW240915_001357,0.10554391145706177,3,0.10554391;0.06565568;0.01228466,41.59500000059779
attention@640,attention,640,GW240915_001357-v1-L1-qscan,GW240915_001357,0.9414931535720825,3,0.94149315;0.03130535;0.01119690,38.869800000611576
attention@640,attention,640,GW240915_001357-v1-V1-qscan,GW240915_001357,0.0,0,,39.78669999924023
attention@640,attention,640,GW240915_045510-v1-H1-qscan,GW240915_045510,0.015512477606534958,2,0.01551248;0.01097786,38.91699999985576
attention@640,attention,640,GW240915_045510-v1-L1-qscan,GW240915_045510,0.0,0,,46.262799999567505
attention@640,attention,640,GW240915_045510-v1-V1-qscan,GW240915_045510,0.3509773313999176,1,0.35097733,40.089699999953154
attention@640,attention,640,GW240915_105151-v1-H1-qscan,GW240915_105151,0.17750121653079987,2,0.17750122;0.09594493,39.55469999982597
attention@640,attention,640,GW240915_105151-v1-V1-qscan,GW240915_105151,0.022916976362466812,1,0.02291698,45.175600000220584
attention@640,attention,640,GW240916_184352-v1-H1-qscan,GW240916_184352,0.0,0,,41.138100000353006
attention@640,attention,640,GW240916_184352-v1-L1-qscan,GW240916_184352,0.0,0,,44.499099999484315
attention@640,attention,640,GW240916_184352-v1-V1-qscan,GW240916_184352,0.0,0,,41.30540000005567
attention@640,attention,640,GW240917_130237-v1-H1-qscan,GW240917_130237,0.0,0,,44.202400000358466
attention@640,attention,640,GW240917_130237-v1-L1-qscan,GW240917_130237,0.0,0,,40.559200000643614
attention@640,attention,640,GW240919_061559-v1-H1-qscan,GW240919_061559,0.014323526993393898,1,0.01432353,43.10760000043956
attention@640,attention,640,GW240919_061559-v1-L1-qscan,GW240919_061559,0.8495969772338867,3,0.84959698;0.10149179;0.02585329,40.340099999411905
attention@640,attention,640,GW240919_061559-v1-V1-qscan,GW240919_061559,0.62581467628479,3,0.62581468;0.06340589;0.01918728,40.55450000032579
attention@640,attention,640,GW240919_215453-v1-H1-qscan,GW240919_215453,0.0,0,,38.84749999997439
attention@640,attention,640,GW240919_215453-v1-L1-qscan,GW240919_215453,0.6768723130226135,1,0.67687231,39.06470000038098
attention@640,attention,640,GW240919_215453-v1-V1-qscan,GW240919_215453,0.013643153943121433,1,0.01364315,39.40619999957562
attention@640,attention,640,GW240920_073424-v1-H1-qscan,GW240920_073424,0.8735154271125793,2,0.87351543;0.01873434,39.28799999994226
attention@640,attention,640,GW240920_073424-v1-L1-qscan,GW240920_073424,0.6621671915054321,2,0.66216719;0.62463397,44.62539999985893
attention@640,attention,640,GW240920_073424-v1-V1-qscan,GW240920_073424,0.4434000849723816,1,0.44340008,40.536299999985204
attention@640,attention,640,GW240920_124024-v1-H1-qscan,GW240920_124024,0.9537262320518494,1,0.95372623,43.758400000115216
attention@640,attention,640,GW240920_124024-v1-L1-qscan,GW240920_124024,0.837456464767456,2,0.83745646;0.65900928,39.68729999996867
attention@640,attention,640,GW240921_201835-v1-L1-qscan,GW240921_201835,0.33966055512428284,3,0.33966056;0.05575082;0.02267739,44.48210000009567
attention@640,attention,640,GW240921_201835-v1-V1-qscan,GW240921_201835,0.0,0,,39.772500000253785
attention@640,attention,640,GW240922_142106-v1-H1-qscan,GW240922_142106,0.014563865028321743,2,0.01456387;0.01165741,43.25189999963186
attention@640,attention,640,GW240922_142106-v1-L1-qscan,GW240922_142106,0.11080535501241684,3,0.11080536;0.01592805;0.01265047,38.97320000032778
attention@640,attention,640,GW240922_142106-v1-V1-qscan,GW240922_142106,0.0,0,,45.03859999931592
attention@640,attention,640,GW240923_000715-v1-H1-qscan,GW240923_000715,0.0,0,,41.62590000032651
attention@640,attention,640,GW240923_000715-v1-L1-qscan,GW240923_000715,0.0,0,,43.11719999986963
attention@640,attention,640,GW240923_000715-v1-V1-qscan,GW240923_000715,0.0,0,,39.62290000072244
attention@640,attention,640,GW240923_110846-v1-H1-qscan,GW240923_110846,0.8802185654640198,2,0.88021857;0.29999423,39.79479999998148
attention@640,attention,640,GW240923_204006-v1-H1-qscan,GW240923_204006,0.2536522448062897,1,0.25365224,39.7116999993159
attention@640,attention,640,GW240923_204006-v1-L1-qscan,GW240923_204006,0.655627965927124,5,0.65562797;0.58412844;0.07307731;0.03239993;0.03154480,40.65039999932196
attention@640,attention,640,GW240924_000316-v1-H1-qscan,GW240924_000316,0.8779637217521667,2,0.87796372;0.05905582,41.192500000761356
attention@640,attention,640,GW240924_000316-v1-L1-qscan,GW240924_000316,0.08662168681621552,1,0.08662169,40.238399999907415
attention@640,attention,640,GW240924_000316-v1-V1-qscan,GW240924_000316,0.0,0,,44.44100000000617
attention@640,attention,640,GW240925_000956-v1-H1-qscan,GW240925_000956,0.0,0,,41.17880000012519
attention@640,attention,640,GW240925_000956-v1-L1-qscan,GW240925_000956,0.0,0,,43.929499999649124
attention@640,attention,640,GW240925_000956-v1-V1-qscan,GW240925_000956,0.03264046087861061,2,0.03264046;0.03090390,40.021900000283495
attention@640,attention,640,GW240925_005809-v2-H1-qscan,GW240925_005809,0.8609493374824524,4,0.86094934;0.05990444;0.04278593;0.03456514,41.05819999949745
attention@640,attention,640,GW240925_005809-v2-L1-qscan,GW240925_005809,0.8299035429954529,1,0.82990354,39.82319999977335
attention@640,attention,640,GW240925_005809-v2-V1-qscan,GW240925_005809,0.0,0,,38.94750000017666
attention@640,attention,640,GW240930_035959-v1-H1-qscan,GW240930_035959,0.34824153780937195,3,0.34824154;0.32128352;0.14879616,39.021499999762455
attention@640,attention,640,GW240930_035959-v1-L1-qscan,GW240930_035959,0.27374452352523804,4,0.27374452;0.05837058;0.03267499;0.02412781,39.27540000040608
attention@640,attention,640,GW240930_035959-v1-V1-qscan,GW240930_035959,0.0,0,,45.245200000863406
attention@640,attention,640,GW240930_123408-v1-H1-qscan,GW240930_123408,0.6441701650619507,4,0.64417017;0.18416910;0.06181512;0.02655878,39.407000000210246
attention@640,attention,640,GW240930_123408-v1-L1-qscan,GW240930_123408,0.0,0,,43.38759999973263
attention@640,attention,640,GW240930_123408-v1-V1-qscan,GW240930_123408,0.0,0,,40.24680000020453
attention@640,attention,640,GW240930_234614-v1-H1-qscan,GW240930_234614,0.0,0,,40.59679999954824
attention@640,attention,640,GW240930_234614-v1-L1-qscan,GW240930_234614,0.27182894945144653,4,0.27182895;0.22392489;0.09702801;0.03432465,39.88570000001346
attention@640,attention,640,GW240930_234614-v1-V1-qscan,GW240930_234614,0.0,0,,40.12120000061259
attention@640,attention,640,GW241002_030559-v1-L1-qscan,GW241002_030559,0.728462815284729,1,0.72846282,40.02630000013596
attention@640,attention,640,GW241002_030559-v1-V1-qscan,GW241002_030559,0.036949463188648224,1,0.03694946,39.57349999927828
attention@640,attention,640,GW241006_015333-v1-H1-qscan,GW241006_015333,0.8624286651611328,4,0.86242867;0.02834797;0.02804103;0.02260516,44.50079999969603
attention@640,attention,640,GW241006_015333-v1-L1-qscan,GW241006_015333,0.8912777304649353,2,0.89127773;0.01077425,40.05719999986468
attention@640,attention,640,GW241006_015333-v1-V1-qscan,GW241006_015333,0.0277993343770504,1,0.02779933,44.64129999996658
attention@640,attention,640,GW241007_082943-v1-H1-qscan,GW241007_082943,0.9155174493789673,1,0.91551745,39.50840000015887
attention@640,attention,640,GW241007_082943-v1-L1-qscan,GW241007_082943,0.0187264084815979,1,0.01872641,45.14119999930699
attention@640,attention,640,GW241007_082943-v1-V1-qscan,GW241007_082943,0.0,0,,39.95390000000043
attention@640,attention,640,GW241009_022835-v1-H1-qscan,GW241009_022835,0.0,0,,44.12839999986318
attention@640,attention,640,GW241009_022835-v1-L1-qscan,GW241009_022835,0.038265813142061234,1,0.03826581,38.995799999611336
attention@640,attention,640,GW241009_022835-v1-V1-qscan,GW241009_022835,0.0,0,,39.34140000001207
attention@640,attention,640,GW241009_084816-v1-H1-qscan,GW241009_084816,0.48386329412460327,4,0.48386329;0.34540147;0.07727899;0.06021472,39.24910000023374
attention@640,attention,640,GW241009_084816-v1-L1-qscan,GW241009_084816,0.0,0,,40.64299999936338
attention@640,attention,640,GW241009_084816-v1-V1-qscan,GW241009_084816,0.0,0,,44.72879999957513
attention@640,attention,640,GW241009_220455-v1-H1-qscan,GW241009_220455,0.15501320362091064,2,0.15501320;0.13775836,40.01769999922544
attention@640,attention,640,GW241009_220455-v1-L1-qscan,GW241009_220455,0.022766167297959328,1,0.02276617,44.8249000000942
attention@640,attention,640,GW241009_220455-v1-V1-qscan,GW241009_220455,0.6985279321670532,1,0.69852793,39.80689999934839
attention@640,attention,640,GW241011_233834-v2-H1-qscan,GW241011_233834,0.9580327868461609,1,0.95803279,44.70099999980448
attention@640,attention,640,GW241011_233834-v2-V1-qscan,GW241011_233834,0.14853018522262573,1,0.14853019,40.61760000058712
attention@640,attention,640,GW241018_235402-v1-H1-qscan,GW241018_235402,0.16098839044570923,2,0.16098839;0.02091826,44.83840000011696
attention@640,attention,640,GW241018_235402-v1-V1-qscan,GW241018_235402,0.0,0,,40.84270000021206
attention@640,attention,640,GW241101_034726-v1-H1-qscan,GW241101_034726,0.0,0,,42.62109999945096
attention@640,attention,640,GW241101_034726-v1-L1-qscan,GW241101_034726,0.03878375515341759,3,0.03878376;0.03393841;0.01680702,40.51190000063798
attention@640,attention,640,GW241101_034726-v1-V1-qscan,GW241101_034726,0.029456939548254013,1,0.02945694,41.842499999802385
attention@640,attention,640,GW241101_220523-v1-L1-qscan,GW241101_220523,0.8529842495918274,3,0.85298425;0.04542312;0.03708376,39.4626999996035
attention@640,attention,640,GW241101_220523-v1-V1-qscan,GW241101_220523,0.0,0,,42.26070000004256
attention@640,attention,640,GW241102_124058-v1-H1-qscan,GW241102_124058,0.06358989328145981,3,0.06358989;0.05167398;0.03649564,39.20100000050297
attention@640,attention,640,GW241102_124058-v1-L1-qscan,GW241102_124058,0.6925306916236877,2,0.69253069;0.04023246,40.261699999973644
attention@640,attention,640,GW241102_124058-v1-V1-qscan,GW241102_124058,0.013450021855533123,1,0.01345002,38.368999999875086
attention@640,attention,640,GW241102_144729-v1-H1-qscan,GW241102_144729,0.8579868078231812,2,0.85798681;0.07665649,40.90619999988121
attention@640,attention,640,GW241102_144729-v1-L1-qscan,GW241102_144729,0.39967021346092224,2,0.39967021;0.02444172,42.74290000012115
attention@640,attention,640,GW241102_144729-v1-V1-qscan,GW241102_144729,0.0,0,,41.053500000089116
attention@640,attention,640,GW241106_110932-v1-H1-qscan,GW241106_110932,0.0,0,,44.22879999947327
attention@640,attention,640,GW241106_110932-v1-L1-qscan,GW241106_110932,0.0,0,,42.56809999969846
attention@640,attention,640,GW241106_110932-v1-V1-qscan,GW241106_110932,0.0,0,,41.04630000074394
attention@640,attention,640,GW241109_005349-v1-H1-qscan,GW241109_005349,0.0,0,,42.32329999922513
attention@640,attention,640,GW241109_005349-v1-L1-qscan,GW241109_005349,0.0,0,,42.77240000010352
attention@640,attention,640,GW241109_033317-v1-L1-qscan,GW241109_033317,0.12015996128320694,1,0.12015996,43.944900000497
attention@640,attention,640,GW241109_033317-v1-V1-qscan,GW241109_033317,0.02921067364513874,1,0.02921067,41.65810000085912
attention@640,attention,640,GW241109_115924-v1-H1-qscan,GW241109_115924,0.7478237748146057,1,0.74782377,40.4062999996313
attention@640,attention,640,GW241109_115924-v1-V1-qscan,GW241109_115924,0.0,0,,41.22229999939009
attention@640,attention,640,GW241110_124123-v2-H1-qscan,GW241110_124123,0.5248908996582031,5,0.52489090;0.23393795;0.11403708;0.06351417;0.02380002,40.6474999999773
attention@640,attention,640,GW241110_124123-v2-L1-qscan,GW241110_124123,0.06934785842895508,3,0.06934786;0.03161619;0.01422759,43.504800000846444
attention@640,attention,640,GW241110_124123-v2-V1-qscan,GW241110_124123,0.2760525643825531,1,0.27605256,39.84219999983907
attention@640,attention,640,GW241111_111552-v1-H1-qscan,GW241111_111552,0.7999791502952576,4,0.79997915;0.33523843;0.06639612;0.06314722,44.18000000077882
attention@640,attention,640,GW241111_111552-v1-L1-qscan,GW241111_111552,0.022958382964134216,2,0.02295838;0.01150183,39.53500000079657
attention@640,attention,640,GW241113_163507-v1-L1-qscan,GW241113_163507,0.8533245921134949,2,0.85332459;0.14323539,43.70749999998225
attention@640,attention,640,GW241113_163507-v1-V1-qscan,GW241113_163507,0.018062200397253036,1,0.01806220,40.58340000028693
attention@640,attention,640,GW241114_024711-v1-H1-qscan,GW241114_024711,0.27833572030067444,3,0.27833572;0.05334710;0.04446689,44.54769999938435
attention@640,attention,640,GW241114_024711-v1-L1-qscan,GW241114_024711,0.36012834310531616,3,0.36012834;0.18179391;0.02189669,40.3308000004472
attention@640,attention,640,GW241114_024711-v1-V1-qscan,GW241114_024711,0.0,0,,41.756599999644095
attention@640,attention,640,GW241114_235258-v1-L1-qscan,GW241114_235258,0.02220834791660309,1,0.02220835,39.52050000043528
attention@640,attention,640,GW241114_235258-v1-V1-qscan,GW241114_235258,0.0,0,,41.04269999970711
attention@640,attention,640,GW241116_151753-v1-H1-qscan,GW241116_151753,0.12119385600090027,2,0.12119386;0.08443590,38.68400000010297
attention@640,attention,640,GW241116_151753-v1-L1-qscan,GW241116_151753,0.0,0,,41.25019999992219
attention@640,attention,640,GW241116_151753-v1-V1-qscan,GW241116_151753,0.0,0,,44.005400000060035
attention@640,attention,640,GW241124_024914-v1-H1-qscan,GW241124_024914,0.9301706552505493,1,0.93017066,40.384899999480695
attention@640,attention,640,GW241124_024914-v1-L1-qscan,GW241124_024914,0.46475735306739807,3,0.46475735;0.36887705;0.11505959,44.039600000360224
attention@640,attention,640,GW241124_024914-v1-V1-qscan,GW241124_024914,0.0,0,,40.83329999957641
attention@640,attention,640,GW241125_010116-v1-H1-qscan,GW241125_010116,0.11857185512781143,3,0.11857186;0.02652650;0.02206022,45.574300000225776
attention@640,attention,640,GW241125_010116-v1-L1-qscan,GW241125_010116,0.5954818725585938,1,0.59548187,41.33300000012241
attention@640,attention,640,GW241125_010116-v1-V1-qscan,GW241125_010116,0.0,0,,43.77620000013849
attention@640,attention,640,GW241127_061008-v1-H1-qscan,GW241127_061008,0.8173543810844421,2,0.81735438;0.01354660,39.74899999957415
attention@640,attention,640,GW241127_061008-v1-L1-qscan,GW241127_061008,0.9186616539955139,1,0.91866165,44.98479999983829
attention@640,attention,640,GW241127_061008-v1-V1-qscan,GW241127_061008,0.01791018806397915,1,0.01791019,39.698999999927764
attention@640,attention,640,GW241129_021832-v1-H1-qscan,GW241129_021832,0.9229763150215149,1,0.92297632,44.580100000530365
attention@640,attention,640,GW241129_021832-v1-L1-qscan,GW241129_021832,0.893298864364624,1,0.89329886,39.69090000009601
attention@640,attention,640,GW241129_021832-v1-V1-qscan,GW241129_021832,0.0,0,,44.674200000372366
attention@640,attention,640,GW241129_140416-v1-H1-qscan,GW241129_140416,0.0,0,,40.08520000024873
attention@640,attention,640,GW241129_140416-v1-L1-qscan,GW241129_140416,0.16064688563346863,1,0.16064689,43.86100000010629
attention@640,attention,640,GW241130_034908-v1-H1-qscan,GW241130_034908,0.6723612546920776,3,0.67236125;0.19190313;0.06766461,39.41130000021076
attention@640,attention,640,GW241130_034908-v1-L1-qscan,GW241130_034908,0.4899602234363556,2,0.48996022;0.12446865,41.4956999993592
attention@640,attention,640,GW241130_034908-v1-V1-qscan,GW241130_034908,0.0,0,,39.310599999225815
attention@640,attention,640,GW241130_110422-v1-H1-qscan,GW241130_110422,0.07802166789770126,3,0.07802167;0.03702751;0.01618681,39.95030000078259
attention@640,attention,640,GW241130_110422-v1-L1-qscan,GW241130_110422,0.0,0,,39.439600000150676
attention@640,attention,640,GW241130_110422-v1-V1-qscan,GW241130_110422,0.0,0,,40.394600000581704
attention@640,attention,640,GW241201_055758-v1-H1-qscan,GW241201_055758,0.7573896050453186,2,0.75738961;0.28101468,43.40520000005199
attention@640,attention,640,GW241201_055758-v1-L1-qscan,GW241201_055758,0.0,0,,40.181300000767806
attention@640,attention,640,GW241201_055758-v1-V1-qscan,GW241201_055758,0.0,0,,39.75239999999758
attention@640,attention,640,GW241201_142737-v1-H1-qscan,GW241201_142737,0.0,0,,40.8196999997017
attention@640,attention,640,GW241201_142737-v1-L1-qscan,GW241201_142737,0.09691939502954483,2,0.09691940;0.06589948,40.249100000437465
attention@640,attention,640,GW241201_142737-v1-V1-qscan,GW241201_142737,0.29225924611091614,2,0.29225925;0.03764543,38.99540000020352
attention@640,attention,640,GW241210_023335-v1-H1-qscan,GW241210_023335,0.0,0,,39.92290000041976
attention@640,attention,640,GW241210_023335-v1-L1-qscan,GW241210_023335,0.30324283242225647,1,0.30324283,42.46469999998226
attention@640,attention,640,GW241210_060606-v1-H1-qscan,GW241210_060606,0.3640900254249573,3,0.36409003;0.20676295;0.01021592,39.89799999999377
attention@640,attention,640,GW241210_060606-v1-L1-qscan,GW241210_060606,0.5588425397872925,3,0.55884254;0.52044010;0.21413448,40.585599999758415
attention@640,attention,640,GW241210_060606-v1-V1-qscan,GW241210_060606,0.23217105865478516,2,0.23217106;0.15965477,40.026599999691825
attention@640,attention,640,GW241210_120900-v1-H1-qscan,GW241210_120900,0.0,0,,39.735100000143575
attention@640,attention,640,GW241210_120900-v1-L1-qscan,GW241210_120900,0.8853767514228821,2,0.88537675;0.04588575,38.6716000002707
attention@640,attention,640,GW241219_222607-v1-H1-qscan,GW241219_222607,0.0,0,,41.070500000387256
attention@640,attention,640,GW241219_222607-v1-L1-qscan,GW241219_222607,0.012626970186829567,1,0.01262697,45.8401000005324
attention@640,attention,640,GW241220_062146-v1-H1-qscan,GW241220_062146,0.0,0,,40.94649999933608
attention@640,attention,640,GW241220_062146-v1-L1-qscan,GW241220_062146,0.0,0,,44.56990000016958
attention@640,attention,640,GW241225_042553-v1-L1-qscan,GW241225_042553,0.8485637307167053,4,0.84856373;0.48103717;0.19258080;0.05565704,40.14200000074197
attention@640,attention,640,GW241225_042553-v1-V1-qscan,GW241225_042553,0.015159876085817814,2,0.01515988;0.01323213,44.67579999982263
attention@640,attention,640,GW241225_082815-v1-H1-qscan,GW241225_082815,0.4753696024417877,2,0.47536960;0.02749703,39.6123999998963
attention@640,attention,640,GW241225_082815-v1-L1-qscan,GW241225_082815,0.8560991883277893,2,0.85609919;0.14370926,44.8300999996718
attention@640,attention,640,GW241229_155844-v1-H1-qscan,GW241229_155844,0.15591560304164886,2,0.15591560;0.04853247,39.429200000085984
attention@640,attention,640,GW241229_155844-v1-L1-qscan,GW241229_155844,0.01947428286075592,1,0.01947428,44.95500000030006
attention@640,attention,640,GW241229_155844-v1-V1-qscan,GW241229_155844,0.0,0,,41.164799999933166
attention@640,attention,640,GW241230_084504-v1-L1-qscan,GW241230_084504,0.8082090616226196,3,0.80820906;0.06642929;0.01315078,46.1076999999932
attention@640,attention,640,GW241230_084504-v1-V1-qscan,GW241230_084504,0.0,0,,39.77130000021134
attention@640,attention,640,GW241230_233618-v1-H1-qscan,GW241230_233618,0.015085794031620026,1,0.01508579,43.73979999945732
attention@640,attention,640,GW241230_233618-v1-L1-qscan,GW241230_233618,0.67933189868927,5,0.67933190;0.58114827;0.08977574;0.03554129;0.01238295,39.58690000035858
attention@640,attention,640,GW241230_233618-v1-V1-qscan,GW241230_233618,0.0,0,,43.89099999934842
attention@640,attention,640,GW241231_054133-v1-H1-qscan,GW241231_054133,0.7717233300209045,1,0.77172333,39.73799999948824
attention@640,attention,640,GW241231_054133-v1-L1-qscan,GW241231_054133,0.07113233953714371,2,0.07113234;0.06330439,41.99549999975716
attention@640,attention,640,GW241231_054133-v1-V1-qscan,GW241231_054133,0.0,0,,40.55049999988114
attention@640,attention,640,GW250101_011205-v1-H1-qscan,GW250101_011205,0.0880245715379715,2,0.08802457;0.01239299,39.416899999196175
attention@640,attention,640,GW250101_011205-v1-L1-qscan,GW250101_011205,0.7551818490028381,2,0.75518185;0.01065608,38.84170000037557
attention@640,attention,640,GW250101_011205-v1-V1-qscan,GW250101_011205,0.0,0,,40.854099999705795
attention@640,attention,640,GW250104_015122-v1-H1-qscan,GW250104_015122,0.07604150474071503,2,0.07604150;0.02199446,43.935200000305485
attention@640,attention,640,GW250104_015122-v1-L1-qscan,GW250104_015122,0.2630214989185333,3,0.26302150;0.03412094;0.01154703,41.25300000032439
attention@640,attention,640,GW250104_015122-v1-V1-qscan,GW250104_015122,0.0,0,,43.0116999996244
attention@640,attention,640,GW250105_134047-v1-H1-qscan,GW250105_134047,0.0,0,,40.670399999726214
attention@640,attention,640,GW250105_134047-v1-L1-qscan,GW250105_134047,0.0,0,,44.37210000014602
attention@640,attention,640,GW250105_134047-v1-V1-qscan,GW250105_134047,0.0,0,,40.31529999974737
attention@640,attention,640,GW250108_152221-v1-H1-qscan,GW250108_152221,0.5554769039154053,3,0.55547690;0.16038710;0.01697792,44.57480000019132
attention@640,attention,640,GW250108_152221-v1-L1-qscan,GW250108_152221,0.7917312383651733,1,0.79173124,39.45289999956003
attention@640,attention,640,GW250108_152221-v1-V1-qscan,GW250108_152221,0.04348916560411453,1,0.04348917,44.31010000007518
attention@640,attention,640,GW250109_010541-v1-H1-qscan,GW250109_010541,0.15708842873573303,2,0.15708843;0.14568625,40.53300000032323
attention@640,attention,640,GW250109_010541-v1-L1-qscan,GW250109_010541,0.11229010671377182,3,0.11229011;0.10337076;0.03048780,45.496199999433884
attention@640,attention,640,GW250109_010541-v1-V1-qscan,GW250109_010541,0.5326551795005798,2,0.53265518;0.01134701,40.64010000001872
attention@640,attention,640,GW250109_074552-v1-H1-qscan,GW250109_074552,0.8987622261047363,1,0.89876223,44.61600000013277
attention@640,attention,640,GW250109_074552-v1-V1-qscan,GW250109_074552,0.035419803112745285,2,0.03541980;0.01172107,39.7979999997915
attention@640,attention,640,GW250109_083206-v1-H1-qscan,GW250109_083206,0.7358109354972839,3,0.73581094;0.13201031;0.10183721,45.607499999277934
attention@640,attention,640,GW250109_083206-v1-V1-qscan,GW250109_083206,0.0,0,,41.309999999612046
attention@640,attention,640,GW250114_082203-v2-H1-qscan,GW250114_082203,0.0,0,,44.66370000045572
attention@640,attention,640,GW250114_082203-v2-L1-qscan,GW250114_082203,0.018767453730106354,1,0.01876745,39.761400000315916
attention@640,attention,640,GW250116_015318-v1-H1-qscan,GW250116_015318,0.4090200364589691,4,0.40902004;0.36320937;0.24227959;0.01157729,44.811400000071444
attention@640,attention,640,GW250116_015318-v1-L1-qscan,GW250116_015318,0.0,0,,39.129299999331124
attention@640,attention,640,GW250116_015318-v1-V1-qscan,GW250116_015318,0.0,0,,44.56759999993665
attention@640,attention,640,GW250116_051426-v1-H1-qscan,GW250116_051426,0.020229704678058624,1,0.02022970,39.67139999986102
attention@640,attention,640,GW250116_051426-v1-L1-qscan,GW250116_051426,0.0,0,,42.74650000024849
attention@640,attention,640,GW250118_023225-v1-H1-qscan,GW250118_023225,0.5787525773048401,2,0.57875258;0.04324184,39.226099999723374
attention@640,attention,640,GW250118_023225-v1-L1-qscan,GW250118_023225,0.495938777923584,2,0.49593878;0.31454176,39.53469999942172
attention@640,attention,640,GW250118_023225-v1-V1-qscan,GW250118_023225,0.0,0,,40.66289999991568
attention@640,attention,640,GW250118_055802-v1-H1-qscan,GW250118_055802,0.34424203634262085,1,0.34424204,40.76710000026651
attention@640,attention,640,GW250118_055802-v1-L1-qscan,GW250118_055802,0.07510443031787872,2,0.07510443;0.02887377,41.34329999942565
attention@640,attention,640,GW250118_055802-v1-V1-qscan,GW250118_055802,0.0,0,,40.282099999785714
attention@640,attention,640,GW250118_170523-v1-H1-qscan,GW250118_170523,0.90240478515625,2,0.90240479;0.04029984,44.45060000034573
attention@640,attention,640,GW250118_170523-v1-L1-qscan,GW250118_170523,0.11790989339351654,5,0.11790989;0.04067154;0.02894154;0.01440835;0.01369587,39.51299999971525
attention@640,attention,640,GW250119_025138-v1-H1-qscan,GW250119_025138,0.5991583466529846,2,0.59915835;0.34284955,45.47129999991739
attention@640,attention,640,GW250119_025138-v1-L1-qscan,GW250119_025138,0.6377280950546265,3,0.63772810;0.13535714;0.06750061,39.14580000036949
attention@640,attention,640,GW250119_025138-v1-V1-qscan,GW250119_025138,0.0,0,,43.62920000039594
attention@640,attention,640,GW250119_190238-v1-H1-qscan,GW250119_190238,0.432632714509964,1,0.43263271,39.19049999967683
attention@640,attention,640,GW250119_190238-v1-L1-qscan,GW250119_190238,0.13384094834327698,1,0.13384095,40.80999999951018
attention@640,attention,640,GW250119_190238-v1-V1-qscan,GW250119_190238,0.0,0,,39.697899999737274
attention@640,attention,640,GW250120_042414-v1-H1-qscan,GW250120_042414,0.011873193085193634,1,0.01187319,48.62090000005992
attention@640,attention,640,GW250120_042414-v1-L1-qscan,GW250120_042414,0.0,0,,39.089099999728205
attention@640,attention,640,GW250120_042414-v1-V1-qscan,GW250120_042414,0.08220277726650238,1,0.08220278,39.84980000041105
attention@768,attention,768,GW240406_062847-v1-H1-qscan,GW240406_062847,0.0,0,,66.57279999944876
attention@768,attention,768,GW240406_062847-v1-L1-qscan,GW240406_062847,0.0,0,,67.21430000015971
attention@768,attention,768,GW240407_040938-v1-H1-qscan,GW240407_040938,0.16688869893550873,3,0.16688870;0.01828453;0.01599070,67.9998000005071
attention@768,attention,768,GW240407_040938-v1-L1-qscan,GW240407_040938,0.0,0,,65.67709999944782
attention@768,attention,768,GW240407_040938-v1-V1-qscan,GW240407_040938,0.04955505207180977,2,0.04955505;0.03938906,66.03559999985009
attention@768,attention,768,GW240407_061416-v1-H1-qscan,GW240407_061416,0.8042671084403992,2,0.80426711;0.59939307,65.91329999992013
attention@768,attention,768,GW240407_061416-v1-L1-qscan,GW240407_061416,0.03754987567663193,2,0.03754988;0.03575232,66.55140000020765
attention@768,attention,768,GW240407_061416-v1-V1-qscan,GW240407_061416,0.0,0,,67.17759999992268
attention@768,attention,768,GW240407_214946-v1-H1-qscan,GW240407_214946,0.0,0,,66.67659999948228
attention@768,attention,768,GW240407_214946-v1-L1-qscan,GW240407_214946,0.0,0,,66.02430000020831
attention@768,attention,768,GW240407_214946-v1-V1-qscan,GW240407_214946,0.0,0,,66.25420000000304
attention@768,attention,768,GW240408_081753-v1-H1-qscan,GW240408_081753,0.015337865799665451,1,0.01533787,66.07350000012957
attention@768,attention,768,GW240408_081753-v1-L1-qscan,GW240408_081753,0.0,0,,66.62169999981415
attention@768,attention,768,GW240411_074140-v1-H1-qscan,GW240411_074140,0.022995971143245697,1,0.02299597,64.10450000021228
attention@768,attention,768,GW240411_074140-v1-L1-qscan,GW240411_074140,0.1585542857646942,1,0.15855429,67.95469999997295
attention@768,attention,768,GW240413_022019-v1-H1-qscan,GW240413_022019,0.0,0,,66.67019999986223
attention@768,attention,768,GW240413_022019-v1-L1-qscan,GW240413_022019,0.49998021125793457,1,0.49998021,66.68820000049891
attention@768,attention,768,GW240413_022019-v1-V1-qscan,GW240413_022019,0.0,0,,64.72090000079334
attention@768,attention,768,GW240414_054515-v1-H1-qscan,GW240414_054515,0.835238516330719,3,0.83523852;0.62187308;0.06890782,66.47800000064308
attention@768,attention,768,GW240414_054515-v1-V1-qscan,GW240414_054515,0.1582081913948059,4,0.15820819;0.02526392;0.01786067;0.01118080,66.99680000019725
attention@768,attention,768,GW240419_041206-v1-H1-qscan,GW240419_041206,0.1128067672252655,2,0.11280677;0.01341622,66.8906999999308
attention@768,attention,768,GW240419_041206-v1-L1-qscan,GW240419_041206,0.02641213685274124,2,0.02641214;0.01738139,67.08270000035554
attention@768,attention,768,GW240419_041206-v1-V1-qscan,GW240419_041206,0.012330936267971992,1,0.01233094,65.99410000035277
attention@768,attention,768,GW240420_175625-v1-H1-qscan,GW240420_175625,0.72515869140625,4,0.72515869;0.25697729;0.03929340;0.02308039,63.99319999945874
attention@768,attention,768,GW240421_052935-v1-H1-qscan,GW240421_052935,0.4288574457168579,3,0.42885745;0.06535055;0.05357635,62.319599999682396
attention@768,attention,768,GW240421_052935-v1-L1-qscan,GW240421_052935,0.0,0,,65.40689999928873
attention@768,attention,768,GW240421_052935-v1-V1-qscan,GW240421_052935,0.0,0,,65.6992000003811
attention@768,attention,768,GW240426_031451-v1-H1-qscan,GW240426_031451,0.0,0,,66.35850000020582
attention@768,attention,768,GW240426_031451-v1-L1-qscan,GW240426_031451,0.15586848556995392,1,0.15586849,62.44139999944309
attention@768,attention,768,GW240426_085802-v1-H1-qscan,GW240426_085802,0.12973399460315704,3,0.12973399;0.08485522;0.02655101,66.96320000082778
attention@768,attention,768,GW240426_085802-v1-L1-qscan,GW240426_085802,0.0,0,,67.7650999996331
attention@768,attention,768,GW240426_085802-v1-V1-qscan,GW240426_085802,0.0,0,,66.72850000086328
attention@768,attention,768,GW240428_225440-v1-H1-qscan,GW240428_225440,0.6549955606460571,3,0.65499556;0.44836068;0.01135644,60.80450000081328
attention@768,attention,768,GW240428_225440-v1-V1-qscan,GW240428_225440,0.05777985602617264,1,0.05777986,65.44920000033017
attention@768,attention,768,GW240430_093517-v1-H1-qscan,GW240430_093517,0.0,0,,64.95160000031319
attention@768,attention,768,GW240430_093517-v1-L1-qscan,GW240430_093517,0.35267144441604614,5,0.35267144;0.16535684;0.03861899;0.03205693;0.02919598,66.88089999988733
attention@768,attention,768,GW240501_033534-v1-H1-qscan,GW240501_033534,0.8929222226142883,2,0.89292222;0.09759855,61.44129999938741
attention@768,attention,768,GW240501_033534-v1-L1-qscan,GW240501_033534,0.8325897455215454,4,0.83258975;0.02635448;0.01105389;0.01056727,65.77480000032665
attention@768,attention,768,GW240501_033534-v1-V1-qscan,GW240501_033534,0.0,0,,67.94360000003508
attention@768,attention,768,GW240505_133552-v1-H1-qscan,GW240505_133552,0.020738596096634865,1,0.02073860,66.17290000031062
attention@768,attention,768,GW240505_133552-v1-L1-qscan,GW240505_133552,0.5813539028167725,4,0.58135390;0.17857787;0.02080560;0.01952361,61.65959999998449
attention@768,attention,768,GW240505_133552-v1-V1-qscan,GW240505_133552,0.0,0,,66.70919999942271
attention@768,attention,768,GW240507_041632-v1-H1-qscan,GW240507_041632,0.3416460156440735,1,0.34164602,66.57039999936387
attention@768,attention,768,GW240507_041632-v1-L1-qscan,GW240507_041632,0.5743913650512695,3,0.57439137;0.09002757;0.01399837,66.85809999999037
attention@768,attention,768,GW240507_041632-v1-V1-qscan,GW240507_041632,0.0,0,,62.246999999842956
attention@768,attention,768,GW240509_102351-v1-H1-qscan,GW240509_102351,0.0,0,,65.86309999966034
attention@768,attention,768,GW240509_102351-v1-L1-qscan,GW240509_102351,0.018461281433701515,1,0.01846128,65.60609999996814
attention@768,attention,768,GW240509_102351-v1-V1-qscan,GW240509_102351,0.0,0,,66.47659999998723
attention@768,attention,768,GW240511_031507-v1-H1-qscan,GW240511_031507,0.8854359984397888,2,0.88543600;0.22659038,63.38120000054914
attention@768,attention,768,GW240511_031507-v1-L1-qscan,GW240511_031507,0.7698332667350769,1,0.76983327,61.312200000429584
attention@768,attention,768,GW240511_031507-v1-V1-qscan,GW240511_031507,0.06330283731222153,3,0.06330284;0.03670787;0.03104887,67.10250000014639
attention@768,attention,768,GW240512_024139-v1-H1-qscan,GW240512_024139,0.0,0,,66.49060000017926
attention@768,attention,768,GW240512_024139-v1-L1-qscan,GW240512_024139,0.1177014634013176,8,0.11770146;0.09201016;0.07983492;0.07655887;0.02007451;0.01607324;0.01196875;0.01102265,65.57290000000648
attention@768,attention,768,GW240512_024139-v1-V1-qscan,GW240512_024139,0.0,0,,63.46159999975498
attention@768,attention,768,GW240512_051606-v1-H1-qscan,GW240512_051606,0.11458314210176468,3,0.11458314;0.02917180;0.01424058,66.39009999980772
attention@768,attention,768,GW240512_051606-v1-L1-qscan,GW240512_051606,0.03549027815461159,2,0.03549028;0.01413369,65.87190000027476
attention@768,attention,768,GW240512_051606-v1-V1-qscan,GW240512_051606,0.0,0,,65.55090000074415
attention@768,attention,768,GW240513_183302-v1-H1-qscan,GW240513_183302,0.6227084994316101,2,0.62270850;0.58710927,68.41910000002827
attention@768,attention,768,GW240513_183302-v1-L1-qscan,GW240513_183302,0.6296015977859497,6,0.62960160;0.19688606;0.07205323;0.04906307;0.03289824;0.03039612,66.39919999997801
attention@768,attention,768,GW240513_183302-v1-V1-qscan,GW240513_183302,0.0,0,,65.60609999996814
attention@768,attention,768,GW240514_121713-v1-H1-qscan,GW240514_121713,0.5467773675918579,2,0.54677737;0.16468589,66.63729999945645
attention@768,attention,768,GW240514_121713-v1-L1-qscan,GW240514_121713,0.7310908436775208,2,0.73109084;0.01639152,61.33050000062212
attention@768,attention,768,GW240514_121713-v1-V1-qscan,GW240514_121713,0.0,0,,61.251500000253145
attention@768,attention,768,GW240515_005301-v1-H1-qscan,GW240515_005301,0.9043284058570862,3,0.90432841;0.03154382;0.02140953,64.34280000030412
attention@768,attention,768,GW240515_005301-v1-L1-qscan,GW240515_005301,0.35183826088905334,3,0.35183826;0.25222015;0.05163533,66.32759999956761
attention@768,attention,768,GW240515_005301-v1-V1-qscan,GW240515_005301,0.0,0,,66.24510000074224
attention@768,attention,768,GW240516_041939-v1-H1-qscan,GW240516_041939,0.0,0,,67.54590000036842
attention@768,attention,768,GW240516_041939-v1-L1-qscan,GW240516_041939,0.0,0,,66.91560000035679
attention@768,attention,768,GW240516_041939-v1-V1-qscan,GW240516_041939,0.01837386004626751,1,0.01837386,65.8436999992773
attention@768,attention,768,GW240519_012815-v1-L1-qscan,GW240519_012815,0.8686980605125427,1,0.86869806,66.74949999978708
attention@768,attention,768,GW240519_012815-v1-V1-qscan,GW240519_012815,0.7890950441360474,3,0.78909504;0.21384241;0.02692667,61.45069999911357
attention@768,attention,768,GW240520_213616-v1-H1-qscan,GW240520_213616,0.31952765583992004,3,0.31952766;0.03718247;0.01235625,63.77070000053209
attention@768,attention,768,GW240520_213616-v1-L1-qscan,GW240520_213616,0.0,0,,64.94259999999485
attention@768,attention,768,GW240520_213616-v1-V1-qscan,GW240520_213616,0.0,0,,66.81920000028185
attention@768,attention,768,GW240525_031210-v1-H1-qscan,GW240525_031210,0.5326708555221558,6,0.53267086;0.49462718;0.06469245;0.03283914;0.02931435;0.01140663,66.2384999995993
attention@768,attention,768,GW240525_031210-v1-L1-qscan,GW240525_031210,0.4969623386859894,2,0.49696234;0.12909609,62.802499999634165
attention@768,attention,768,GW240525_031210-v1-V1-qscan,GW240525_031210,0.0,0,,64.38969999999244
attention@768,attention,768,GW240525_201644-v1-H1-qscan,GW240525_201644,0.0,0,,66.56759999987116
attention@768,attention,768,GW240525_201644-v1-L1-qscan,GW240525_201644,0.0,0,,68.31580000016402
attention@768,attention,768,GW240525_201644-v1-V1-qscan,GW240525_201644,0.0,0,,67.20369999948161
attention@768,attention,768,GW240526_093944-v1-H1-qscan,GW240526_093944,0.6449777483940125,2,0.64497775;0.04225725,66.22289999995701
attention@768,attention,768,GW240526_093944-v1-L1-qscan,GW240526_093944,0.0,0,,66.64839999939431
attention@768,attention,768,GW240526_093944-v1-V1-qscan,GW240526_093944,0.0,0,,65.86950000018987
attention@768,attention,768,GW240527_150907-v1-H1-qscan,GW240527_150907,0.0,0,,65.88060000012774
attention@768,attention,768,GW240527_150907-v1-L1-qscan,GW240527_150907,0.0,0,,65.81769999957032
attention@768,attention,768,GW240527_150907-v1-V1-qscan,GW240527_150907,0.0259010661393404,1,0.02590107,67.81799999953364
attention@768,attention,768,GW240527_183429-v1-H1-qscan,GW240527_183429,0.540144145488739,3,0.54014415;0.27807641;0.04103663,65.617199999906
attention@768,attention,768,GW240527_183429-v1-L1-qscan,GW240527_183429,0.16946512460708618,2,0.16946512;0.10201599,65.52220000048692
attention@768,attention,768,GW240527_183429-v1-V1-qscan,GW240527_183429,0.0,0,,65.52040000042325
attention@768,attention,768,GW240527_230910-v1-H1-qscan,GW240527_230910,0.15386216342449188,1,0.15386216,66.46660000023985
attention@768,attention,768,GW240527_230910-v1-L1-qscan,GW240527_230910,0.0,0,,66.42830000055255
attention@768,attention,768,GW240527_230910-v1-V1-qscan,GW240527_230910,0.09525811672210693,1,0.09525812,66.61620000068069
attention@768,attention,768,GW240530_012417-v1-H1-qscan,GW240530_012417,0.10241858661174774,3,0.10241859;0.03505188;0.01676515,65.73590000061813
attention@768,attention,768,GW240530_012417-v1-L1-qscan,GW240530_012417,0.6861793398857117,4,0.68617934;0.14608426;0.02995349;0.01683366,64.89559999954508
attention@768,attention,768,GW240530_012417-v1-V1-qscan,GW240530_012417,0.0,0,,65.9802000000127
attention@768,attention,768,GW240531_040326-v1-H1-qscan,GW240531_040326,0.10793787986040115,4,0.10793788;0.04656175;0.02841887;0.01617382,67.19720000000962
attention@768,attention,768,GW240531_040326-v1-L1-qscan,GW240531_040326,0.0,0,,66.15959999999177
attention@768,attention,768,GW240531_040326-v1-V1-qscan,GW240531_040326,0.0,0,,66.17469999946479
attention@768,attention,768,GW240531_075248-v1-H1-qscan,GW240531_075248,0.0,0,,66.72820000039792
attention@768,attention,768,GW240531_075248-v1-L1-qscan,GW240531_075248,0.49774169921875,4,0.49774170;0.27239996;0.18836494;0.01457897,66.28139999975247
attention@768,attention,768,GW240531_075248-v1-V1-qscan,GW240531_075248,0.02024652808904648,1,0.02024653,60.71979999978794
attention@768,attention,768,GW240601_061200-v1-H1-qscan,GW240601_061200,0.051431816071271896,1,0.05143182,66.38259999999718
attention@768,attention,768,GW240601_061200-v1-L1-qscan,GW240601_061200,0.5568332076072693,2,0.55683321;0.22247258,66.76659999993717
attention@768,attention,768,GW240601_061200-v1-V1-qscan,GW240601_061200,0.0,0,,66.617700000279
attention@768,attention,768,GW240601_231004-v1-H1-qscan,GW240601_231004,0.0,0,,65.86020000031567
attention@768,attention,768,GW240601_231004-v1-L1-qscan,GW240601_231004,0.0,0,,68.22620000002644
attention@768,attention,768,GW240601_231004-v1-V1-qscan,GW240601_231004,0.09439586848020554,2,0.09439587;0.02580069,65.26059999941936
attention@768,attention,768,GW240611_214835-v1-L1-qscan,GW240611_214835,0.2667672634124756,4,0.26676726;0.08172302;0.03649817;0.01594083,65.62290000056237
attention@768,attention,768,GW240611_214835-v1-V1-qscan,GW240611_214835,0.0,0,,65.75720000000729
attention@768,attention,768,GW240612_081540-v1-H1-qscan,GW240612_081540,0.35975998640060425,3,0.35975999;0.03854335;0.01599177,62.022300000535324
attention@768,attention,768,GW240612_081540-v1-L1-qscan,GW240612_081540,0.0,0,,66.43739999981335
attention@768,attention,768,GW240612_081540-v1-V1-qscan,GW240612_081540,0.0,0,,65.65500000033353
attention@768,attention,768,GW240613_011503-v1-H1-qscan,GW240613_011503,0.0,0,,67.39289999950415
attention@768,attention,768,GW240613_011503-v1-L1-qscan,GW240613_011503,0.08370324224233627,2,0.08370324;0.03567556,63.53549999948882
attention@768,attention,768,GW240613_011503-v1-V1-qscan,GW240613_011503,0.0,0,,66.3059999997131
attention@768,attention,768,GW240615_113620-v1-H1-qscan,GW240615_113620,0.927310049533844,1,0.92731005,66.61220000023604
attention@768,attention,768,GW240615_113620-v1-L1-qscan,GW240615_113620,0.1821664422750473,2,0.18216644;0.02358721,66.46189999992203
attention@768,attention,768,GW240615_113620-v1-V1-qscan,GW240615_113620,0.0,0,,65.88770000053046
attention@768,attention,768,GW240615_160735-v1-H1-qscan,GW240615_160735,0.30502572655677795,1,0.30502573,67.7112000003035
attention@768,attention,768,GW240615_160735-v1-L1-qscan,GW240615_160735,0.1886269450187683,4,0.18862695;0.02755415;0.02519948;0.01079804,67.22520000039367
attention@768,attention,768,GW240615_160735-v1-V1-qscan,GW240615_160735,0.0,0,,67.00450000062119
attention@768,attention,768,GW240618_071627-v1-H1-qscan,GW240618_071627,0.2528536319732666,2,0.25285363;0.01299303,63.51879999965604
attention@768,attention,768,GW240618_071627-v1-L1-qscan,GW240618_071627,0.0,0,,67.0548999996754
attention@768,attention,768,GW240619_044535-v1-H1-qscan,GW240619_044535,0.0,0,,71.68600000022707
attention@768,attention,768,GW240619_044535-v1-L1-qscan,GW240619_044535,0.0,0,,66.76270000025397
attention@768,attention,768,GW240619_044535-v1-V1-qscan,GW240619_044535,0.0,0,,62.90900000021793
attention@768,attention,768,GW240619_212357-v1-H1-qscan,GW240619_212357,0.8453995585441589,2,0.84539956;0.03381367,65.27040000037232
attention@768,attention,768,GW240619_212357-v1-L1-qscan,GW240619_212357,0.0,0,,65.29179999961343
attention@768,attention,768,GW240619_212357-v1-V1-qscan,GW240619_212357,0.03973061591386795,1,0.03973062,66.52300000041578
attention@768,attention,768,GW240620_094631-v1-H1-qscan,GW240620_094631,0.0,0,,65.72139999934734
attention@768,attention,768,GW240620_094631-v1-L1-qscan,GW240620_094631,0.0,0,,61.69369999952323
attention@768,attention,768,GW240620_094631-v1-V1-qscan,GW240620_094631,0.0,0,,64.34309999985999
attention@768,attention,768,GW240621_103457-v1-H1-qscan,GW240621_103457,0.1470293551683426,1,0.14702936,67.46399999974528
attention@768,attention,768,GW240621_103457-v1-L1-qscan,GW240621_103457,0.0,0,,65.91009999920061
attention@768,attention,768,GW240621_103457-v1-V1-qscan,GW240621_103457,0.0,0,,66.43520000034187
attention@768,attention,768,GW240621_195059-v1-H1-qscan,GW240621_195059,0.9625710248947144,1,0.96257102,62.231400000200665
attention@768,attention,768,GW240621_195059-v1-L1-qscan,GW240621_195059,0.9437075853347778,1,0.94370759,65.38799999998446
attention@768,attention,768,GW240621_195059-v1-V1-qscan,GW240621_195059,0.0,0,,66.6337000002386
attention@768,attention,768,GW240621_200935-v1-H1-qscan,GW240621_200935,0.26457709074020386,3,0.26457709;0.11769404;0.03356244,66.52180000037333
attention@768,attention,768,GW240621_200935-v1-L1-qscan,GW240621_200935,0.6268115043640137,4,0.62681150;0.45521256;0.27812955;0.07048246,69.20939999963593
attention@768,attention,768,GW240621_200935-v1-V1-qscan,GW240621_200935,0.0,0,,64.54910000047676
attention@768,attention,768,GW240621_214041-v1-H1-qscan,GW240621_214041,0.0,0,,65.99940000069182
attention@768,attention,768,GW240621_214041-v1-L1-qscan,GW240621_214041,0.842311441898346,2,0.84231144;0.03015996,66.23000000035972
attention@768,attention,768,GW240621_214041-v1-V1-qscan,GW240621_214041,0.0,0,,61.80939999921975
attention@768,attention,768,GW240622_004008-v1-H1-qscan,GW240622_004008,0.35451599955558777,3,0.35451600;0.14088507;0.01886510,62.02579999990121
attention@768,attention,768,GW240622_004008-v1-L1-qscan,GW240622_004008,0.8380545973777771,5,0.83805460;0.40707740;0.03752622;0.03274137;0.01632390,65.12250000014319
attention@768,attention,768,GW240622_004008-v1-V1-qscan,GW240622_004008,0.020127950236201286,1,0.02012795,68.76589999956195
attention@768,attention,768,GW240625_073331-v1-H1-qscan,GW240625_073331,0.0,0,,66.71490000007907
attention@768,attention,768,GW240625_073331-v1-L1-qscan,GW240625_073331,0.0,0,,61.10950000038429
attention@768,attention,768,GW240627_131622-v1-H1-qscan,GW240627_131622,0.758578896522522,4,0.75857890;0.21332149;0.02166897;0.01335279,65.5309000003399
attention@768,attention,768,GW240627_131622-v1-L1-qscan,GW240627_131622,0.0,0,,66.46230000023934
attention@768,attention,768,GW240627_131622-v1-V1-qscan,GW240627_131622,0.0,0,,65.90630000027886
attention@768,attention,768,GW240629_145256-v1-H1-qscan,GW240629_145256,0.16486871242523193,4,0.16486871;0.02394941;0.01824875;0.01026916,65.70350000038161
attention@768,attention,768,GW240629_145256-v1-L1-qscan,GW240629_145256,0.6221498847007751,2,0.62214988;0.03210028,64.43899999976566
attention@768,attention,768,GW240629_145256-v1-V1-qscan,GW240629_145256,0.0,0,,65.54360000063753
attention@768,attention,768,GW240630_101703-v1-H1-qscan,GW240630_101703,0.18075494468212128,2,0.18075494;0.01594708,66.49689999994735
attention@768,attention,768,GW240630_101703-v1-V1-qscan,GW240630_101703,0.0,0,,66.17649999952846
attention@768,attention,768,GW240630_115348-v1-H1-qscan,GW240630_115348,0.2025001049041748,4,0.20250010;0.11010540;0.02191502;0.01070939,62.13099999968108
attention@768,attention,768,GW240630_115348-v1-L1-qscan,GW240630_115348,0.26925766468048096,1,0.26925766,64.43190000027244
attention@768,attention,768,GW240630_115348-v1-V1-qscan,GW240630_115348,0.054906971752643585,2,0.05490697;0.03963339,65.4341999997996
attention@768,attention,768,GW240630_212937-v1-H1-qscan,GW240630_212937,0.02021244540810585,1,0.02021245,67.06639999993058
attention@768,attention,768,GW240630_212937-v1-L1-qscan,GW240630_212937,0.012116420082747936,1,0.01211642,66.51599999986502
attention@768,attention,768,GW240630_212937-v1-V1-qscan,GW240630_212937,0.0,0,,62.062300000434334
attention@768,attention,768,GW240701_011640-v1-H1-qscan,GW240701_011640,0.030435414984822273,2,0.03043541;0.02785094,66.47220000013476
attention@768,attention,768,GW240701_011640-v1-L1-qscan,GW240701_011640,0.0,0,,66.3990000002741
attention@768,attention,768,GW240701_011640-v1-V1-qscan,GW240701_011640,0.0,0,,66.5686000002097
attention@768,attention,768,GW240701_013826-v1-H1-qscan,GW240701_013826,0.0,0,,66.26930000038556
attention@768,attention,768,GW240701_013826-v1-L1-qscan,GW240701_013826,0.0,0,,68.01999999970576
attention@768,attention,768,GW240701_013826-v1-V1-qscan,GW240701_013826,0.23936150968074799,1,0.23936151,65.55120000030001
attention@768,attention,768,GW240701_203807-v1-H1-qscan,GW240701_203807,0.0,0,,67.00699999964854
attention@768,attention,768,GW240701_203807-v1-L1-qscan,GW240701_203807,0.0,0,,67.14709999960178
attention@768,attention,768,GW240701_203807-v1-V1-qscan,GW240701_203807,0.06492452323436737,1,0.06492452,64.07099999978527
attention@768,attention,768,GW240703_191355-v1-L1-qscan,GW240703_191355,0.6395164132118225,2,0.63951641;0.08639564,65.66139999995357
attention@768,attention,768,GW240703_191355-v1-V1-qscan,GW240703_191355,0.010951604694128036,1,0.01095160,66.8007000003854
attention@768,attention,768,GW240705_053215-v1-H1-qscan,GW240705_053215,0.8793420791625977,2,0.87934208;0.02638027,68.08300000011513
attention@768,attention,768,GW240705_053215-v1-L1-qscan,GW240705_053215,0.9032937288284302,1,0.90329373,66.12219999988156
attention@768,attention,768,GW240705_053215-v1-V1-qscan,GW240705_053215,0.0,0,,66.32569999965199
attention@768,attention,768,GW240716_034900-v1-L1-qscan,GW240716_034900,0.3886801302433014,4,0.38868013;0.35516793;0.18784630;0.03631535,66.09839999964606
attention@768,attention,768,GW240716_034900-v1-V1-qscan,GW240716_034900,0.0,0,,61.48899999971036
attention@768,attention,768,GW240806_043539-v1-L1-qscan,GW240806_043539,0.02961297519505024,2,0.02961298;0.01064770,65.11460000001534
attention@768,attention,768,GW240806_043539-v1-V1-qscan,GW240806_043539,0.0,0,,65.86779999997816
attention@768,attention,768,GW240807_214559-v1-L1-qscan,GW240807_214559,0.023376381024718285,1,0.02337638,66.89370000003692
attention@768,attention,768,GW240807_214559-v1-V1-qscan,GW240807_214559,0.0,0,,66.08289999985573
attention@768,attention,768,GW240813_034548-v1-L1-qscan,GW240813_034548,0.0,0,,60.675800000353775
attention@768,attention,768,GW240813_034548-v1-V1-qscan,GW240813_034548,0.0,0,,64.1036000006352
attention@768,attention,768,GW240814_145043-v1-L1-qscan,GW240814_145043,0.20315751433372498,2,0.20315751;0.03313585,66.10110000019631
attention@768,attention,768,GW240814_145043-v1-V1-qscan,GW240814_145043,0.0,0,,66.09870000011142
attention@768,attention,768,GW240824_205609-v1-H1-qscan,GW240824_205609,0.038692448288202286,2,0.03869245;0.03484708,65.79859999965265
attention@768,attention,768,GW240824_205609-v1-L1-qscan,GW240824_205609,0.0,0,,61.01380000018253
attention@768,attention,768,GW240824_205609-v1-V1-qscan,GW240824_205609,0.47114574909210205,2,0.47114575;0.27102005,67.30650000008609
attention@768,attention,768,GW240825_055146-v1-H1-qscan,GW240825_055146,0.19457457959651947,3,0.19457458;0.01390303;0.01120792,65.26609999946231
attention@768,attention,768,GW240825_055146-v1-L1-qscan,GW240825_055146,0.6087216138839722,5,0.60872161;0.27543813;0.05423896;0.01492847;0.01474997,66.23679999938759
attention@768,attention,768,GW240825_055146-v1-V1-qscan,GW240825_055146,0.0775613859295845,1,0.07756139,66.42649999957939
attention@768,attention,768,GW240828_102340-v1-H1-qscan,GW240828_102340,0.01723732426762581,1,0.01723732,66.36690000050294
attention@768,attention,768,GW240828_102340-v1-L1-qscan,GW240828_102340,0.5147326588630676,4,0.51473266;0.05473565;0.02032284;0.01261061,67.06730000041716
attention@768,attention,768,GW240828_102340-v1-V1-qscan,GW240828_102340,0.0,0,,66.85209999977815
attention@768,attention,768,GW240830_211120-v1-H1-qscan,GW240830_211120,0.0,0,,65.48369999927672
attention@768,attention,768,GW240830_211120-v1-L1-qscan,GW240830_211120,0.6996070742607117,2,0.69960707;0.03305711,64.53270000019984
attention@768,attention,768,GW240830_211120-v1-V1-qscan,GW240830_211120,0.0,0,,64.79880000006233
attention@768,attention,768,GW240901_195332-v1-H1-qscan,GW240901_195332,0.0,0,,65.27960000039457
attention@768,attention,768,GW240901_195332-v1-L1-qscan,GW240901_195332,0.03642602264881134,2,0.03642602;0.01007212,65.93280000015511
attention@768,attention,768,GW240901_195332-v1-V1-qscan,GW240901_195332,0.0,0,,63.721800000166695
attention@768,attention,768,GW240902_143306-v1-H1-qscan,GW240902_143306,0.6181645393371582,2,0.61816454;0.39156270,65.8741999995982
attention@768,attention,768,GW240902_143306-v1-L1-qscan,GW240902_143306,0.11272622644901276,1,0.11272623,65.44419999954698
attention@768,attention,768,GW240902_143306-v1-V1-qscan,GW240902_143306,0.1372957080602646,1,0.13729571,66.59010000021226
attention@768,attention,768,GW240907_092521-v1-H1-qscan,GW240907_092521,0.014668677933514118,2,0.01466868;0.01368285,61.524699999608856
attention@768,attention,768,GW240907_092521-v1-L1-qscan,GW240907_092521,0.013784755021333694,1,0.01378476,64.9621999991723
attention@768,attention,768,GW240907_092521-v1-V1-qscan,GW240907_092521,0.0,0,,65.55690000004688
attention@768,attention,768,GW240907_121650-v1-H1-qscan,GW240907_121650,0.032397206872701645,3,0.03239721;0.01426931;0.01163650,66.88450000001467
attention@768,attention,768,GW240907_121650-v1-L1-qscan,GW240907_121650,0.0,0,,65.43429999965156
attention@768,attention,768,GW240907_121650-v1-V1-qscan,GW240907_121650,0.13003379106521606,6,0.13003379;0.02891940;0.02533070;0.01665008;0.01515701;0.01267661,66.75950000044395
attention@768,attention,768,GW240907_153833-v1-H1-qscan,GW240907_153833,0.14080308377742767,4,0.14080308;0.07190344;0.06585365;0.01210970,66.53439999990951
attention@768,attention,768,GW240907_153833-v1-L1-qscan,GW240907_153833,0.09034951031208038,4,0.09034951;0.03648590;0.01915257;0.01772567,65.4991000001246
attention@768,attention,768,GW240907_153833-v1-V1-qscan,GW240907_153833,0.02010362781584263,1,0.02010363,65.859499999533
attention@768,attention,768,GW240908_082628-v1-H1-qscan,GW240908_082628,0.538285493850708,3,0.53828549;0.07724643;0.04909850,63.01050000001851
attention@768,attention,768,GW240908_082628-v1-L1-qscan,GW240908_082628,0.6256883144378662,4,0.62568831;0.27148005;0.20842561;0.02286247,65.97000000056141
attention@768,attention,768,GW240908_082628-v1-V1-qscan,GW240908_082628,0.011752717196941376,1,0.01175272,65.85360000008222
attention@768,attention,768,GW240908_125134-v1-H1-qscan,GW240908_125134,0.0,0,,67.27249999948981
attention@768,attention,768,GW240908_125134-v1-L1-qscan,GW240908_125134,0.020108969882130623,1,0.02010897,66.78379999993922
attention@768,attention,768,GW240908_125134-v1-V1-qscan,GW240908_125134,0.0,0,,66.44679999953951
attention@768,attention,768,GW240908_174149-v1-H1-qscan,GW240908_174149,0.010711736045777798,1,0.01071174,65.21410000004835
attention@768,attention,768,GW240908_174149-v1-L1-qscan,GW240908_174149,0.0,0,,65.788099999736
attention@768,attention,768,GW240908_174149-v1-V1-qscan,GW240908_174149,0.0,0,,66.42710000051011
attention@768,attention,768,GW240910_103535-v1-H1-qscan,GW240910_103535,0.7240097522735596,3,0.72400975;0.01495239;0.01346896,66.03220000033616
attention@768,attention,768,GW240910_103535-v1-L1-qscan,GW240910_103535,0.07960432022809982,6,0.07960432;0.03113543;0.02018076;0.01775740;0.01184357;0.01029265,68.20200000038312
attention@768,attention,768,GW240913_111216-v1-H1-qscan,GW240913_111216,0.10061600804328918,1,0.10061601,66.552799999954
attention@768,attention,768,GW240913_111216-v1-L1-qscan,GW240913_111216,0.0,0,,60.928200000489596
attention@768,attention,768,GW240913_111216-v1-V1-qscan,GW240913_111216,0.011530932039022446,1,0.01153093,65.55220000063855
attention@768,attention,768,GW240915_001357-v1-H1-qscan,GW240915_001357,0.08095113188028336,7,0.08095113;0.07020044;0.05399784;0.04190739;0.02687974;0.01892991;0.01475014,66.51500000043598
attention@768,attention,768,GW240915_001357-v1-L1-qscan,GW240915_001357,0.47948163747787476,2,0.47948164;0.46604159,66.41320000017004
attention@768,attention,768,GW240915_001357-v1-V1-qscan,GW240915_001357,0.0,0,,63.86010000005626
attention@768,attention,768,GW240915_045510-v1-H1-qscan,GW240915_045510,0.5537619590759277,2,0.55376196;0.04395454,66.0993999999846
attention@768,attention,768,GW240915_045510-v1-L1-qscan,GW240915_045510,0.0,0,,66.19049999972049
attention@768,attention,768,GW240915_045510-v1-V1-qscan,GW240915_045510,0.2663516700267792,1,0.26635167,67.15599999915867
attention@768,attention,768,GW240915_105151-v1-H1-qscan,GW240915_105151,0.32035723328590393,4,0.32035723;0.26000121;0.01257655;0.01110492,61.75690000054601
attention@768,attention,768,GW240915_105151-v1-V1-qscan,GW240915_105151,0.0,0,,61.31399999958376
attention@768,attention,768,GW240916_184352-v1-H1-qscan,GW240916_184352,0.0,0,,67.71779999962746
attention@768,attention,768,GW240916_184352-v1-L1-qscan,GW240916_184352,0.0,0,,66.32410000020172
attention@768,attention,768,GW240916_184352-v1-V1-qscan,GW240916_184352,0.01666940748691559,1,0.01666941,65.45449999975972
attention@768,attention,768,GW240917_130237-v1-H1-qscan,GW240917_130237,0.0,0,,66.58900000002177
attention@768,attention,768,GW240917_130237-v1-L1-qscan,GW240917_130237,0.0,0,,65.70290000036039
attention@768,attention,768,GW240919_061559-v1-H1-qscan,GW240919_061559,0.2898435592651367,3,0.28984356;0.11469499;0.08246733,65.88030000057188
attention@768,attention,768,GW240919_061559-v1-L1-qscan,GW240919_061559,0.8919199705123901,1,0.89191997,66.85160000051837
attention@768,attention,768,GW240919_061559-v1-V1-qscan,GW240919_061559,0.36307838559150696,4,0.36307839;0.17742750;0.01628428;0.01468170,62.537800000427524
attention@768,attention,768,GW240919_215453-v1-H1-qscan,GW240919_215453,0.0,0,,65.78689999969356
attention@768,attention,768,GW240919_215453-v1-L1-qscan,GW240919_215453,0.10678042471408844,6,0.10678042;0.03904797;0.03762143;0.02976019;0.01498208;0.01033461,66.100699999879
attention@768,attention,768,GW240919_215453-v1-V1-qscan,GW240919_215453,0.0,0,,67.8397000001496
attention@768,attention,768,GW240920_073424-v1-H1-qscan,GW240920_073424,0.5515831708908081,2,0.55158317;0.02608802,60.74209999951563
attention@768,attention,768,GW240920_073424-v1-L1-qscan,GW240920_073424,0.4824429452419281,5,0.48244295;0.21776228;0.11654359;0.03058349;0.02843267,64.49250000059692
attention@768,attention,768,GW240920_073424-v1-V1-qscan,GW240920_073424,0.39460113644599915,3,0.39460114;0.09339899;0.08991436,71.4830000006259
attention@768,attention,768,GW240920_124024-v1-H1-qscan,GW240920_124024,0.3016156852245331,2,0.30161569;0.05366915,66.0993999999846
attention@768,attention,768,GW240920_124024-v1-L1-qscan,GW240920_124024,0.8176749348640442,3,0.81767493;0.03091709;0.02296803,64.68519999998534
attention@768,attention,768,GW240921_201835-v1-L1-qscan,GW240921_201835,0.4981496036052704,1,0.49814960,66.18539999999484
attention@768,attention,768,GW240921_201835-v1-V1-qscan,GW240921_201835,0.0,0,,67.61939999978495
attention@768,attention,768,GW240922_142106-v1-H1-qscan,GW240922_142106,0.01412190217524767,1,0.01412190,66.94059999972524
attention@768,attention,768,GW240922_142106-v1-L1-qscan,GW240922_142106,0.17025631666183472,4,0.17025632;0.15899584;0.03201932;0.01324046,61.92359999931796
attention@768,attention,768,GW240922_142106-v1-V1-qscan,GW240922_142106,0.013467864133417606,1,0.01346786,67.70770000002813
attention@768,attention,768,GW240923_000715-v1-H1-qscan,GW240923_000715,0.0,0,,67.08770000022923
attention@768,attention,768,GW240923_000715-v1-L1-qscan,GW240923_000715,0.0,0,,66.53670000014245
attention@768,attention,768,GW240923_000715-v1-V1-qscan,GW240923_000715,0.0,0,,66.12760000007256
attention@768,attention,768,GW240923_110846-v1-H1-qscan,GW240923_110846,0.7416560649871826,6,0.74165606;0.71709299;0.32955480;0.05955682;0.03846854;0.02906941,66.36570000046049
attention@768,attention,768,GW240923_204006-v1-H1-qscan,GW240923_204006,0.3864194452762604,1,0.38641945,66.74380000004021
attention@768,attention,768,GW240923_204006-v1-L1-qscan,GW240923_204006,0.8584297299385071,5,0.85842973;0.16887729;0.03356029;0.02272614;0.01640512,68.12549999995099
attention@768,attention,768,GW240924_000316-v1-H1-qscan,GW240924_000316,0.46499404311180115,3,0.46499404;0.44386321;0.01106918,66.93730000006326
attention@768,attention,768,GW240924_000316-v1-L1-qscan,GW240924_000316,0.09749934077262878,1,0.09749934,66.52959999973973
attention@768,attention,768,GW240924_000316-v1-V1-qscan,GW240924_000316,0.0,0,,65.6076999994184
attention@768,attention,768,GW240925_000956-v1-H1-qscan,GW240925_000956,0.02606230601668358,1,0.02606231,64.74999999954889
attention@768,attention,768,GW240925_000956-v1-L1-qscan,GW240925_000956,0.028001366183161736,1,0.02800137,65.55630000002566
attention@768,attention,768,GW240925_000956-v1-V1-qscan,GW240925_000956,0.020132098346948624,1,0.02013210,66.53819999974075
attention@768,attention,768,GW240925_005809-v2-H1-qscan,GW240925_005809,0.965209424495697,1,0.96520942,67.1544000006179
attention@768,attention,768,GW240925_005809-v2-L1-qscan,GW240925_005809,0.955544114112854,1,0.95554411,62.75949999962904
attention@768,attention,768,GW240925_005809-v2-V1-qscan,GW240925_005809,0.0,0,,65.69169999966107
attention@768,attention,768,GW240930_035959-v1-H1-qscan,GW240930_035959,0.1510729193687439,2,0.15107292;0.01899577,67.44890000027226
attention@768,attention,768,GW240930_035959-v1-L1-qscan,GW240930_035959,0.21272657811641693,2,0.21272658;0.03899005,66.75320000067586
attention@768,attention,768,GW240930_035959-v1-V1-qscan,GW240930_035959,0.0,0,,62.33010000050854
attention@768,attention,768,GW240930_123408-v1-H1-qscan,GW240930_123408,0.6384021639823914,5,0.63840216;0.14431730;0.12338161;0.02785144;0.01325404,65.76099999983853
attention@768,attention,768,GW240930_123408-v1-L1-qscan,GW240930_123408,0.0,0,,68.16509999953269
attention@768,attention,768,GW240930_123408-v1-V1-qscan,GW240930_123408,0.0,0,,67.00400000045192
attention@768,attention,768,GW240930_234614-v1-H1-qscan,GW240930_234614,0.0,0,,65.3162999997221
attention@768,attention,768,GW240930_234614-v1-L1-qscan,GW240930_234614,0.2863955795764923,4,0.28639558;0.21324235;0.11930689;0.05563727,66.29859999975452
attention@768,attention,768,GW240930_234614-v1-V1-qscan,GW240930_234614,0.0,0,,66.2175000006755
attention@768,attention,768,GW241002_030559-v1-L1-qscan,GW241002_030559,0.6524153351783752,3,0.65241534;0.31381094;0.11540564,67.43659999938245
attention@768,attention,768,GW241002_030559-v1-V1-qscan,GW241002_030559,0.0,0,,66.80949999918084
attention@768,attention,768,GW241006_015333-v1-H1-qscan,GW241006_015333,0.02941245771944523,4,0.02941246;0.01861131;0.01499031;0.01223007,68.01050000012765
attention@768,attention,768,GW241006_015333-v1-L1-qscan,GW241006_015333,0.837339460849762,2,0.83733946;0.34816384,67.17620000017632
attention@768,attention,768,GW241006_015333-v1-V1-qscan,GW241006_015333,0.034073468297719955,1,0.03407347,63.275500000600005
attention@768,attention,768,GW241007_082943-v1-H1-qscan,GW241007_082943,0.4227868914604187,4,0.42278689;0.13671917;0.04947205;0.02647143,66.28939999973227
attention@768,attention,768,GW241007_082943-v1-L1-qscan,GW241007_082943,0.02078280784189701,2,0.02078281;0.01188543,66.22740000057092
attention@768,attention,768,GW241007_082943-v1-V1-qscan,GW241007_082943,0.0,0,,66.85789999937697
attention@768,attention,768,GW241009_022835-v1-H1-qscan,GW241009_022835,0.0,0,,66.58209999932296
attention@768,attention,768,GW241009_022835-v1-L1-qscan,GW241009_022835,0.09176604449748993,4,0.09176604;0.05338865;0.03928489;0.01432893,65.80639999992854
attention@768,attention,768,GW241009_022835-v1-V1-qscan,GW241009_022835,0.0,0,,65.53970000004483
attention@768,attention,768,GW241009_084816-v1-H1-qscan,GW241009_084816,0.3715507388114929,4,0.37155074;0.08550391;0.03771724;0.02090530,66.44649999998364
attention@768,attention,768,GW241009_084816-v1-L1-qscan,GW241009_084816,0.0,0,,67.1542000000045
attention@768,attention,768,GW241009_084816-v1-V1-qscan,GW241009_084816,0.0,0,,65.37149999985559
attention@768,attention,768,GW241009_220455-v1-H1-qscan,GW241009_220455,0.5471925735473633,4,0.54719257;0.34820065;0.10378113;0.05899581,66.66419999965001
attention@768,attention,768,GW241009_220455-v1-L1-qscan,GW241009_220455,0.08189322799444199,2,0.08189323;0.01706718,67.62820000039937
attention@768,attention,768,GW241009_220455-v1-V1-qscan,GW241009_220455,0.7892151474952698,1,0.78921515,66.84380000024248
attention@768,attention,768,GW241011_233834-v2-H1-qscan,GW241011_233834,0.9535099864006042,2,0.95350999;0.01310921,66.99140000000625
attention@768,attention,768,GW241011_233834-v2-V1-qscan,GW241011_233834,0.45256689190864563,2,0.45256689;0.18042150,67.41479999982403
attention@768,attention,768,GW241018_235402-v1-H1-qscan,GW241018_235402,0.6582843065261841,4,0.65828431;0.59462667;0.06618348;0.01429396,62.99349999972037
attention@768,attention,768,GW241018_235402-v1-V1-qscan,GW241018_235402,0.0,0,,66.33419999980106
attention@768,attention,768,GW241101_034726-v1-H1-qscan,GW241101_034726,0.0185916218906641,1,0.01859162,66.82120000004943
attention@768,attention,768,GW241101_034726-v1-L1-qscan,GW241101_034726,0.1853695958852768,4,0.18536960;0.04645320;0.03577633;0.02757666,68.21250000029977
attention@768,attention,768,GW241101_034726-v1-V1-qscan,GW241101_034726,0.0,0,,62.29270000039833
attention@768,attention,768,GW241101_220523-v1-L1-qscan,GW241101_220523,0.8231136202812195,3,0.82311362;0.28928837;0.03810756,61.397600000418606
attention@768,attention,768,GW241101_220523-v1-V1-qscan,GW241101_220523,0.0,0,,66.73909999972238
attention@768,attention,768,GW241102_124058-v1-H1-qscan,GW241102_124058,0.42509323358535767,2,0.42509323;0.01983057,66.63400000070396
attention@768,attention,768,GW241102_124058-v1-L1-qscan,GW241102_124058,0.22654877603054047,3,0.22654878;0.02383380;0.01169564,66.90150000031281
attention@768,attention,768,GW241102_124058-v1-V1-qscan,GW241102_124058,0.016027500852942467,3,0.01602750;0.01130343;0.01004089,65.28210000033141
attention@768,attention,768,GW241102_144729-v1-H1-qscan,GW241102_144729,0.7639607787132263,3,0.76396078;0.07429811;0.07189123,67.10699999985081
attention@768,attention,768,GW241102_144729-v1-L1-qscan,GW241102_144729,0.8492383360862732,2,0.84923834;0.01789911,66.91380000029312
attention@768,attention,768,GW241102_144729-v1-V1-qscan,GW241102_144729,0.0,0,,65.65219999993133
attention@768,attention,768,GW241106_110932-v1-H1-qscan,GW241106_110932,0.0,0,,66.62749999941298
attention@768,attention,768,GW241106_110932-v1-L1-qscan,GW241106_110932,0.069035105407238,2,0.06903511;0.01106211,67.21990000005462
attention@768,attention,768,GW241106_110932-v1-V1-qscan,GW241106_110932,0.0,0,,66.37030000001687
attention@768,attention,768,GW241109_005349-v1-H1-qscan,GW241109_005349,0.0640483945608139,1,0.06404839,65.80609999946319
attention@768,attention,768,GW241109_005349-v1-L1-qscan,GW241109_005349,0.03251632675528526,1,0.03251633,64.95940000058908
attention@768,attention,768,GW241109_033317-v1-L1-qscan,GW241109_033317,0.2803000807762146,2,0.28030008;0.07884536,66.60239999928308
attention@768,attention,768,GW241109_033317-v1-V1-qscan,GW241109_033317,0.20959100127220154,3,0.20959100;0.01928582;0.01309320,65.73159999970812
attention@768,attention,768,GW241109_115924-v1-H1-qscan,GW241109_115924,0.9410982131958008,2,0.94109821;0.01062068,66.4268999998967
attention@768,attention,768,GW241109_115924-v1-V1-qscan,GW241109_115924,0.0,0,,63.94540000019333
attention@768,attention,768,GW241110_124123-v2-H1-qscan,GW241110_124123,0.46109524369239807,3,0.46109524;0.30065954;0.01554717,66.48360000053799
attention@768,attention,768,GW241110_124123-v2-L1-qscan,GW241110_124123,0.5900155901908875,1,0.59001559,66.68289999925037
attention@768,attention,768,GW241110_124123-v2-V1-qscan,GW241110_124123,0.26555168628692627,1,0.26555169,67.68400000055408
attention@768,attention,768,GW241111_111552-v1-H1-qscan,GW241111_111552,0.8524858355522156,3,0.85248584;0.63524735;0.07178779,65.89990000065882
attention@768,attention,768,GW241111_111552-v1-L1-qscan,GW241111_111552,0.3220798075199127,1,0.32207981,67.33859999985725
attention@768,attention,768,GW241113_163507-v1-L1-qscan,GW241113_163507,0.43467947840690613,3,0.43467948;0.02072637;0.01335603,66.74190000012459
attention@768,attention,768,GW241113_163507-v1-V1-qscan,GW241113_163507,0.11640099436044693,1,0.11640099,64.4947000000684
attention@768,attention,768,GW241114_024711-v1-H1-qscan,GW241114_024711,0.22391372919082642,4,0.22391373;0.02466050;0.01184081;0.01092986,65.91750000006869
attention@768,attention,768,GW241114_024711-v1-L1-qscan,GW241114_024711,0.03593694046139717,1,0.03593694,67.46320000002015
attention@768,attention,768,GW241114_024711-v1-V1-qscan,GW241114_024711,0.0,0,,66.94810000044527
attention@768,attention,768,GW241114_235258-v1-L1-qscan,GW241114_235258,0.0,0,,63.65109999933338
attention@768,attention,768,GW241114_235258-v1-V1-qscan,GW241114_235258,0.04751910641789436,2,0.04751911;0.04499377,61.91260000014154
attention@768,attention,768,GW241116_151753-v1-H1-qscan,GW241116_151753,0.43808338046073914,3,0.43808338;0.02783263;0.01048525,67.19240000074933
attention@768,attention,768,GW241116_151753-v1-L1-qscan,GW241116_151753,0.10489555448293686,1,0.10489555,66.34300000041549
attention@768,attention,768,GW241116_151753-v1-V1-qscan,GW241116_151753,0.02493414096534252,1,0.02493414,67.14130000000296
attention@768,attention,768,GW241124_024914-v1-H1-qscan,GW241124_024914,0.9480476379394531,1,0.94804764,65.43169999986276
attention@768,attention,768,GW241124_024914-v1-L1-qscan,GW241124_024914,0.3723083734512329,4,0.37230837;0.25592509;0.16438870;0.04040539,66.74539999949047
attention@768,attention,768,GW241124_024914-v1-V1-qscan,GW241124_024914,0.020615428686141968,1,0.02061543,67.92519999999058
attention@768,attention,768,GW241125_010116-v1-H1-qscan,GW241125_010116,0.23333832621574402,2,0.23333833;0.03087904,69.32020000022021
attention@768,attention,768,GW241125_010116-v1-L1-qscan,GW241125_010116,0.5919319987297058,1,0.59193200,65.08900000062567
attention@768,attention,768,GW241125_010116-v1-V1-qscan,GW241125_010116,0.0,0,,66.40090000018972
attention@768,attention,768,GW241127_061008-v1-H1-qscan,GW241127_061008,0.9261742830276489,1,0.92617428,66.85050000032788
attention@768,attention,768,GW241127_061008-v1-L1-qscan,GW241127_061008,0.38488009572029114,2,0.38488010;0.02064384,62.20209999992221
attention@768,attention,768,GW241127_061008-v1-V1-qscan,GW241127_061008,0.011281519196927547,1,0.01128152,67.3212000001513
attention@768,attention,768,GW241129_021832-v1-H1-qscan,GW241129_021832,0.7005038261413574,2,0.70050383;0.28903314,66.56420000035723
attention@768,attention,768,GW241129_021832-v1-L1-qscan,GW241129_021832,0.91512531042099,1,0.91512531,67.22569999965344
attention@768,attention,768,GW241129_021832-v1-V1-qscan,GW241129_021832,0.0,0,,62.60420000035083
attention@768,attention,768,GW241129_140416-v1-H1-qscan,GW241129_140416,0.051294758915901184,1,0.05129476,66.96980000015174
attention@768,attention,768,GW241129_140416-v1-L1-qscan,GW241129_140416,0.01177672203630209,2,0.01177672;0.01090935,67.46969999949215
attention@768,attention,768,GW241130_034908-v1-H1-qscan,GW241130_034908,0.9184379577636719,4,0.91843796;0.07603286;0.03966952;0.01128618,67.09330000012415
attention@768,attention,768,GW241130_034908-v1-L1-qscan,GW241130_034908,0.7238332629203796,3,0.72383326;0.04124801;0.01482476,66.64349999937258
attention@768,attention,768,GW241130_034908-v1-V1-qscan,GW241130_034908,0.0,0,,68.02810000044701
attention@768,attention,768,GW241130_110422-v1-H1-qscan,GW241130_110422,0.08420681953430176,5,0.08420682;0.08250432;0.05169430;0.03199824;0.01275024,66.72739999976329
attention@768,attention,768,GW241130_110422-v1-L1-qscan,GW241130_110422,0.0,0,,64.41290000020672
attention@768,attention,768,GW241130_110422-v1-V1-qscan,GW241130_110422,0.0,0,,66.9079999997848
attention@768,attention,768,GW241201_055758-v1-H1-qscan,GW241201_055758,0.8336343169212341,2,0.83363432;0.19790116,66.40779999997903
attention@768,attention,768,GW241201_055758-v1-L1-qscan,GW241201_055758,0.01566513441503048,1,0.01566513,65.87130000025354
attention@768,attention,768,GW241201_055758-v1-V1-qscan,GW241201_055758,0.0,0,,65.0484999996479
attention@768,attention,768,GW241201_142737-v1-H1-qscan,GW241201_142737,0.0,0,,63.08690000059869
attention@768,attention,768,GW241201_142737-v1-L1-qscan,GW241201_142737,0.0,0,,65.70240000019112
attention@768,attention,768,GW241201_142737-v1-V1-qscan,GW241201_142737,0.29390454292297363,1,0.29390454,66.01709999995364
attention@768,attention,768,GW241210_023335-v1-H1-qscan,GW241210_023335,0.0,0,,66.55239999963669
attention@768,attention,768,GW241210_023335-v1-L1-qscan,GW241210_023335,0.01627681963145733,1,0.01627682,61.846999999943364
attention@768,attention,768,GW241210_060606-v1-H1-qscan,GW241210_060606,0.5542091727256775,4,0.55420917;0.03123854;0.02470551;0.01278430,65.08149999990565
attention@768,attention,768,GW241210_060606-v1-L1-qscan,GW241210_060606,0.7044641375541687,6,0.70446414;0.38180149;0.07169332;0.05429316;0.02094420;0.01138406,66.76520000019082
attention@768,attention,768,GW241210_060606-v1-V1-qscan,GW241210_060606,0.20654046535491943,2,0.20654047;0.03447595,66.62359999972978
attention@768,attention,768,GW241210_120900-v1-H1-qscan,GW241210_120900,0.0,0,,63.13219999992725
attention@768,attention,768,GW241210_120900-v1-L1-qscan,GW241210_120900,0.3310266137123108,5,0.33102661;0.14748454;0.06386606;0.04359712;0.01161334,66.17809999988822
attention@768,attention,768,GW241219_222607-v1-H1-qscan,GW241219_222607,0.07697062939405441,2,0.07697063;0.04197269,65.56970000019646
attention@768,attention,768,GW241219_222607-v1-L1-qscan,GW241219_222607,0.0,0,,67.48879999940982
attention@768,attention,768,GW241220_062146-v1-H1-qscan,GW241220_062146,0.0,0,,66.71140000071318
attention@768,attention,768,GW241220_062146-v1-L1-qscan,GW241220_062146,0.0,0,,66.22320000042237
attention@768,attention,768,GW241225_042553-v1-L1-qscan,GW241225_042553,0.7069945931434631,6,0.70699459;0.35191050;0.16095479;0.04808653;0.04158684;0.01814979,64.94399999974121
attention@768,attention,768,GW241225_042553-v1-V1-qscan,GW241225_042553,0.0,0,,73.11479999953008
attention@768,attention,768,GW241225_082815-v1-H1-qscan,GW241225_082815,0.10622426122426987,2,0.10622426;0.06126392,63.49750000026688
attention@768,attention,768,GW241225_082815-v1-L1-qscan,GW241225_082815,0.8728404641151428,2,0.87284046;0.12689027,66.43220000023575
attention@768,attention,768,GW241229_155844-v1-H1-qscan,GW241229_155844,0.34422898292541504,4,0.34422898;0.04103969;0.02727385;0.01866278,66.80710000000545
attention@768,attention,768,GW241229_155844-v1-L1-qscan,GW241229_155844,0.385662704706192,1,0.38566270,67.65330000052927
attention@768,attention,768,GW241229_155844-v1-V1-qscan,GW241229_155844,0.0,0,,67.57440000001225
attention@768,attention,768,GW241230_084504-v1-L1-qscan,GW241230_084504,0.8856301307678223,1,0.88563013,65.28460000026826
attention@768,attention,768,GW241230_084504-v1-V1-qscan,GW241230_084504,0.0,0,,66.86750000062602
attention@768,attention,768,GW241230_233618-v1-H1-qscan,GW241230_233618,0.09734039753675461,1,0.09734040,68.31239999974059
attention@768,attention,768,GW241230_233618-v1-L1-qscan,GW241230_233618,0.8962088227272034,5,0.89620882;0.26219764;0.23313314;0.07531599;0.01248758,65.71129999974801
attention@768,attention,768,GW241230_233618-v1-V1-qscan,GW241230_233618,0.0,0,,66.98489999962476
attention@768,attention,768,GW241231_054133-v1-H1-qscan,GW241231_054133,0.7823405265808105,2,0.78234053;0.21326482,66.68760000047769
attention@768,attention,768,GW241231_054133-v1-L1-qscan,GW241231_054133,0.8053585886955261,3,0.80535859;0.19645257;0.05598645,66.7739000000438
attention@768,attention,768,GW241231_054133-v1-V1-qscan,GW241231_054133,0.0,0,,67.33939999958238
attention@768,attention,768,GW250101_011205-v1-H1-qscan,GW250101_011205,0.1467258781194687,2,0.14672588;0.08219025,65.9866999994847
attention@768,attention,768,GW250101_011205-v1-L1-qscan,GW250101_011205,0.6504018306732178,3,0.65040183;0.16823423;0.02514856,66.12279999990278
attention@768,attention,768,GW250101_011205-v1-V1-qscan,GW250101_011205,0.0,0,,66.99380000009114
attention@768,attention,768,GW250104_015122-v1-H1-qscan,GW250104_015122,0.0,0,,68.3924000004481
attention@768,attention,768,GW250104_015122-v1-L1-qscan,GW250104_015122,0.7925164699554443,2,0.79251647;0.11959840,66.8244999997114
attention@768,attention,768,GW250104_015122-v1-V1-qscan,GW250104_015122,0.0,0,,66.44340000002558
attention@768,attention,768,GW250105_134047-v1-H1-qscan,GW250105_134047,0.0,0,,61.995399999432266
attention@768,attention,768,GW250105_134047-v1-L1-qscan,GW250105_134047,0.38833847641944885,3,0.38833848;0.09623791;0.01645726,66.59609999951499
attention@768,attention,768,GW250105_134047-v1-V1-qscan,GW250105_134047,0.0,0,,67.00259999979608
attention@768,attention,768,GW250108_152221-v1-H1-qscan,GW250108_152221,0.7173665165901184,3,0.71736652;0.21262558;0.10158627,66.08050000068033
attention@768,attention,768,GW250108_152221-v1-L1-qscan,GW250108_152221,0.8405857682228088,4,0.84058577;0.05524148;0.01470498;0.01418410,66.6717999993125
attention@768,attention,768,GW250108_152221-v1-V1-qscan,GW250108_152221,0.08078625798225403,1,0.08078626,65.32979999974486
attention@768,attention,768,GW250109_010541-v1-H1-qscan,GW250109_010541,0.34468725323677063,2,0.34468725;0.01166674,66.805899999963
attention@768,attention,768,GW250109_010541-v1-L1-qscan,GW250109_010541,0.2113289088010788,3,0.21132891;0.11490884;0.05506086,66.49399999969319
attention@768,attention,768,GW250109_010541-v1-V1-qscan,GW250109_010541,0.7772108912467957,1,0.77721089,64.02080000043497
attention@768,attention,768,GW250109_074552-v1-H1-qscan,GW250109_074552,0.5422824025154114,2,0.54228240;0.03762329,65.836799999488
attention@768,attention,768,GW250109_074552-v1-V1-qscan,GW250109_074552,0.12104213237762451,1,0.12104213,66.80209999922226
attention@768,attention,768,GW250109_083206-v1-H1-qscan,GW250109_083206,0.4995999038219452,4,0.49959990;0.22276330;0.10835806;0.01492984,68.76569999985804
attention@768,attention,768,GW250109_083206-v1-V1-qscan,GW250109_083206,0.0,0,,66.28460000047198
attention@768,attention,768,GW250114_082203-v2-H1-qscan,GW250114_082203,0.0,0,,67.11840000025404
attention@768,attention,768,GW250114_082203-v2-L1-qscan,GW250114_082203,0.0,0,,66.8879000004381
attention@768,attention,768,GW250116_015318-v1-H1-qscan,GW250116_015318,0.38580572605133057,3,0.38580573;0.25816211;0.21002705,63.542599999891536
attention@768,attention,768,GW250116_015318-v1-L1-qscan,GW250116_015318,0.0,0,,66.22199999947043
attention@768,attention,768,GW250116_015318-v1-V1-qscan,GW250116_015318,0.0,0,,66.23270000000048
attention@768,attention,768,GW250116_051426-v1-H1-qscan,GW250116_051426,0.0,0,,70.2157999994597
attention@768,attention,768,GW250116_051426-v1-L1-qscan,GW250116_051426,0.0,0,,66.98159999996278
attention@768,attention,768,GW250118_023225-v1-H1-qscan,GW250118_023225,0.5695101618766785,2,0.56951016;0.04547417,66.00210000033258
attention@768,attention,768,GW250118_023225-v1-L1-qscan,GW250118_023225,0.7528230547904968,2,0.75282305;0.25584957,66.79069999972853
attention@768,attention,768,GW250118_023225-v1-V1-qscan,GW250118_023225,0.0,0,,66.61309999981313
attention@768,attention,768,GW250118_055802-v1-H1-qscan,GW250118_055802,0.0,0,,64.5650000005844
attention@768,attention,768,GW250118_055802-v1-L1-qscan,GW250118_055802,0.015721600502729416,1,0.01572160,67.61699999970006
attention@768,attention,768,GW250118_055802-v1-V1-qscan,GW250118_055802,0.040803831070661545,2,0.04080383;0.01488892,68.0491000002803
attention@768,attention,768,GW250118_170523-v1-H1-qscan,GW250118_170523,0.8474120497703552,5,0.84741205;0.07479812;0.04730015;0.03521666;0.02378658,66.62820000019565
attention@768,attention,768,GW250118_170523-v1-L1-qscan,GW250118_170523,0.7976770401000977,2,0.79767704;0.01023210,61.5962000001673
attention@768,attention,768,GW250119_025138-v1-H1-qscan,GW250119_025138,0.882344663143158,2,0.88234466;0.01802464,66.50739999986399
attention@768,attention,768,GW250119_025138-v1-L1-qscan,GW250119_025138,0.8851637244224548,4,0.88516372;0.05092072;0.03734588;0.01219263,67.07819999974163
attention@768,attention,768,GW250119_025138-v1-V1-qscan,GW250119_025138,0.0,0,,66.71130000086123
attention@768,attention,768,GW250119_190238-v1-H1-qscan,GW250119_190238,0.18030446767807007,4,0.18030447;0.03481773;0.02183590;0.01907962,63.072299999475945
attention@768,attention,768,GW250119_190238-v1-L1-qscan,GW250119_190238,0.647863507270813,4,0.64786351;0.52801257;0.01418431;0.01381459,67.22940000054223
attention@768,attention,768,GW250119_190238-v1-V1-qscan,GW250119_190238,0.0,0,,67.04940000054194
attention@768,attention,768,GW250120_042414-v1-H1-qscan,GW250120_042414,0.0,0,,67.58730000001378
attention@768,attention,768,GW250120_042414-v1-L1-qscan,GW250120_042414,0.0,0,,66.26020000021526
attention@768,attention,768,GW250120_042414-v1-V1-qscan,GW250120_042414,0.16353660821914673,2,0.16353661;0.02011570,65.75949999933073
baseline@multiscale,baseline,0,GW240406_062847-v1-H1-qscan,GW240406_062847,0.0,0,,74.13009999891074
baseline@multiscale,baseline,0,GW240406_062847-v1-L1-qscan,GW240406_062847,0.06017306074500084,1,0.06017306,76.807600000393
baseline@multiscale,baseline,0,GW240407_040938-v1-H1-qscan,GW240407_040938,0.39212766289711,1,0.39212766,78.10179999978573
baseline@multiscale,baseline,0,GW240407_040938-v1-L1-qscan,GW240407_040938,0.03032836690545082,1,0.03032837,78.14039999902889
baseline@multiscale,baseline,0,GW240407_040938-v1-V1-qscan,GW240407_040938,0.0,0,,72.42170000063197
baseline@multiscale,baseline,0,GW240407_061416-v1-H1-qscan,GW240407_061416,0.6348610520362854,1,0.63486105,74.69300000047951
baseline@multiscale,baseline,0,GW240407_061416-v1-L1-qscan,GW240407_061416,0.017959414049983025,1,0.01795941,77.06750000033935
baseline@multiscale,baseline,0,GW240407_061416-v1-V1-qscan,GW240407_061416,0.0,0,,79.04650000091351
baseline@multiscale,baseline,0,GW240407_214946-v1-H1-qscan,GW240407_214946,0.0,0,,73.3726000007664
baseline@multiscale,baseline,0,GW240407_214946-v1-L1-qscan,GW240407_214946,0.0,0,,67.20799999948213
baseline@multiscale,baseline,0,GW240407_214946-v1-V1-qscan,GW240407_214946,0.0,0,,64.5409999997355
baseline@multiscale,baseline,0,GW240408_081753-v1-H1-qscan,GW240408_081753,0.11493123322725296,1,0.11493123,70.08439999935945
baseline@multiscale,baseline,0,GW240408_081753-v1-L1-qscan,GW240408_081753,0.0,0,,73.12129999991157
baseline@multiscale,baseline,0,GW240411_074140-v1-H1-qscan,GW240411_074140,0.0,0,,74.65249999950174
baseline@multiscale,baseline,0,GW240411_074140-v1-L1-qscan,GW240411_074140,0.0,0,,75.53240000015649
baseline@multiscale,baseline,0,GW240413_022019-v1-H1-qscan,GW240413_022019,0.0,0,,71.60499999918102
baseline@multiscale,baseline,0,GW240413_022019-v1-L1-qscan,GW240413_022019,0.863311767578125,1,0.86331177,74.28509999863309
baseline@multiscale,baseline,0,GW240413_022019-v1-V1-qscan,GW240413_022019,0.0,0,,74.71570000052452
baseline@multiscale,baseline,0,GW240414_054515-v1-H1-qscan,GW240414_054515,0.6043721437454224,1,0.60437214,70.48039999972389
baseline@multiscale,baseline,0,GW240414_054515-v1-V1-qscan,GW240414_054515,0.11446166783571243,1,0.11446167,76.08239999990474
baseline@multiscale,baseline,0,GW240419_041206-v1-H1-qscan,GW240419_041206,0.24378718435764313,1,0.24378718,73.65470000058849
baseline@multiscale,baseline,0,GW240419_041206-v1-L1-qscan,GW240419_041206,0.015889428555965424,1,0.01588943,71.80949999928998
baseline@multiscale,baseline,0,GW240419_041206-v1-V1-qscan,GW240419_041206,0.0,0,,73.34269999955723
baseline@multiscale,baseline,0,GW240420_175625-v1-H1-qscan,GW240420_175625,0.6201156973838806,1,0.62011570,67.71139999909792
baseline@multiscale,baseline,0,GW240421_052935-v1-H1-qscan,GW240421_052935,0.020361552014946938,1,0.02036155,69.43159999991622
baseline@multiscale,baseline,0,GW240421_052935-v1-L1-qscan,GW240421_052935,0.0,0,,69.05319999987114
baseline@multiscale,baseline,0,GW240421_052935-v1-V1-qscan,GW240421_052935,0.0,0,,70.73770000079094
baseline@multiscale,baseline,0,GW240426_031451-v1-H1-qscan,GW240426_031451,0.12102741748094559,1,0.12102742,75.91769999908138
baseline@multiscale,baseline,0,GW240426_031451-v1-L1-qscan,GW240426_031451,0.8424850106239319,1,0.84248501,71.5394999997443
baseline@multiscale,baseline,0,GW240426_085802-v1-H1-qscan,GW240426_085802,0.11142981797456741,1,0.11142982,75.05629999923258
baseline@multiscale,baseline,0,GW240426_085802-v1-L1-qscan,GW240426_085802,0.0,0,,77.55980000092677
baseline@multiscale,baseline,0,GW240426_085802-v1-V1-qscan,GW240426_085802,0.0155880656093359,1,0.01558807,68.15959999948973
baseline@multiscale,baseline,0,GW240428_225440-v1-H1-qscan,GW240428_225440,0.8071014285087585,1,0.80710143,72.29950000146346
baseline@multiscale,baseline,0,GW240428_225440-v1-V1-qscan,GW240428_225440,0.0,0,,76.10060000024532
baseline@multiscale,baseline,0,GW240430_093517-v1-H1-qscan,GW240430_093517,0.0,0,,73.92709999930958
baseline@multiscale,baseline,0,GW240430_093517-v1-L1-qscan,GW240430_093517,0.8671273589134216,1,0.86712736,68.97880000087753
baseline@multiscale,baseline,0,GW240501_033534-v1-H1-qscan,GW240501_033534,0.7307071685791016,1,0.73070717,66.53050000022631
baseline@multiscale,baseline,0,GW240501_033534-v1-L1-qscan,GW240501_033534,0.9405333995819092,1,0.94053340,70.50560000061523
baseline@multiscale,baseline,0,GW240501_033534-v1-V1-qscan,GW240501_033534,0.0,0,,71.77799999954004
baseline@multiscale,baseline,0,GW240505_133552-v1-H1-qscan,GW240505_133552,0.8153833746910095,1,0.81538337,72.84079999953974
baseline@multiscale,baseline,0,GW240505_133552-v1-L1-qscan,GW240505_133552,0.7945367693901062,1,0.79453677,75.11559999875317
baseline@multiscale,baseline,0,GW240505_133552-v1-V1-qscan,GW240505_133552,0.013921263627707958,1,0.01392126,68.65139999899839
baseline@multiscale,baseline,0,GW240507_041632-v1-H1-qscan,GW240507_041632,0.27431073784828186,1,0.27431074,72.4884999990536
baseline@multiscale,baseline,0,GW240507_041632-v1-L1-qscan,GW240507_041632,0.4257632791996002,1,0.42576328,73.91100000040751
baseline@multiscale,baseline,0,GW240507_041632-v1-V1-qscan,GW240507_041632,0.0,0,,76.45289999982197
baseline@multiscale,baseline,0,GW240509_102351-v1-H1-qscan,GW240509_102351,0.0,0,,70.30659999963973
baseline@multiscale,baseline,0,GW240509_102351-v1-L1-qscan,GW240509_102351,0.0,0,,65.87479999961943
baseline@multiscale,baseline,0,GW240509_102351-v1-V1-qscan,GW240509_102351,0.0,0,,71.01549999970302
baseline@multiscale,baseline,0,GW240511_031507-v1-H1-qscan,GW240511_031507,0.8492014408111572,1,0.84920144,68.9899000008154
baseline@multiscale,baseline,0,GW240511_031507-v1-L1-qscan,GW240511_031507,0.7030714750289917,1,0.70307148,73.7130999996225
baseline@multiscale,baseline,0,GW240511_031507-v1-V1-qscan,GW240511_031507,0.011861070990562439,1,0.01186107,71.16300000052433
baseline@multiscale,baseline,0,GW240512_024139-v1-H1-qscan,GW240512_024139,0.0,0,,71.11860000077286
baseline@multiscale,baseline,0,GW240512_024139-v1-L1-qscan,GW240512_024139,0.6499437689781189,1,0.64994377,72.53029999992577
baseline@multiscale,baseline,0,GW240512_024139-v1-V1-qscan,GW240512_024139,0.0,0,,74.69969999965542
baseline@multiscale,baseline,0,GW240512_051606-v1-H1-qscan,GW240512_051606,0.5652981400489807,1,0.56529814,74.16169999851263
baseline@multiscale,baseline,0,GW240512_051606-v1-L1-qscan,GW240512_051606,0.0,0,,73.67130000056932
baseline@multiscale,baseline,0,GW240512_051606-v1-V1-qscan,GW240512_051606,0.0,0,,73.29930000014429
baseline@multiscale,baseline,0,GW240513_183302-v1-H1-qscan,GW240513_183302,0.9579297304153442,1,0.95792973,72.30839999920136
baseline@multiscale,baseline,0,GW240513_183302-v1-L1-qscan,GW240513_183302,0.8948011994361877,1,0.89480120,72.06069999938336
baseline@multiscale,baseline,0,GW240513_183302-v1-V1-qscan,GW240513_183302,0.0,0,,75.98380000035831
baseline@multiscale,baseline,0,GW240514_121713-v1-H1-qscan,GW240514_121713,0.8955878615379333,1,0.89558786,67.79670000014448
baseline@multiscale,baseline,0,GW240514_121713-v1-L1-qscan,GW240514_121713,0.8852753639221191,1,0.88527536,68.94860000102199
baseline@multiscale,baseline,0,GW240514_121713-v1-V1-qscan,GW240514_121713,0.0,0,,69.74739999986923
baseline@multiscale,baseline,0,GW240515_005301-v1-H1-qscan,GW240515_005301,0.8699184656143188,1,0.86991847,71.74980000127107
baseline@multiscale,baseline,0,GW240515_005301-v1-L1-qscan,GW240515_005301,0.31614160537719727,1,0.31614161,71.57670000106009
baseline@multiscale,baseline,0,GW240515_005301-v1-V1-qscan,GW240515_005301,0.0,0,,73.80930000090302
baseline@multiscale,baseline,0,GW240516_041939-v1-H1-qscan,GW240516_041939,0.0,0,,70.79710000016348
baseline@multiscale,baseline,0,GW240516_041939-v1-L1-qscan,GW240516_041939,0.0,0,,72.17799999943963
baseline@multiscale,baseline,0,GW240516_041939-v1-V1-qscan,GW240516_041939,0.014707847498357296,1,0.01470785,69.59180000103515
baseline@multiscale,baseline,0,GW240519_012815-v1-L1-qscan,GW240519_012815,0.8901329040527344,1,0.89013290,73.03280000087398
baseline@multiscale,baseline,0,GW240519_012815-v1-V1-qscan,GW240519_012815,0.8655955195426941,1,0.86559552,72.24029999906634
baseline@multiscale,baseline,0,GW240520_213616-v1-H1-qscan,GW240520_213616,0.21610869467258453,1,0.21610869,71.76219999928435
baseline@multiscale,baseline,0,GW240520_213616-v1-L1-qscan,GW240520_213616,0.19630655646324158,1,0.19630656,65.99379999988741
baseline@multiscale,baseline,0,GW240520_213616-v1-V1-qscan,GW240520_213616,0.017608562484383583,1,0.01760856,68.92870000046969
baseline@multiscale,baseline,0,GW240525_031210-v1-H1-qscan,GW240525_031210,0.8256213068962097,1,0.82562131,74.05010000002221
baseline@multiscale,baseline,0,GW240525_031210-v1-L1-qscan,GW240525_031210,0.7944369912147522,1,0.79443699,76.22779999837803
baseline@multiscale,baseline,0,GW240525_031210-v1-V1-qscan,GW240525_031210,0.0,0,,71.72469999841269
baseline@multiscale,baseline,0,GW240525_201644-v1-H1-qscan,GW240525_201644,0.0,0,,75.57119999910356
baseline@multiscale,baseline,0,GW240525_201644-v1-L1-qscan,GW240525_201644,0.0,0,,74.80010000017501
baseline@multiscale,baseline,0,GW240525_201644-v1-V1-qscan,GW240525_201644,0.0,0,,69.37219999963418
baseline@multiscale,baseline,0,GW240526_093944-v1-H1-qscan,GW240526_093944,0.5165602564811707,1,0.51656026,75.01429999956599
baseline@multiscale,baseline,0,GW240526_093944-v1-L1-qscan,GW240526_093944,0.0,0,,70.88699999985693
baseline@multiscale,baseline,0,GW240526_093944-v1-V1-qscan,GW240526_093944,0.0,0,,69.15890000072977
baseline@multiscale,baseline,0,GW240527_150907-v1-H1-qscan,GW240527_150907,0.0,0,,72.21819999995205
baseline@multiscale,baseline,0,GW240527_150907-v1-L1-qscan,GW240527_150907,0.0,0,,71.02740000027552
baseline@multiscale,baseline,0,GW240527_150907-v1-V1-qscan,GW240527_150907,0.0,0,,69.28260000040609
baseline@multiscale,baseline,0,GW240527_183429-v1-H1-qscan,GW240527_183429,0.8461869359016418,1,0.84618694,84.90790000087145
baseline@multiscale,baseline,0,GW240527_183429-v1-L1-qscan,GW240527_183429,0.0,0,,82.24849999987782
baseline@multiscale,baseline,0,GW240527_183429-v1-V1-qscan,GW240527_183429,0.0,0,,84.75369999996474
baseline@multiscale,baseline,0,GW240527_230910-v1-H1-qscan,GW240527_230910,0.4355759918689728,1,0.43557599,72.67120000051364
baseline@multiscale,baseline,0,GW240527_230910-v1-L1-qscan,GW240527_230910,0.08034496009349823,1,0.08034496,72.72900000043592
baseline@multiscale,baseline,0,GW240527_230910-v1-V1-qscan,GW240527_230910,0.11409274488687515,1,0.11409274,71.37599999896338
baseline@multiscale,baseline,0,GW240530_012417-v1-H1-qscan,GW240530_012417,0.0,0,,72.96849999966071
baseline@multiscale,baseline,0,GW240530_012417-v1-L1-qscan,GW240530_012417,0.6742849349975586,1,0.67428493,74.1269000009197
baseline@multiscale,baseline,0,GW240530_012417-v1-V1-qscan,GW240530_012417,0.0,0,,70.3538000016124
baseline@multiscale,baseline,0,GW240531_040326-v1-H1-qscan,GW240531_040326,0.4625268578529358,1,0.46252686,69.25799999953597
baseline@multiscale,baseline,0,GW240531_040326-v1-L1-qscan,GW240531_040326,0.0,0,,73.6522999995941
baseline@multiscale,baseline,0,GW240531_040326-v1-V1-qscan,GW240531_040326,0.0,0,,68.54899999962072
baseline@multiscale,baseline,0,GW240531_075248-v1-H1-qscan,GW240531_075248,0.0,0,,68.83410000136791
baseline@multiscale,baseline,0,GW240531_075248-v1-L1-qscan,GW240531_075248,0.9372535943984985,1,0.93725359,65.53360000089015
baseline@multiscale,baseline,0,GW240531_075248-v1-V1-qscan,GW240531_075248,0.15911224484443665,1,0.15911224,72.18880000073113
baseline@multiscale,baseline,0,GW240601_061200-v1-H1-qscan,GW240601_061200,0.010101189836859703,1,0.01010119,72.33540000015637
baseline@multiscale,baseline,0,GW240601_061200-v1-L1-qscan,GW240601_061200,0.22246870398521423,1,0.22246870,75.39189999988594
baseline@multiscale,baseline,0,GW240601_061200-v1-V1-qscan,GW240601_061200,0.0,0,,68.24649999907706
baseline@multiscale,baseline,0,GW240601_231004-v1-H1-qscan,GW240601_231004,0.0,0,,74.57509999949252
baseline@multiscale,baseline,0,GW240601_231004-v1-L1-qscan,GW240601_231004,0.0,0,,73.28159999997297
baseline@multiscale,baseline,0,GW240601_231004-v1-V1-qscan,GW240601_231004,0.010891586542129517,1,0.01089159,71.04939999953785
baseline@multiscale,baseline,0,GW240611_214835-v1-L1-qscan,GW240611_214835,0.16807040572166443,1,0.16807041,75.43520000035642
baseline@multiscale,baseline,0,GW240611_214835-v1-V1-qscan,GW240611_214835,0.0,0,,74.62949999990087
baseline@multiscale,baseline,0,GW240612_081540-v1-H1-qscan,GW240612_081540,0.6718988418579102,1,0.67189884,68.31730000067182
baseline@multiscale,baseline,0,GW240612_081540-v1-L1-qscan,GW240612_081540,0.16683335602283478,1,0.16683336,70.33049999972718
baseline@multiscale,baseline,0,GW240612_081540-v1-V1-qscan,GW240612_081540,0.0,0,,69.98959999964427
baseline@multiscale,baseline,0,GW240613_011503-v1-H1-qscan,GW240613_011503,0.0,0,,68.84100000115723
baseline@multiscale,baseline,0,GW240613_011503-v1-L1-qscan,GW240613_011503,0.0,0,,69.36540000060631
baseline@multiscale,baseline,0,GW240613_011503-v1-V1-qscan,GW240613_011503,0.0,0,,77.2123000015199
baseline@multiscale,baseline,0,GW240615_113620-v1-H1-qscan,GW240615_113620,0.9214239716529846,1,0.92142397,76.72509999974864
baseline@multiscale,baseline,0,GW240615_113620-v1-L1-qscan,GW240615_113620,0.91779625415802,1,0.91779625,72.06719999885536
baseline@multiscale,baseline,0,GW240615_113620-v1-V1-qscan,GW240615_113620,0.08951256424188614,1,0.08951256,71.94840000011027
baseline@multiscale,baseline,0,GW240615_160735-v1-H1-qscan,GW240615_160735,0.8828011751174927,1,0.88280118,74.56119999915245
baseline@multiscale,baseline,0,GW240615_160735-v1-L1-qscan,GW240615_160735,0.4032754600048065,1,0.40327546,70.37240000045131
baseline@multiscale,baseline,0,GW240615_160735-v1-V1-qscan,GW240615_160735,0.0,0,,72.27610000063578
baseline@multiscale,baseline,0,GW240618_071627-v1-H1-qscan,GW240618_071627,0.6128917932510376,1,0.61289179,71.33340000018507
baseline@multiscale,baseline,0,GW240618_071627-v1-L1-qscan,GW240618_071627,0.6889268159866333,1,0.68892682,65.16850000025443
baseline@multiscale,baseline,0,GW240619_044535-v1-H1-qscan,GW240619_044535,0.07929892838001251,1,0.07929893,67.78739999936079
baseline@multiscale,baseline,0,GW240619_044535-v1-L1-qscan,GW240619_044535,0.0,0,,75.37089999914315
baseline@multiscale,baseline,0,GW240619_044535-v1-V1-qscan,GW240619_044535,0.0,0,,72.08030000128929
baseline@multiscale,baseline,0,GW240619_212357-v1-H1-qscan,GW240619_212357,0.6317761540412903,1,0.63177615,73.34479999917676
baseline@multiscale,baseline,0,GW240619_212357-v1-L1-qscan,GW240619_212357,0.0,0,,69.97060000048805
baseline@multiscale,baseline,0,GW240619_212357-v1-V1-qscan,GW240619_212357,0.04098392277956009,1,0.04098392,68.76849999935075
baseline@multiscale,baseline,0,GW240620_094631-v1-H1-qscan,GW240620_094631,0.01642303168773651,1,0.01642303,71.99219999984052
baseline@multiscale,baseline,0,GW240620_094631-v1-L1-qscan,GW240620_094631,0.0,0,,74.19069999923522
baseline@multiscale,baseline,0,GW240620_094631-v1-V1-qscan,GW240620_094631,0.0,0,,71.46639999882609
baseline@multiscale,baseline,0,GW240621_103457-v1-H1-qscan,GW240621_103457,0.21703465282917023,1,0.21703465,69.58829999985028
baseline@multiscale,baseline,0,GW240621_103457-v1-L1-qscan,GW240621_103457,0.0,0,,68.09270000030665
baseline@multiscale,baseline,0,GW240621_103457-v1-V1-qscan,GW240621_103457,0.0,0,,76.26210000034916
baseline@multiscale,baseline,0,GW240621_195059-v1-H1-qscan,GW240621_195059,0.939556896686554,1,0.93955690,71.59050000063871
baseline@multiscale,baseline,0,GW240621_195059-v1-L1-qscan,GW240621_195059,0.9236937761306763,1,0.92369378,74.8807999998462
baseline@multiscale,baseline,0,GW240621_195059-v1-V1-qscan,GW240621_195059,0.1767810732126236,1,0.17678107,72.26170000012644
baseline@multiscale,baseline,0,GW240621_200935-v1-H1-qscan,GW240621_200935,0.3246704936027527,1,0.32467049,71.35029999972176
baseline@multiscale,baseline,0,GW240621_200935-v1-L1-qscan,GW240621_200935,0.4134666323661804,1,0.41346663,74.54990000042017
baseline@multiscale,baseline,0,GW240621_200935-v1-V1-qscan,GW240621_200935,0.017253946512937546,1,0.01725395,76.10459999978048
baseline@multiscale,baseline,0,GW240621_214041-v1-H1-qscan,GW240621_214041,0.47728338837623596,1,0.47728339,73.45819999954983
baseline@multiscale,baseline,0,GW240621_214041-v1-L1-qscan,GW240621_214041,0.7896790504455566,1,0.78967905,72.85139999930834
baseline@multiscale,baseline,0,GW240621_214041-v1-V1-qscan,GW240621_214041,0.0,0,,77.19159999942349
baseline@multiscale,baseline,0,GW240622_004008-v1-H1-qscan,GW240622_004008,0.0319460928440094,1,0.03194609,72.31230000070354
baseline@multiscale,baseline,0,GW240622_004008-v1-L1-qscan,GW240622_004008,0.5736100673675537,1,0.57361007,66.95599999875412
baseline@multiscale,baseline,0,GW240622_004008-v1-V1-qscan,GW240622_004008,0.0,0,,69.80990000101883
baseline@multiscale,baseline,0,GW240625_073331-v1-H1-qscan,GW240625_073331,0.04470892250537872,1,0.04470892,71.39879999976984
baseline@multiscale,baseline,0,GW240625_073331-v1-L1-qscan,GW240625_073331,0.0,0,,73.30850000107603
baseline@multiscale,baseline,0,GW240627_131622-v1-H1-qscan,GW240627_131622,0.038452185690402985,1,0.03845219,70.74159999956464
baseline@multiscale,baseline,0,GW240627_131622-v1-L1-qscan,GW240627_131622,0.106443390250206,1,0.10644339,75.98530000086612
baseline@multiscale,baseline,0,GW240627_131622-v1-V1-qscan,GW240627_131622,0.010563558898866177,1,0.01056356,79.28159999937634
baseline@multiscale,baseline,0,GW240629_145256-v1-H1-qscan,GW240629_145256,0.2822771370410919,1,0.28227714,80.44150000023365
baseline@multiscale,baseline,0,GW240629_145256-v1-L1-qscan,GW240629_145256,0.6174792051315308,1,0.61747921,73.49669999985053
baseline@multiscale,baseline,0,GW240629_145256-v1-V1-qscan,GW240629_145256,0.0,0,,73.42009999865695
baseline@multiscale,baseline,0,GW240630_101703-v1-H1-qscan,GW240630_101703,0.5303301215171814,1,0.53033012,76.31249999940337
baseline@multiscale,baseline,0,GW240630_101703-v1-V1-qscan,GW240630_101703,0.0,0,,72.58040000033361
baseline@multiscale,baseline,0,GW240630_115348-v1-H1-qscan,GW240630_115348,0.823343813419342,1,0.82334381,74.70619999912742
baseline@multiscale,baseline,0,GW240630_115348-v1-L1-qscan,GW240630_115348,0.8013582229614258,1,0.80135822,71.82390000070882
baseline@multiscale,baseline,0,GW240630_115348-v1-V1-qscan,GW240630_115348,0.0,0,,75.83660000000236
baseline@multiscale,baseline,0,GW240630_212937-v1-H1-qscan,GW240630_212937,0.0,0,,69.31129999975383
baseline@multiscale,baseline,0,GW240630_212937-v1-L1-qscan,GW240630_212937,0.0,0,,72.01039999927161
baseline@multiscale,baseline,0,GW240630_212937-v1-V1-qscan,GW240630_212937,0.0,0,,75.73589999992691
baseline@multiscale,baseline,0,GW240701_011640-v1-H1-qscan,GW240701_011640,0.0,0,,69.27879999966535
baseline@multiscale,baseline,0,GW240701_011640-v1-L1-qscan,GW240701_011640,0.0,0,,73.78930000140826
baseline@multiscale,baseline,0,GW240701_011640-v1-V1-qscan,GW240701_011640,0.0,0,,75.59750000018539
baseline@multiscale,baseline,0,GW240701_013826-v1-H1-qscan,GW240701_013826,0.0,0,,73.5954000001584
baseline@multiscale,baseline,0,GW240701_013826-v1-L1-qscan,GW240701_013826,0.0,0,,67.17920000028244
baseline@multiscale,baseline,0,GW240701_013826-v1-V1-qscan,GW240701_013826,0.5994093418121338,1,0.59940934,76.6076999998404
baseline@multiscale,baseline,0,GW240701_203807-v1-H1-qscan,GW240701_203807,0.0,0,,68.92419999985577
baseline@multiscale,baseline,0,GW240701_203807-v1-L1-qscan,GW240701_203807,0.0,0,,72.16349999998783
baseline@multiscale,baseline,0,GW240701_203807-v1-V1-qscan,GW240701_203807,0.022655876353383064,1,0.02265588,71.55529999999999
baseline@multiscale,baseline,0,GW240703_191355-v1-L1-qscan,GW240703_191355,0.5286153554916382,1,0.52861536,68.1817000013325
baseline@multiscale,baseline,0,GW240703_191355-v1-V1-qscan,GW240703_191355,0.02526705525815487,1,0.02526706,69.8738000000958
baseline@multiscale,baseline,0,GW240705_053215-v1-H1-qscan,GW240705_053215,0.9592562913894653,1,0.95925629,76.24070000019856
baseline@multiscale,baseline,0,GW240705_053215-v1-L1-qscan,GW240705_053215,0.7821742296218872,1,0.78217423,71.80790000074921
baseline@multiscale,baseline,0,GW240705_053215-v1-V1-qscan,GW240705_053215,0.0,0,,68.35649999811722
baseline@multiscale,baseline,0,GW240716_034900-v1-L1-qscan,GW240716_034900,0.9025737643241882,1,0.90257376,74.33469999978115
baseline@multiscale,baseline,0,GW240716_034900-v1-V1-qscan,GW240716_034900,0.0,0,,73.37600000028033
baseline@multiscale,baseline,0,GW240806_043539-v1-L1-qscan,GW240806_043539,0.0,0,,73.4496000004583
baseline@multiscale,baseline,0,GW240806_043539-v1-V1-qscan,GW240806_043539,0.0,0,,77.25630000004458
baseline@multiscale,baseline,0,GW240807_214559-v1-L1-qscan,GW240807_214559,0.0,0,,72.42179999957443
baseline@multiscale,baseline,0,GW240807_214559-v1-V1-qscan,GW240807_214559,0.0,0,,71.18849999915255
baseline@multiscale,baseline,0,GW240813_034548-v1-L1-qscan,GW240813_034548,0.0,0,,70.07739999971818
baseline@multiscale,baseline,0,GW240813_034548-v1-V1-qscan,GW240813_034548,0.019519733265042305,1,0.01951973,69.26790000034089
baseline@multiscale,baseline,0,GW240814_145043-v1-L1-qscan,GW240814_145043,0.05454404652118683,1,0.05454405,70.05779999963124
baseline@multiscale,baseline,0,GW240814_145043-v1-V1-qscan,GW240814_145043,0.0,0,,71.78380000004836
baseline@multiscale,baseline,0,GW240824_205609-v1-H1-qscan,GW240824_205609,0.7472952008247375,1,0.74729520,74.70989999910671
baseline@multiscale,baseline,0,GW240824_205609-v1-L1-qscan,GW240824_205609,0.0,0,,74.22719999976835
baseline@multiscale,baseline,0,GW240824_205609-v1-V1-qscan,GW240824_205609,0.6927439570426941,1,0.69274396,74.58460000088962
baseline@multiscale,baseline,0,GW240825_055146-v1-H1-qscan,GW240825_055146,0.03735100105404854,1,0.03735100,71.04340000023512
baseline@multiscale,baseline,0,GW240825_055146-v1-L1-qscan,GW240825_055146,0.3274361789226532,1,0.32743618,73.80190000094444
baseline@multiscale,baseline,0,GW240825_055146-v1-V1-qscan,GW240825_055146,0.0,0,,76.24010000017734
baseline@multiscale,baseline,0,GW240828_102340-v1-H1-qscan,GW240828_102340,0.11321284621953964,1,0.11321285,71.90470000023197
baseline@multiscale,baseline,0,GW240828_102340-v1-L1-qscan,GW240828_102340,0.07823850214481354,1,0.07823850,74.8673999996754
baseline@multiscale,baseline,0,GW240828_102340-v1-V1-qscan,GW240828_102340,0.0,0,,73.61910000145144
baseline@multiscale,baseline,0,GW240830_211120-v1-H1-qscan,GW240830_211120,0.012841683812439442,1,0.01284168,74.2686000003232
baseline@multiscale,baseline,0,GW240830_211120-v1-L1-qscan,GW240830_211120,0.06668531149625778,1,0.06668531,81.39519999986078
baseline@multiscale,baseline,0,GW240830_211120-v1-V1-qscan,GW240830_211120,0.0,0,,67.32569999894622
baseline@multiscale,baseline,0,GW240901_195332-v1-H1-qscan,GW240901_195332,0.0,0,,75.17989999996644
baseline@multiscale,baseline,0,GW240901_195332-v1-L1-qscan,GW240901_195332,0.0,0,,75.80120000056922
baseline@multiscale,baseline,0,GW240901_195332-v1-V1-qscan,GW240901_195332,0.0,0,,71.50630000069214
baseline@multiscale,baseline,0,GW240902_143306-v1-H1-qscan,GW240902_143306,0.8101869225502014,1,0.81018692,75.71199999983946
baseline@multiscale,baseline,0,GW240902_143306-v1-L1-qscan,GW240902_143306,0.07670162618160248,1,0.07670163,74.68839999910415
baseline@multiscale,baseline,0,GW240902_143306-v1-V1-qscan,GW240902_143306,0.3639509081840515,1,0.36395091,72.30350000008912
baseline@multiscale,baseline,0,GW240907_092521-v1-H1-qscan,GW240907_092521,0.4416584372520447,1,0.44165844,74.06580000042595
baseline@multiscale,baseline,0,GW240907_092521-v1-L1-qscan,GW240907_092521,0.0,0,,72.4528000000646
baseline@multiscale,baseline,0,GW240907_092521-v1-V1-qscan,GW240907_092521,0.0,0,,66.90920000073675
baseline@multiscale,baseline,0,GW240907_121650-v1-H1-qscan,GW240907_121650,0.10797692090272903,1,0.10797692,66.69539999984408
baseline@multiscale,baseline,0,GW240907_121650-v1-L1-qscan,GW240907_121650,0.0,0,,72.53579999996873
baseline@multiscale,baseline,0,GW240907_121650-v1-V1-qscan,GW240907_121650,0.40192079544067383,1,0.40192080,72.32490000023972
baseline@multiscale,baseline,0,GW240907_153833-v1-H1-qscan,GW240907_153833,0.7710365653038025,1,0.77103657,71.39360000019224
baseline@multiscale,baseline,0,GW240907_153833-v1-L1-qscan,GW240907_153833,0.8717325329780579,1,0.87173253,72.58479999927658
baseline@multiscale,baseline,0,GW240907_153833-v1-V1-qscan,GW240907_153833,0.38717302680015564,1,0.38717303,71.19020000027376
baseline@multiscale,baseline,0,GW240908_082628-v1-H1-qscan,GW240908_082628,0.4038415551185608,1,0.40384156,71.06969999949797
baseline@multiscale,baseline,0,GW240908_082628-v1-L1-qscan,GW240908_082628,0.857452929019928,1,0.85745293,76.84160000007978
baseline@multiscale,baseline,0,GW240908_082628-v1-V1-qscan,GW240908_082628,0.07350613176822662,1,0.07350613,70.29890000012529
baseline@multiscale,baseline,0,GW240908_125134-v1-H1-qscan,GW240908_125134,0.6584665179252625,1,0.65846652,70.466099999976
baseline@multiscale,baseline,0,GW240908_125134-v1-L1-qscan,GW240908_125134,0.09964817017316818,1,0.09964817,76.11549999910494
baseline@multiscale,baseline,0,GW240908_125134-v1-V1-qscan,GW240908_125134,0.0,0,,67.24639999811188
baseline@multiscale,baseline,0,GW240908_174149-v1-H1-qscan,GW240908_174149,0.20548446476459503,1,0.20548446,66.93109999923763
baseline@multiscale,baseline,0,GW240908_174149-v1-L1-qscan,GW240908_174149,0.0,0,,74.22839999981079
baseline@multiscale,baseline,0,GW240908_174149-v1-V1-qscan,GW240908_174149,0.0,0,,68.4027999996033
baseline@multiscale,baseline,0,GW240910_103535-v1-H1-qscan,GW240910_103535,0.8693892359733582,1,0.86938924,76.3585000004241
baseline@multiscale,baseline,0,GW240910_103535-v1-L1-qscan,GW240910_103535,0.20432500541210175,1,0.20432501,73.27729999997246
baseline@multiscale,baseline,0,GW240913_111216-v1-H1-qscan,GW240913_111216,0.0,0,,70.24020000062592
baseline@multiscale,baseline,0,GW240913_111216-v1-L1-qscan,GW240913_111216,0.0,0,,73.04959999964922
baseline@multiscale,baseline,0,GW240913_111216-v1-V1-qscan,GW240913_111216,0.0,0,,75.78089999969961
baseline@multiscale,baseline,0,GW240915_001357-v1-H1-qscan,GW240915_001357,0.4768105447292328,1,0.47681054,70.76469999992696
baseline@multiscale,baseline,0,GW240915_001357-v1-L1-qscan,GW240915_001357,0.8347992300987244,1,0.83479923,68.87800000004063
baseline@multiscale,baseline,0,GW240915_001357-v1-V1-qscan,GW240915_001357,0.0,0,,74.38459999957558
baseline@multiscale,baseline,0,GW240915_045510-v1-H1-qscan,GW240915_045510,0.8380860090255737,1,0.83808601,71.3450000002922
baseline@multiscale,baseline,0,GW240915_045510-v1-L1-qscan,GW240915_045510,0.0,0,,71.62430000062159
baseline@multiscale,baseline,0,GW240915_045510-v1-V1-qscan,GW240915_045510,0.9139295816421509,1,0.91392958,71.2692999995852
baseline@multiscale,baseline,0,GW240915_105151-v1-H1-qscan,GW240915_105151,0.6996650695800781,1,0.69966507,67.15209999947547
baseline@multiscale,baseline,0,GW240915_105151-v1-V1-qscan,GW240915_105151,0.0,0,,70.75809999969351
baseline@multiscale,baseline,0,GW240916_184352-v1-H1-qscan,GW240916_184352,0.0,0,,75.61289999921428
baseline@multiscale,baseline,0,GW240916_184352-v1-L1-qscan,GW240916_184352,0.0,0,,72.51410000026226
baseline@multiscale,baseline,0,GW240916_184352-v1-V1-qscan,GW240916_184352,0.1491067111492157,1,0.14910671,68.06180000057793
baseline@multiscale,baseline,0,GW240917_130237-v1-H1-qscan,GW240917_130237,0.0,0,,73.22149999981775
baseline@multiscale,baseline,0,GW240917_130237-v1-L1-qscan,GW240917_130237,0.0,0,,71.94590000017342
baseline@multiscale,baseline,0,GW240919_061559-v1-H1-qscan,GW240919_061559,0.9341406226158142,1,0.93414062,72.53229999969335
baseline@multiscale,baseline,0,GW240919_061559-v1-L1-qscan,GW240919_061559,0.9291929602622986,1,0.92919296,70.56730000022071
baseline@multiscale,baseline,0,GW240919_061559-v1-V1-qscan,GW240919_061559,0.8347898721694946,1,0.83478987,72.67520000004879
baseline@multiscale,baseline,0,GW240919_215453-v1-H1-qscan,GW240919_215453,0.0,0,,69.81229999928473
baseline@multiscale,baseline,0,GW240919_215453-v1-L1-qscan,GW240919_215453,0.9053340554237366,1,0.90533406,71.1989999999787
baseline@multiscale,baseline,0,GW240919_215453-v1-V1-qscan,GW240919_215453,0.0,0,,69.9707000012495
baseline@multiscale,baseline,0,GW240920_073424-v1-H1-qscan,GW240920_073424,0.8329683542251587,1,0.83296835,74.82489999983954
baseline@multiscale,baseline,0,GW240920_073424-v1-L1-qscan,GW240920_073424,0.6409692168235779,1,0.64096922,75.22279999921011
baseline@multiscale,baseline,0,GW240920_073424-v1-V1-qscan,GW240920_073424,0.7287811040878296,1,0.72878110,70.7790999995268
baseline@multiscale,baseline,0,GW240920_124024-v1-H1-qscan,GW240920_124024,0.931868314743042,1,0.93186831,73.7939999989976
baseline@multiscale,baseline,0,GW240920_124024-v1-L1-qscan,GW240920_124024,0.9357802271842957,1,0.93578023,71.4730999989115
baseline@multiscale,baseline,0,GW240921_201835-v1-L1-qscan,GW240921_201835,0.7875798940658569,1,0.78757989,71.25330000144459
baseline@multiscale,baseline,0,GW240921_201835-v1-V1-qscan,GW240921_201835,0.0,0,,73.31079999948997
baseline@multiscale,baseline,0,GW240922_142106-v1-H1-qscan,GW240922_142106,0.3667947053909302,1,0.36679471,78.53560000057769
baseline@multiscale,baseline,0,GW240922_142106-v1-L1-qscan,GW240922_142106,0.5062682032585144,1,0.50626820,72.67049999973096
baseline@multiscale,baseline,0,GW240922_142106-v1-V1-qscan,GW240922_142106,0.0,0,,71.5756000008696
baseline@multiscale,baseline,0,GW240923_000715-v1-H1-qscan,GW240923_000715,0.0,0,,73.66990000082296
baseline@multiscale,baseline,0,GW240923_000715-v1-L1-qscan,GW240923_000715,0.0,0,,71.14910000018426
baseline@multiscale,baseline,0,GW240923_000715-v1-V1-qscan,GW240923_000715,0.05444534122943878,1,0.05444534,70.45990000005986
baseline@multiscale,baseline,0,GW240923_110846-v1-H1-qscan,GW240923_110846,0.8737348914146423,1,0.87373489,76.4459000001807
baseline@multiscale,baseline,0,GW240923_204006-v1-H1-qscan,GW240923_204006,0.2505358159542084,1,0.25053582,72.52799999878334
baseline@multiscale,baseline,0,GW240923_204006-v1-L1-qscan,GW240923_204006,0.901149332523346,1,0.90114933,73.45119999899907
baseline@multiscale,baseline,0,GW240924_000316-v1-H1-qscan,GW240924_000316,0.4911021888256073,1,0.49110219,70.23840000056225
baseline@multiscale,baseline,0,GW240924_000316-v1-L1-qscan,GW240924_000316,0.0,0,,72.2765000000436
baseline@multiscale,baseline,0,GW240924_000316-v1-V1-qscan,GW240924_000316,0.0,0,,68.51540000025125
baseline@multiscale,baseline,0,GW240925_000956-v1-H1-qscan,GW240925_000956,0.0,0,,72.15430000087508
baseline@multiscale,baseline,0,GW240925_000956-v1-L1-qscan,GW240925_000956,0.0,0,,68.24139999935142
baseline@multiscale,baseline,0,GW240925_000956-v1-V1-qscan,GW240925_000956,0.0,0,,72.23900000008143
baseline@multiscale,baseline,0,GW240925_005809-v2-H1-qscan,GW240925_005809,0.8586735129356384,1,0.85867351,76.79150000058144
baseline@multiscale,baseline,0,GW240925_005809-v2-L1-qscan,GW240925_005809,0.9412193298339844,1,0.94121933,70.47450000027311
baseline@multiscale,baseline,0,GW240925_005809-v2-V1-qscan,GW240925_005809,0.0,0,,70.9378999999899
baseline@multiscale,baseline,0,GW240930_035959-v1-H1-qscan,GW240930_035959,0.6770316958427429,1,0.67703170,73.96080000034999
baseline@multiscale,baseline,0,GW240930_035959-v1-L1-qscan,GW240930_035959,0.5359697937965393,1,0.53596979,70.72150000021793
baseline@multiscale,baseline,0,GW240930_035959-v1-V1-qscan,GW240930_035959,0.14379113912582397,1,0.14379114,72.51029999952152
baseline@multiscale,baseline,0,GW240930_123408-v1-H1-qscan,GW240930_123408,0.2628648281097412,1,0.26286483,75.07799999984854
baseline@multiscale,baseline,0,GW240930_123408-v1-L1-qscan,GW240930_123408,0.0,0,,65.19060000027821
baseline@multiscale,baseline,0,GW240930_123408-v1-V1-qscan,GW240930_123408,0.0,0,,67.43509999796515
baseline@multiscale,baseline,0,GW240930_234614-v1-H1-qscan,GW240930_234614,0.0,0,,71.1935999997877
baseline@multiscale,baseline,0,GW240930_234614-v1-L1-qscan,GW240930_234614,0.7218288779258728,1,0.72182888,71.576900000764
baseline@multiscale,baseline,0,GW240930_234614-v1-V1-qscan,GW240930_234614,0.0,0,,75.57819999965432
baseline@multiscale,baseline,0,GW241002_030559-v1-L1-qscan,GW241002_030559,0.7725249528884888,1,0.77252495,78.10760000029404
baseline@multiscale,baseline,0,GW241002_030559-v1-V1-qscan,GW241002_030559,0.03440740332007408,1,0.03440740,72.80030000038096
baseline@multiscale,baseline,0,GW241006_015333-v1-H1-qscan,GW241006_015333,0.6934150457382202,1,0.69341505,73.62390000071173
baseline@multiscale,baseline,0,GW241006_015333-v1-L1-qscan,GW241006_015333,0.8761329054832458,1,0.87613291,73.72639999994135
baseline@multiscale,baseline,0,GW241006_015333-v1-V1-qscan,GW241006_015333,0.11070068180561066,1,0.11070068,73.63960000020597
baseline@multiscale,baseline,0,GW241007_082943-v1-H1-qscan,GW241007_082943,0.815995454788208,1,0.81599545,72.34470000094007
baseline@multiscale,baseline,0,GW241007_082943-v1-L1-qscan,GW241007_082943,0.21202459931373596,1,0.21202460,75.03520000045683
baseline@multiscale,baseline,0,GW241007_082943-v1-V1-qscan,GW241007_082943,0.0,0,,71.41700000011042
baseline@multiscale,baseline,0,GW241009_022835-v1-H1-qscan,GW241009_022835,0.0,0,,71.67239999944286
baseline@multiscale,baseline,0,GW241009_022835-v1-L1-qscan,GW241009_022835,0.7682127952575684,1,0.76821280,72.2405999986222
baseline@multiscale,baseline,0,GW241009_022835-v1-V1-qscan,GW241009_022835,0.0,0,,71.85810000009951
baseline@multiscale,baseline,0,GW241009_084816-v1-H1-qscan,GW241009_084816,0.18078073859214783,1,0.18078074,70.11770000008255
baseline@multiscale,baseline,0,GW241009_084816-v1-L1-qscan,GW241009_084816,0.3171275556087494,1,0.31712756,70.44829999995272
baseline@multiscale,baseline,0,GW241009_084816-v1-V1-qscan,GW241009_084816,0.0,0,,72.57279999885213
baseline@multiscale,baseline,0,GW241009_220455-v1-H1-qscan,GW241009_220455,0.8058573007583618,1,0.80585730,72.53279999986262
baseline@multiscale,baseline,0,GW241009_220455-v1-L1-qscan,GW241009_220455,0.0514984093606472,1,0.05149841,73.63309999891499
baseline@multiscale,baseline,0,GW241009_220455-v1-V1-qscan,GW241009_220455,0.9041160345077515,1,0.90411603,75.41169999967678
baseline@multiscale,baseline,0,GW241011_233834-v2-H1-qscan,GW241011_233834,0.9514802098274231,1,0.95148021,69.7295000009035
baseline@multiscale,baseline,0,GW241011_233834-v2-V1-qscan,GW241011_233834,0.3397289216518402,1,0.33972892,67.95619999957125
baseline@multiscale,baseline,0,GW241018_235402-v1-H1-qscan,GW241018_235402,0.5427844524383545,1,0.54278445,73.2852000001003
baseline@multiscale,baseline,0,GW241018_235402-v1-V1-qscan,GW241018_235402,0.0,0,,66.88149999990856
baseline@multiscale,baseline,0,GW241101_034726-v1-H1-qscan,GW241101_034726,0.0,0,,69.54609999957029
baseline@multiscale,baseline,0,GW241101_034726-v1-L1-qscan,GW241101_034726,0.0,0,,71.44049999988056
baseline@multiscale,baseline,0,GW241101_034726-v1-V1-qscan,GW241101_034726,0.0,0,,69.54350000069098
baseline@multiscale,baseline,0,GW241101_220523-v1-L1-qscan,GW241101_220523,0.6779695153236389,1,0.67796952,74.55730000037875
baseline@multiscale,baseline,0,GW241101_220523-v1-V1-qscan,GW241101_220523,0.0,0,,75.42470000043977
baseline@multiscale,baseline,0,GW241102_124058-v1-H1-qscan,GW241102_124058,0.8720417022705078,1,0.87204170,71.92769999983284
baseline@multiscale,baseline,0,GW241102_124058-v1-L1-qscan,GW241102_124058,0.7767866253852844,1,0.77678663,67.2975999996197
baseline@multiscale,baseline,0,GW241102_124058-v1-V1-qscan,GW241102_124058,0.0,0,,70.66020000002027
baseline@multiscale,baseline,0,GW241102_144729-v1-H1-qscan,GW241102_144729,0.8041210174560547,1,0.80412102,73.04070000009233
baseline@multiscale,baseline,0,GW241102_144729-v1-L1-qscan,GW241102_144729,0.9327471256256104,1,0.93274713,71.59419999970851
baseline@multiscale,baseline,0,GW241102_144729-v1-V1-qscan,GW241102_144729,0.0,0,,70.55390000004991
baseline@multiscale,baseline,0,GW241106_110932-v1-H1-qscan,GW241106_110932,0.43924906849861145,1,0.43924907,66.17220000043744
baseline@multiscale,baseline,0,GW241106_110932-v1-L1-qscan,GW241106_110932,0.01732751727104187,1,0.01732752,70.50859999981185
baseline@multiscale,baseline,0,GW241106_110932-v1-V1-qscan,GW241106_110932,0.0,0,,75.971500000378
baseline@multiscale,baseline,0,GW241109_005349-v1-H1-qscan,GW241109_005349,0.0,0,,76.8858999999793
baseline@multiscale,baseline,0,GW241109_005349-v1-L1-qscan,GW241109_005349,0.0,0,,70.54339999922377
baseline@multiscale,baseline,0,GW241109_033317-v1-L1-qscan,GW241109_033317,0.7756523489952087,1,0.77565235,75.14930000070308
baseline@multiscale,baseline,0,GW241109_033317-v1-V1-qscan,GW241109_033317,0.12785209715366364,1,0.12785210,73.20749999962572
baseline@multiscale,baseline,0,GW241109_115924-v1-H1-qscan,GW241109_115924,0.7720065712928772,1,0.77200657,73.99840000016411
baseline@multiscale,baseline,0,GW241109_115924-v1-V1-qscan,GW241109_115924,0.0,0,,71.7119000000821
baseline@multiscale,baseline,0,GW241110_124123-v2-H1-qscan,GW241110_124123,0.10747595876455307,1,0.10747596,72.46760000089125
baseline@multiscale,baseline,0,GW241110_124123-v2-L1-qscan,GW241110_124123,0.7499576807022095,1,0.74995768,70.78229999933683
baseline@multiscale,baseline,0,GW241110_124123-v2-V1-qscan,GW241110_124123,0.0,0,,75.07150000037655
baseline@multiscale,baseline,0,GW241111_111552-v1-H1-qscan,GW241111_111552,0.7264149188995361,1,0.72641492,71.77659999979369
baseline@multiscale,baseline,0,GW241111_111552-v1-L1-qscan,GW241111_111552,0.18409259617328644,1,0.18409260,68.24310000047262
baseline@multiscale,baseline,0,GW241113_163507-v1-L1-qscan,GW241113_163507,0.6734919548034668,1,0.67349195,74.614099999053
baseline@multiscale,baseline,0,GW241113_163507-v1-V1-qscan,GW241113_163507,0.0,0,,73.25800000035088
baseline@multiscale,baseline,0,GW241114_024711-v1-H1-qscan,GW241114_024711,0.781943142414093,1,0.78194314,72.83970000025874
baseline@multiscale,baseline,0,GW241114_024711-v1-L1-qscan,GW241114_024711,0.011844059452414513,1,0.01184406,74.81910000115022
baseline@multiscale,baseline,0,GW241114_024711-v1-V1-qscan,GW241114_024711,0.0,0,,73.01229999939096
baseline@multiscale,baseline,0,GW241114_235258-v1-L1-qscan,GW241114_235258,0.01399561669677496,1,0.01399562,68.12119999995048
baseline@multiscale,baseline,0,GW241114_235258-v1-V1-qscan,GW241114_235258,0.0,0,,70.04910000068776
baseline@multiscale,baseline,0,GW241116_151753-v1-H1-qscan,GW241116_151753,0.021916300058364868,1,0.02191630,70.46030000037717
baseline@multiscale,baseline,0,GW241116_151753-v1-L1-qscan,GW241116_151753,0.7225453853607178,1,0.72254539,72.7534999996351
baseline@multiscale,baseline,0,GW241116_151753-v1-V1-qscan,GW241116_151753,0.0,0,,71.88649999898189
baseline@multiscale,baseline,0,GW241124_024914-v1-H1-qscan,GW241124_024914,0.9196996688842773,1,0.91969967,75.78520000060962
baseline@multiscale,baseline,0,GW241124_024914-v1-L1-qscan,GW241124_024914,0.14659026265144348,1,0.14659026,69.2404000001261
baseline@multiscale,baseline,0,GW241124_024914-v1-V1-qscan,GW241124_024914,0.033099208027124405,1,0.03309921,71.73999999940861
baseline@multiscale,baseline,0,GW241125_010116-v1-H1-qscan,GW241125_010116,0.07477221637964249,1,0.07477222,74.46929999969143
baseline@multiscale,baseline,0,GW241125_010116-v1-L1-qscan,GW241125_010116,0.4056190848350525,1,0.40561908,71.3580000001457
baseline@multiscale,baseline,0,GW241125_010116-v1-V1-qscan,GW241125_010116,0.0,0,,73.30130000082136
baseline@multiscale,baseline,0,GW241127_061008-v1-H1-qscan,GW241127_061008,0.9437118172645569,1,0.94371182,80.91430000149558
baseline@multiscale,baseline,0,GW241127_061008-v1-L1-qscan,GW241127_061008,0.9193629622459412,1,0.91936296,75.75009999891336
baseline@multiscale,baseline,0,GW241127_061008-v1-V1-qscan,GW241127_061008,0.0,0,,72.55400000030932
baseline@multiscale,baseline,0,GW241129_021832-v1-H1-qscan,GW241129_021832,0.44648477435112,1,0.44648477,72.37829999940004
baseline@multiscale,baseline,0,GW241129_021832-v1-L1-qscan,GW241129_021832,0.8535921573638916,1,0.85359216,71.67590000062773
baseline@multiscale,baseline,0,GW241129_021832-v1-V1-qscan,GW241129_021832,0.015156963840126991,1,0.01515696,73.47549999940384
baseline@multiscale,baseline,0,GW241129_140416-v1-H1-qscan,GW241129_140416,0.0,0,,69.07109999974637
baseline@multiscale,baseline,0,GW241129_140416-v1-L1-qscan,GW241129_140416,0.0,0,,67.75160000051983
baseline@multiscale,baseline,0,GW241130_034908-v1-H1-qscan,GW241130_034908,0.8598742485046387,1,0.85987425,76.69690000057017
baseline@multiscale,baseline,0,GW241130_034908-v1-L1-qscan,GW241130_034908,0.7514519095420837,1,0.75145191,73.64609999967797
baseline@multiscale,baseline,0,GW241130_034908-v1-V1-qscan,GW241130_034908,0.19256433844566345,1,0.19256434,73.7410000001546
baseline@multiscale,baseline,0,GW241130_110422-v1-H1-qscan,GW241130_110422,0.157182514667511,1,0.15718251,71.96349999958329
baseline@multiscale,baseline,0,GW241130_110422-v1-L1-qscan,GW241130_110422,0.44468429684638977,1,0.44468430,70.62390000010055
baseline@multiscale,baseline,0,GW241130_110422-v1-V1-qscan,GW241130_110422,0.0,0,,73.79330000003392
baseline@multiscale,baseline,0,GW241201_055758-v1-H1-qscan,GW241201_055758,0.8362247943878174,1,0.83622479,73.64800000050309
baseline@multiscale,baseline,0,GW241201_055758-v1-L1-qscan,GW241201_055758,0.0,0,,70.82390000050509
baseline@multiscale,baseline,0,GW241201_055758-v1-V1-qscan,GW241201_055758,0.027712199836969376,1,0.02771220,67.96610000037617
baseline@multiscale,baseline,0,GW241201_142737-v1-H1-qscan,GW241201_142737,0.10584738105535507,1,0.10584738,76.3319000006959
baseline@multiscale,baseline,0,GW241201_142737-v1-L1-qscan,GW241201_142737,0.0,0,,77.48189999983879
baseline@multiscale,baseline,0,GW241201_142737-v1-V1-qscan,GW241201_142737,0.304303377866745,1,0.30430338,69.98879999991914
baseline@multiscale,baseline,0,GW241210_023335-v1-H1-qscan,GW241210_023335,0.010636793449521065,1,0.01063679,71.65340000119613
baseline@multiscale,baseline,0,GW241210_023335-v1-L1-qscan,GW241210_023335,0.0,0,,68.8836999997875
baseline@multiscale,baseline,0,GW241210_060606-v1-H1-qscan,GW241210_060606,0.3381354808807373,1,0.33813548,74.05089999974734
baseline@multiscale,baseline,0,GW241210_060606-v1-L1-qscan,GW241210_060606,0.606831431388855,1,0.60683143,75.69210000019666
baseline@multiscale,baseline,0,GW241210_060606-v1-V1-qscan,GW241210_060606,0.08848593384027481,1,0.08848593,70.38780000038969
baseline@multiscale,baseline,0,GW241210_120900-v1-H1-qscan,GW241210_120900,0.0,0,,75.35429999916232
baseline@multiscale,baseline,0,GW241210_120900-v1-L1-qscan,GW241210_120900,0.8425838351249695,1,0.84258384,76.82159999967553
baseline@multiscale,baseline,0,GW241219_222607-v1-H1-qscan,GW241219_222607,0.20530803501605988,1,0.20530804,74.11899999988236
baseline@multiscale,baseline,0,GW241219_222607-v1-L1-qscan,GW241219_222607,0.0,0,,68.21879999915836
baseline@multiscale,baseline,0,GW241220_062146-v1-H1-qscan,GW241220_062146,0.0,0,,70.45340000058786
baseline@multiscale,baseline,0,GW241220_062146-v1-L1-qscan,GW241220_062146,0.0,0,,69.25300000148127
baseline@multiscale,baseline,0,GW241225_042553-v1-L1-qscan,GW241225_042553,0.894566535949707,1,0.89456654,71.94729999901028
baseline@multiscale,baseline,0,GW241225_042553-v1-V1-qscan,GW241225_042553,0.032159071415662766,1,0.03215907,75.90570000047592
baseline@multiscale,baseline,0,GW241225_082815-v1-H1-qscan,GW241225_082815,0.9298471808433533,1,0.92984718,75.41119999950752
baseline@multiscale,baseline,0,GW241225_082815-v1-L1-qscan,GW241225_082815,0.9214161038398743,1,0.92141610,70.72059999973135
baseline@multiscale,baseline,0,GW241229_155844-v1-H1-qscan,GW241229_155844,0.916167140007019,1,0.91616714,70.96690000071249
baseline@multiscale,baseline,0,GW241229_155844-v1-L1-qscan,GW241229_155844,0.014159660786390305,1,0.01415966,76.1025999991034
baseline@multiscale,baseline,0,GW241229_155844-v1-V1-qscan,GW241229_155844,0.0,0,,69.8843999998644
baseline@multiscale,baseline,0,GW241230_084504-v1-L1-qscan,GW241230_084504,0.9312013387680054,1,0.93120134,70.60830000045826
baseline@multiscale,baseline,0,GW241230_084504-v1-V1-qscan,GW241230_084504,0.3035256266593933,1,0.30352563,69.60590000016964
baseline@multiscale,baseline,0,GW241230_233618-v1-H1-qscan,GW241230_233618,0.0,0,,68.4183999992456
baseline@multiscale,baseline,0,GW241230_233618-v1-L1-qscan,GW241230_233618,0.885387122631073,1,0.88538712,71.80499999958556
baseline@multiscale,baseline,0,GW241230_233618-v1-V1-qscan,GW241230_233618,0.0,0,,75.1866999999038
baseline@multiscale,baseline,0,GW241231_054133-v1-H1-qscan,GW241231_054133,0.8102356791496277,1,0.81023568,69.49209999947925
baseline@multiscale,baseline,0,GW241231_054133-v1-L1-qscan,GW241231_054133,0.06558649986982346,1,0.06558650,71.64019999981974
baseline@multiscale,baseline,0,GW241231_054133-v1-V1-qscan,GW241231_054133,0.0,0,,74.94119999955728
baseline@multiscale,baseline,0,GW250101_011205-v1-H1-qscan,GW250101_011205,0.8123997449874878,1,0.81239974,72.08300000002055
baseline@multiscale,baseline,0,GW250101_011205-v1-L1-qscan,GW250101_011205,0.62245112657547,1,0.62245113,71.61030000042956
baseline@multiscale,baseline,0,GW250101_011205-v1-V1-qscan,GW250101_011205,0.0,0,,71.8431999994209
baseline@multiscale,baseline,0,GW250104_015122-v1-H1-qscan,GW250104_015122,0.8864479064941406,1,0.88644791,72.31129999945551
baseline@multiscale,baseline,0,GW250104_015122-v1-L1-qscan,GW250104_015122,0.8049066066741943,1,0.80490661,72.30979999894771
baseline@multiscale,baseline,0,GW250104_015122-v1-V1-qscan,GW250104_015122,0.020791418850421906,1,0.02079142,74.8280000007071
baseline@multiscale,baseline,0,GW250105_134047-v1-H1-qscan,GW250105_134047,0.0,0,,68.28799999948387
baseline@multiscale,baseline,0,GW250105_134047-v1-L1-qscan,GW250105_134047,0.0,0,,72.41410000096948
baseline@multiscale,baseline,0,GW250105_134047-v1-V1-qscan,GW250105_134047,0.0,0,,73.81270000041695
baseline@multiscale,baseline,0,GW250108_152221-v1-H1-qscan,GW250108_152221,0.9133453965187073,1,0.91334540,70.21179999992455
baseline@multiscale,baseline,0,GW250108_152221-v1-L1-qscan,GW250108_152221,0.95787113904953,1,0.95787114,67.26579999940441
baseline@multiscale,baseline,0,GW250108_152221-v1-V1-qscan,GW250108_152221,0.019008692353963852,1,0.01900869,68.04309999915858
baseline@multiscale,baseline,0,GW250109_010541-v1-H1-qscan,GW250109_010541,0.5703837871551514,1,0.57038379,66.88289999965491
baseline@multiscale,baseline,0,GW250109_010541-v1-L1-qscan,GW250109_010541,0.9520388841629028,1,0.95203888,69.90959999984625
baseline@multiscale,baseline,0,GW250109_010541-v1-V1-qscan,GW250109_010541,0.5660642981529236,1,0.56606430,75.40590000098746
baseline@multiscale,baseline,0,GW250109_074552-v1-H1-qscan,GW250109_074552,0.6643458604812622,1,0.66434586,73.06380000045465
baseline@multiscale,baseline,0,GW250109_074552-v1-V1-qscan,GW250109_074552,0.0,0,,73.72989999930724
baseline@multiscale,baseline,0,GW250109_083206-v1-H1-qscan,GW250109_083206,0.8999500274658203,1,0.89995003,74.99279999956343
baseline@multiscale,baseline,0,GW250109_083206-v1-V1-qscan,GW250109_083206,0.0,0,,71.11949999944045
baseline@multiscale,baseline,0,GW250114_082203-v2-H1-qscan,GW250114_082203,0.7544291615486145,1,0.75442916,72.52060000155325
baseline@multiscale,baseline,0,GW250114_082203-v2-L1-qscan,GW250114_082203,0.9198078513145447,1,0.91980785,70.73199999922508
baseline@multiscale,baseline,0,GW250116_015318-v1-H1-qscan,GW250116_015318,0.8396737575531006,1,0.83967376,69.75499999862222
baseline@multiscale,baseline,0,GW250116_015318-v1-L1-qscan,GW250116_015318,0.0,0,,71.45240000045305
baseline@multiscale,baseline,0,GW250116_015318-v1-V1-qscan,GW250116_015318,0.0,0,,76.61379999990459
baseline@multiscale,baseline,0,GW250116_051426-v1-H1-qscan,GW250116_051426,0.012652636505663395,1,0.01265264,73.36789999772009
baseline@multiscale,baseline,0,GW250116_051426-v1-L1-qscan,GW250116_051426,0.0,0,,73.78830000016023
baseline@multiscale,baseline,0,GW250118_023225-v1-H1-qscan,GW250118_023225,0.41467219591140747,1,0.41467220,71.45260000015696
baseline@multiscale,baseline,0,GW250118_023225-v1-L1-qscan,GW250118_023225,0.7777383327484131,1,0.77773833,68.73210000048857
baseline@multiscale,baseline,0,GW250118_023225-v1-V1-qscan,GW250118_023225,0.0,0,,70.85269999879529
baseline@multiscale,baseline,0,GW250118_055802-v1-H1-qscan,GW250118_055802,0.5206036567687988,1,0.52060366,75.37730000058218
baseline@multiscale,baseline,0,GW250118_055802-v1-L1-qscan,GW250118_055802,0.018247071653604507,1,0.01824707,71.50089999959164
baseline@multiscale,baseline,0,GW250118_055802-v1-V1-qscan,GW250118_055802,0.0,0,,74.36280000092665
baseline@multiscale,baseline,0,GW250118_170523-v1-H1-qscan,GW250118_170523,0.8621302843093872,1,0.86213028,75.718400000369
baseline@multiscale,baseline,0,GW250118_170523-v1-L1-qscan,GW250118_170523,0.9641051888465881,1,0.96410519,72.61290000042209
baseline@multiscale,baseline,0,GW250119_025138-v1-H1-qscan,GW250119_025138,0.9256193041801453,1,0.92561930,72.23700000122335
baseline@multiscale,baseline,0,GW250119_025138-v1-L1-qscan,GW250119_025138,0.5408761501312256,1,0.54087615,72.99070000044594
baseline@multiscale,baseline,0,GW250119_025138-v1-V1-qscan,GW250119_025138,0.27231529355049133,1,0.27231529,72.60259999929985
baseline@multiscale,baseline,0,GW250119_190238-v1-H1-qscan,GW250119_190238,0.7364003658294678,1,0.73640037,72.47310000093421
baseline@multiscale,baseline,0,GW250119_190238-v1-L1-qscan,GW250119_190238,0.41195085644721985,1,0.41195086,75.08490000054735
baseline@multiscale,baseline,0,GW250119_190238-v1-V1-qscan,GW250119_190238,0.0,0,,72.0820000005915
baseline@multiscale,baseline,0,GW250120_042414-v1-H1-qscan,GW250120_042414,0.0,0,,68.3619000001272
baseline@multiscale,baseline,0,GW250120_042414-v1-L1-qscan,GW250120_042414,0.0,0,,73.66490000003978
baseline@multiscale,baseline,0,GW250120_042414-v1-V1-qscan,GW250120_042414,0.0,0,,69.89569999950618
attention@multiscale,attention,0,GW240406_062847-v1-H1-qscan,GW240406_062847,0.0,0,,141.71090000036202
attention@multiscale,attention,0,GW240406_062847-v1-L1-qscan,GW240406_062847,0.0,0,,134.29360000009183
attention@multiscale,attention,0,GW240407_040938-v1-H1-qscan,GW240407_040938,0.16688869893550873,1,0.16688870,134.55730000077892
attention@multiscale,attention,0,GW240407_040938-v1-L1-qscan,GW240407_040938,0.011233481578528881,1,0.01123348,129.4728999992003
attention@multiscale,attention,0,GW240407_040938-v1-V1-qscan,GW240407_040938,0.05626882612705231,1,0.05626883,132.18570000026375
attention@multiscale,attention,0,GW240407_061416-v1-H1-qscan,GW240407_061416,0.8127669095993042,1,0.81276691,130.2045000002181
attention@multiscale,attention,0,GW240407_061416-v1-L1-qscan,GW240407_061416,0.03754987567663193,1,0.03754988,135.435399999551
attention@multiscale,attention,0,GW240407_061416-v1-V1-qscan,GW240407_061416,0.0,0,,131.53139999940322
attention@multiscale,attention,0,GW240407_214946-v1-H1-qscan,GW240407_214946,0.0,0,,133.78579999880458
attention@multiscale,attention,0,GW240407_214946-v1-L1-qscan,GW240407_214946,0.0,0,,126.47840000136057
attention@multiscale,attention,0,GW240407_214946-v1-V1-qscan,GW240407_214946,0.0,0,,128.7642000006599
attention@multiscale,attention,0,GW240408_081753-v1-H1-qscan,GW240408_081753,0.015337865799665451,1,0.01533787,134.87890000033076
attention@multiscale,attention,0,GW240408_081753-v1-L1-qscan,GW240408_081753,0.0,0,,134.32670000111102
attention@multiscale,attention,0,GW240411_074140-v1-H1-qscan,GW240411_074140,0.022995971143245697,1,0.02299597,130.35080000008747
attention@multiscale,attention,0,GW240411_074140-v1-L1-qscan,GW240411_074140,0.1585542857646942,1,0.15855429,131.7228999996587
attention@multiscale,attention,0,GW240413_022019-v1-H1-qscan,GW240413_022019,0.0,0,,130.13710000086576
attention@multiscale,attention,0,GW240413_022019-v1-L1-qscan,GW240413_022019,0.8708916902542114,1,0.87089169,131.97289999970963
attention@multiscale,attention,0,GW240413_022019-v1-V1-qscan,GW240413_022019,0.0,0,,131.87220000145317
attention@multiscale,attention,0,GW240414_054515-v1-H1-qscan,GW240414_054515,0.835238516330719,1,0.83523852,136.56189999983326
attention@multiscale,attention,0,GW240414_054515-v1-V1-qscan,GW240414_054515,0.1582081913948059,1,0.15820819,137.19789999959175
attention@multiscale,attention,0,GW240419_041206-v1-H1-qscan,GW240419_041206,0.1128067672252655,1,0.11280677,132.9314999993585
attention@multiscale,attention,0,GW240419_041206-v1-L1-qscan,GW240419_041206,0.02641213685274124,1,0.02641214,130.187400000068
attention@multiscale,attention,0,GW240419_041206-v1-V1-qscan,GW240419_041206,0.16442421078681946,1,0.16442421,129.42850000035833
attention@multiscale,attention,0,GW240420_175625-v1-H1-qscan,GW240420_175625,0.72515869140625,1,0.72515869,127.1759999990536
attention@multiscale,attention,0,GW240421_052935-v1-H1-qscan,GW240421_052935,0.4288574457168579,1,0.42885745,125.76819999867439
attention@multiscale,attention,0,GW240421_052935-v1-L1-qscan,GW240421_052935,0.057436227798461914,1,0.05743623,129.80659999902855
attention@multiscale,attention,0,GW240421_052935-v1-V1-qscan,GW240421_052935,0.0,0,,130.57560000015656
attention@multiscale,attention,0,GW240426_031451-v1-H1-qscan,GW240426_031451,0.0,0,,126.36310000016238
attention@multiscale,attention,0,GW240426_031451-v1-L1-qscan,GW240426_031451,0.40682122111320496,1,0.40682122,125.36099999942962
attention@multiscale,attention,0,GW240426_085802-v1-H1-qscan,GW240426_085802,0.3740732967853546,1,0.37407330,130.31710000086605
attention@multiscale,attention,0,GW240426_085802-v1-L1-qscan,GW240426_085802,0.0,0,,132.27439999991475
attention@multiscale,attention,0,GW240426_085802-v1-V1-qscan,GW240426_085802,0.0,0,,131.7432000005283
attention@multiscale,attention,0,GW240428_225440-v1-H1-qscan,GW240428_225440,0.8856828808784485,1,0.88568288,125.83820000145352
attention@multiscale,attention,0,GW240428_225440-v1-V1-qscan,GW240428_225440,0.05777985602617264,1,0.05777986,129.61580000046524
attention@multiscale,attention,0,GW240430_093517-v1-H1-qscan,GW240430_093517,0.0,0,,130.70239999979094
attention@multiscale,attention,0,GW240430_093517-v1-L1-qscan,GW240430_093517,0.35972583293914795,1,0.35972583,134.54300000012154
attention@multiscale,attention,0,GW240501_033534-v1-H1-qscan,GW240501_033534,0.9150614142417908,1,0.91506141,122.98969999937981
attention@multiscale,attention,0,GW240501_033534-v1-L1-qscan,GW240501_033534,0.9002068638801575,1,0.90020686,129.15790000079141
attention@multiscale,attention,0,GW240501_033534-v1-V1-qscan,GW240501_033534,0.0,0,,129.4823999996879
attention@multiscale,attention,0,GW240505_133552-v1-H1-qscan,GW240505_133552,0.21725399792194366,1,0.21725400,129.40030000027036
attention@multiscale,attention,0,GW240505_133552-v1-L1-qscan,GW240505_133552,0.5827630758285522,1,0.58276308,130.24789999963104
attention@multiscale,attention,0,GW240505_133552-v1-V1-qscan,GW240505_133552,0.0,0,,132.66189999922062
attention@multiscale,attention,0,GW240507_041632-v1-H1-qscan,GW240507_041632,0.3416460156440735,1,0.34164602,128.98020000011456
attention@multiscale,attention,0,GW240507_041632-v1-L1-qscan,GW240507_041632,0.5888102054595947,1,0.58881021,130.42099999984202
attention@multiscale,attention,0,GW240507_041632-v1-V1-qscan,GW240507_041632,0.0,0,,125.89029999980994
attention@multiscale,attention,0,GW240509_102351-v1-H1-qscan,GW240509_102351,0.0,0,,126.83459999971092
attention@multiscale,attention,0,GW240509_102351-v1-L1-qscan,GW240509_102351,0.020137229934334755,1,0.02013723,128.56270000065706
attention@multiscale,attention,0,GW240509_102351-v1-V1-qscan,GW240509_102351,0.0,0,,130.23800000064512
attention@multiscale,attention,0,GW240511_031507-v1-H1-qscan,GW240511_031507,0.8854359984397888,1,0.88543600,131.27800000165735
attention@multiscale,attention,0,GW240511_031507-v1-L1-qscan,GW240511_031507,0.9351291656494141,1,0.93512917,124.8145999998087
attention@multiscale,attention,0,GW240511_031507-v1-V1-qscan,GW240511_031507,0.06330283731222153,1,0.06330284,133.61019999956625
attention@multiscale,attention,0,GW240512_024139-v1-H1-qscan,GW240512_024139,0.03164727985858917,1,0.03164728,130.40060000002995
attention@multiscale,attention,0,GW240512_024139-v1-L1-qscan,GW240512_024139,0.24638259410858154,1,0.24638259,131.5865999986272
attention@multiscale,attention,0,GW240512_024139-v1-V1-qscan,GW240512_024139,0.0,0,,128.17619999987073
attention@multiscale,attention,0,GW240512_051606-v1-H1-qscan,GW240512_051606,0.11458314210176468,1,0.11458314,131.44999999985885
attention@multiscale,attention,0,GW240512_051606-v1-L1-qscan,GW240512_051606,0.03549027815461159,1,0.03549028,128.66000000030908
attention@multiscale,attention,0,GW240512_051606-v1-V1-qscan,GW240512_051606,0.0,0,,124.97350000103324
attention@multiscale,attention,0,GW240513_183302-v1-H1-qscan,GW240513_183302,0.9339838027954102,1,0.93398380,134.06419999955688
attention@multiscale,attention,0,GW240513_183302-v1-L1-qscan,GW240513_183302,0.6296015977859497,1,0.62960160,131.05589999941003
attention@multiscale,attention,0,GW240513_183302-v1-V1-qscan,GW240513_183302,0.0,0,,131.84290000026522
attention@multiscale,attention,0,GW240514_121713-v1-H1-qscan,GW240514_121713,0.5467773675918579,1,0.54677737,130.17609999860724
attention@multiscale,attention,0,GW240514_121713-v1-L1-qscan,GW240514_121713,0.7310908436775208,1,0.73109084,124.49330000072223
attention@multiscale,attention,0,GW240514_121713-v1-V1-qscan,GW240514_121713,0.0,0,,124.30240000048798
attention@multiscale,attention,0,GW240515_005301-v1-H1-qscan,GW240515_005301,0.9043284058570862,1,0.90432841,128.9758000002621
attention@multiscale,attention,0,GW240515_005301-v1-L1-qscan,GW240515_005301,0.7493606209754944,1,0.74936062,135.20169999901555
attention@multiscale,attention,0,GW240515_005301-v1-V1-qscan,GW240515_005301,0.0,0,,129.0859000000637
attention@multiscale,attention,0,GW240516_041939-v1-H1-qscan,GW240516_041939,0.0,0,,133.09670000035112
attention@multiscale,attention,0,GW240516_041939-v1-L1-qscan,GW240516_041939,0.0,0,,127.72679999943648
attention@multiscale,attention,0,GW240516_041939-v1-V1-qscan,GW240516_041939,0.01837386004626751,1,0.01837386,131.60199999947508
attention@multiscale,attention,0,GW240519_012815-v1-L1-qscan,GW240519_012815,0.8686980605125427,1,0.86869806,130.19639999947685
attention@multiscale,attention,0,GW240519_012815-v1-V1-qscan,GW240519_012815,0.7890950441360474,1,0.78909504,125.69999999777792
attention@multiscale,attention,0,GW240520_213616-v1-H1-qscan,GW240520_213616,0.31952765583992004,1,0.31952766,125.98860000071
attention@multiscale,attention,0,GW240520_213616-v1-L1-qscan,GW240520_213616,0.21539005637168884,1,0.21539006,129.89759999982198
attention@multiscale,attention,0,GW240520_213616-v1-V1-qscan,GW240520_213616,0.0,0,,133.20530000055442
attention@multiscale,attention,0,GW240525_031210-v1-H1-qscan,GW240525_031210,0.8212857246398926,1,0.82128572,128.36009999864473
attention@multiscale,attention,0,GW240525_031210-v1-L1-qscan,GW240525_031210,0.8487526774406433,1,0.84875268,126.22949999968114
attention@multiscale,attention,0,GW240525_031210-v1-V1-qscan,GW240525_031210,0.0,0,,124.1052999994281
attention@multiscale,attention,0,GW240525_201644-v1-H1-qscan,GW240525_201644,0.0,0,,129.29880000046978
attention@multiscale,attention,0,GW240525_201644-v1-L1-qscan,GW240525_201644,0.0,0,,131.56429999889951
attention@multiscale,attention,0,GW240525_201644-v1-V1-qscan,GW240525_201644,0.0,0,,133.0577999997331
attention@multiscale,attention,0,GW240526_093944-v1-H1-qscan,GW240526_093944,0.6449777483940125,1,0.64497775,130.2272000002631
attention@multiscale,attention,0,GW240526_093944-v1-L1-qscan,GW240526_093944,0.0,0,,128.47969999893394
attention@multiscale,attention,0,GW240526_093944-v1-V1-qscan,GW240526_093944,0.0,0,,130.7401000003665
attention@multiscale,attention,0,GW240527_150907-v1-H1-qscan,GW240527_150907,0.0,0,,126.27470000006724
attention@multiscale,attention,0,GW240527_150907-v1-L1-qscan,GW240527_150907,0.0,0,,129.81279999985418
attention@multiscale,attention,0,GW240527_150907-v1-V1-qscan,GW240527_150907,0.0259010661393404,1,0.02590107,132.30079999902955
attention@multiscale,attention,0,GW240527_183429-v1-H1-qscan,GW240527_183429,0.8292379975318909,1,0.82923800,128.91139999919687
attention@multiscale,attention,0,GW240527_183429-v1-L1-qscan,GW240527_183429,0.16946512460708618,1,0.16946512,129.6877000004315
attention@multiscale,attention,0,GW240527_183429-v1-V1-qscan,GW240527_183429,0.0,0,,130.34890000017185
attention@multiscale,attention,0,GW240527_230910-v1-H1-qscan,GW240527_230910,0.6347565054893494,1,0.63475651,127.57599999986269
attention@multiscale,attention,0,GW240527_230910-v1-L1-qscan,GW240527_230910,0.01556507870554924,1,0.01556508,126.9551000013962
attention@multiscale,attention,0,GW240527_230910-v1-V1-qscan,GW240527_230910,0.09525811672210693,1,0.09525812,133.8385000008202
attention@multiscale,attention,0,GW240530_012417-v1-H1-qscan,GW240530_012417,0.10241858661174774,1,0.10241859,128.05000000116706
attention@multiscale,attention,0,GW240530_012417-v1-L1-qscan,GW240530_012417,0.8629174828529358,1,0.86291748,133.34959999883722
attention@multiscale,attention,0,GW240530_012417-v1-V1-qscan,GW240530_012417,0.0,0,,129.33060000068508
attention@multiscale,attention,0,GW240531_040326-v1-H1-qscan,GW240531_040326,0.6792890429496765,1,0.67928904,131.39999999930296
attention@multiscale,attention,0,GW240531_040326-v1-L1-qscan,GW240531_040326,0.0,0,,129.8019000005297
attention@multiscale,attention,0,GW240531_040326-v1-V1-qscan,GW240531_040326,0.0,0,,130.8322999993834
attention@multiscale,attention,0,GW240531_075248-v1-H1-qscan,GW240531_075248,0.0,0,,127.06590000107099
attention@multiscale,attention,0,GW240531_075248-v1-L1-qscan,GW240531_075248,0.9356613159179688,1,0.93566132,126.33780000032857
attention@multiscale,attention,0,GW240531_075248-v1-V1-qscan,GW240531_075248,0.02024652808904648,1,0.02024653,126.42959999993764
attention@multiscale,attention,0,GW240601_061200-v1-H1-qscan,GW240601_061200,0.2484777271747589,1,0.24847773,130.68980000025476
attention@multiscale,attention,0,GW240601_061200-v1-L1-qscan,GW240601_061200,0.5568332076072693,1,0.55683321,134.77429999966262
attention@multiscale,attention,0,GW240601_061200-v1-V1-qscan,GW240601_061200,0.0,0,,128.5741000001508
attention@multiscale,attention,0,GW240601_231004-v1-H1-qscan,GW240601_231004,0.0,0,,133.78019999981916
attention@multiscale,attention,0,GW240601_231004-v1-L1-qscan,GW240601_231004,0.0,0,,132.6533000001291
attention@multiscale,attention,0,GW240601_231004-v1-V1-qscan,GW240601_231004,0.09439586848020554,1,0.09439587,127.2183999990375
attention@multiscale,attention,0,GW240611_214835-v1-L1-qscan,GW240611_214835,0.2880634367465973,1,0.28806344,126.61070000103791
attention@multiscale,attention,0,GW240611_214835-v1-V1-qscan,GW240611_214835,0.0,0,,131.90769999982876
attention@multiscale,attention,0,GW240612_081540-v1-H1-qscan,GW240612_081540,0.35975998640060425,1,0.35975999,127.10770000103366
attention@multiscale,attention,0,GW240612_081540-v1-L1-qscan,GW240612_081540,0.0,0,,131.1158999997133
attention@multiscale,attention,0,GW240612_081540-v1-V1-qscan,GW240612_081540,0.0,0,,129.3561000011323
attention@multiscale,attention,0,GW240613_011503-v1-H1-qscan,GW240613_011503,0.0,0,,131.75439999940863
attention@multiscale,attention,0,GW240613_011503-v1-L1-qscan,GW240613_011503,0.08370324224233627,1,0.08370324,125.38379999841709
attention@multiscale,attention,0,GW240613_011503-v1-V1-qscan,GW240613_011503,0.0,0,,126.90640000073472
attention@multiscale,attention,0,GW240615_113620-v1-H1-qscan,GW240615_113620,0.927310049533844,1,0.92731005,132.89410000015778
attention@multiscale,attention,0,GW240615_113620-v1-L1-qscan,GW240615_113620,0.9290520548820496,1,0.92905205,132.3476000006849
attention@multiscale,attention,0,GW240615_113620-v1-V1-qscan,GW240615_113620,0.0,0,,131.85170000087965
attention@multiscale,attention,0,GW240615_160735-v1-H1-qscan,GW240615_160735,0.6896555423736572,1,0.68965554,132.21320000047854
attention@multiscale,attention,0,GW240615_160735-v1-L1-qscan,GW240615_160735,0.7712205052375793,1,0.77122051,134.19550000071467
attention@multiscale,attention,0,GW240615_160735-v1-V1-qscan,GW240615_160735,0.0,0,,131.86880000102974
attention@multiscale,attention,0,GW240618_071627-v1-H1-qscan,GW240618_071627,0.5099977254867554,1,0.50999773,129.4182000001456
attention@multiscale,attention,0,GW240618_071627-v1-L1-qscan,GW240618_071627,0.16986657679080963,1,0.16986658,131.35519999923417
attention@multiscale,attention,0,GW240619_044535-v1-H1-qscan,GW240619_044535,0.045324817299842834,1,0.04532482,137.7807999997458
attention@multiscale,attention,0,GW240619_044535-v1-L1-qscan,GW240619_044535,0.0,0,,128.6350999998831
attention@multiscale,attention,0,GW240619_044535-v1-V1-qscan,GW240619_044535,0.0,0,,123.86380000043573
attention@multiscale,attention,0,GW240619_212357-v1-H1-qscan,GW240619_212357,0.9163699150085449,1,0.91636992,129.95300000056886
attention@multiscale,attention,0,GW240619_212357-v1-L1-qscan,GW240619_212357,0.0,0,,133.0348999999842
attention@multiscale,attention,0,GW240619_212357-v1-V1-qscan,GW240619_212357,0.03973061591386795,1,0.03973062,130.2808999998888
attention@multiscale,attention,0,GW240620_094631-v1-H1-qscan,GW240620_094631,0.0,0,,136.2420999994356
attention@multiscale,attention,0,GW240620_094631-v1-L1-qscan,GW240620_094631,0.0,0,,127.02020000051562
attention@multiscale,attention,0,GW240620_094631-v1-V1-qscan,GW240620_094631,0.0,0,,131.35739999961515
attention@multiscale,attention,0,GW240621_103457-v1-H1-qscan,GW240621_103457,0.1470293551683426,1,0.14702936,129.7549999999319
attention@multiscale,attention,0,GW240621_103457-v1-L1-qscan,GW240621_103457,0.03714611381292343,1,0.03714611,126.42400000004272
attention@multiscale,attention,0,GW240621_103457-v1-V1-qscan,GW240621_103457,0.0556802935898304,1,0.05568029,125.1336999994237
attention@multiscale,attention,0,GW240621_195059-v1-H1-qscan,GW240621_195059,0.9625710248947144,1,0.96257102,127.42869999965478
attention@multiscale,attention,0,GW240621_195059-v1-L1-qscan,GW240621_195059,0.9437075853347778,1,0.94370759,127.81659999927797
attention@multiscale,attention,0,GW240621_195059-v1-V1-qscan,GW240621_195059,0.16544513404369354,1,0.16544513,131.28659999983938
attention@multiscale,attention,0,GW240621_200935-v1-H1-qscan,GW240621_200935,0.368856281042099,1,0.36885628,133.1276999990223
attention@multiscale,attention,0,GW240621_200935-v1-L1-qscan,GW240621_200935,0.6268115043640137,1,0.62681150,133.7164999995366
attention@multiscale,attention,0,GW240621_200935-v1-V1-qscan,GW240621_200935,0.0,0,,134.1714000009233
attention@multiscale,attention,0,GW240621_214041-v1-H1-qscan,GW240621_214041,0.016202643513679504,1,0.01620264,130.6198000020231
attention@multiscale,attention,0,GW240621_214041-v1-L1-qscan,GW240621_214041,0.842311441898346,1,0.84231144,135.60440000037488
attention@multiscale,attention,0,GW240621_214041-v1-V1-qscan,GW240621_214041,0.0,0,,123.25359999886132
attention@multiscale,attention,0,GW240622_004008-v1-H1-qscan,GW240622_004008,0.5842347741127014,1,0.58423477,127.9143000001568
attention@multiscale,attention,0,GW240622_004008-v1-L1-qscan,GW240622_004008,0.9398146271705627,1,0.93981463,124.97920000078011
attention@multiscale,attention,0,GW240622_004008-v1-V1-qscan,GW240622_004008,0.020127950236201286,1,0.02012795,136.93049999983486
attention@multiscale,attention,0,GW240625_073331-v1-H1-qscan,GW240625_073331,0.0961630791425705,1,0.09616308,130.4085000001578
attention@multiscale,attention,0,GW240625_073331-v1-L1-qscan,GW240625_073331,0.0,0,,129.80500000048778
attention@multiscale,attention,0,GW240627_131622-v1-H1-qscan,GW240627_131622,0.758578896522522,1,0.75857890,128.65200000032928
attention@multiscale,attention,0,GW240627_131622-v1-L1-qscan,GW240627_131622,0.017008086666464806,1,0.01700809,135.74220000009518
attention@multiscale,attention,0,GW240627_131622-v1-V1-qscan,GW240627_131622,0.04239095374941826,1,0.04239095,128.67190000088158
attention@multiscale,attention,0,GW240629_145256-v1-H1-qscan,GW240629_145256,0.16486871242523193,1,0.16486871,125.13100000069244
attention@multiscale,attention,0,GW240629_145256-v1-L1-qscan,GW240629_145256,0.6841906905174255,1,0.68419069,124.41409999973985
attention@multiscale,attention,0,GW240629_145256-v1-V1-qscan,GW240629_145256,0.020760297775268555,1,0.02076030,129.72390000049927
attention@multiscale,attention,0,GW240630_101703-v1-H1-qscan,GW240630_101703,0.8417850136756897,1,0.84178501,128.46730000001116
attention@multiscale,attention,0,GW240630_101703-v1-V1-qscan,GW240630_101703,0.0,0,,130.08029999946302
attention@multiscale,attention,0,GW240630_115348-v1-H1-qscan,GW240630_115348,0.3368915617465973,1,0.33689156,130.19840000015392
attention@multiscale,attention,0,GW240630_115348-v1-L1-qscan,GW240630_115348,0.44452640414237976,1,0.44452640,127.95570000071166
attention@multiscale,attention,0,GW240630_115348-v1-V1-qscan,GW240630_115348,0.10125690698623657,1,0.10125691,133.64249999995081
attention@multiscale,attention,0,GW240630_212937-v1-H1-qscan,GW240630_212937,0.16748172044754028,1,0.16748172,128.08549999954266
attention@multiscale,attention,0,GW240630_212937-v1-L1-qscan,GW240630_212937,0.012116420082747936,1,0.01211642,129.07020000056946
attention@multiscale,attention,0,GW240630_212937-v1-V1-qscan,GW240630_212937,0.0,0,,121.39030000071216
attention@multiscale,attention,0,GW240701_011640-v1-H1-qscan,GW240701_011640,0.7040413022041321,1,0.70404130,130.25829999969574
attention@multiscale,attention,0,GW240701_011640-v1-L1-qscan,GW240701_011640,0.012401584535837173,1,0.01240158,130.5348000005324
attention@multiscale,attention,0,GW240701_011640-v1-V1-qscan,GW240701_011640,0.0,0,,129.79119999999966
attention@multiscale,attention,0,GW240701_013826-v1-H1-qscan,GW240701_013826,0.0,0,,134.41280000006373
attention@multiscale,attention,0,GW240701_013826-v1-L1-qscan,GW240701_013826,0.0,0,,134.18689999980415
attention@multiscale,attention,0,GW240701_013826-v1-V1-qscan,GW240701_013826,0.23936150968074799,1,0.23936151,125.6359999997585
attention@multiscale,attention,0,GW240701_203807-v1-H1-qscan,GW240701_203807,0.0,0,,127.57049999891024
attention@multiscale,attention,0,GW240701_203807-v1-L1-qscan,GW240701_203807,0.0,0,,131.19220000044152
attention@multiscale,attention,0,GW240701_203807-v1-V1-qscan,GW240701_203807,0.06492452323436737,1,0.06492452,126.47310000011203
attention@multiscale,attention,0,GW240703_191355-v1-L1-qscan,GW240703_191355,0.6395164132118225,1,0.63951641,128.79699999939476
attention@multiscale,attention,0,GW240703_191355-v1-V1-qscan,GW240703_191355,0.010951604694128036,1,0.01095160,136.52670000101352
attention@multiscale,attention,0,GW240705_053215-v1-H1-qscan,GW240705_053215,0.9569945931434631,1,0.95699459,131.61439999930735
attention@multiscale,attention,0,GW240705_053215-v1-L1-qscan,GW240705_053215,0.9032937288284302,1,0.90329373,131.16959999933897
attention@multiscale,attention,0,GW240705_053215-v1-V1-qscan,GW240705_053215,0.0,0,,130.14529999963997
attention@multiscale,attention,0,GW240716_034900-v1-L1-qscan,GW240716_034900,0.9398602247238159,1,0.93986022,125.765799999499
attention@multiscale,attention,0,GW240716_034900-v1-V1-qscan,GW240716_034900,0.0,0,,121.07449999984965
attention@multiscale,attention,0,GW240806_043539-v1-L1-qscan,GW240806_043539,0.02961297519505024,1,0.02961298,127.2028000003047
attention@multiscale,attention,0,GW240806_043539-v1-V1-qscan,GW240806_043539,0.0,0,,134.69379999969533
attention@multiscale,attention,0,GW240807_214559-v1-L1-qscan,GW240807_214559,0.023376381024718285,1,0.02337638,130.54119999924296
attention@multiscale,attention,0,GW240807_214559-v1-V1-qscan,GW240807_214559,0.0,0,,135.18609999937325
attention@multiscale,attention,0,GW240813_034548-v1-L1-qscan,GW240813_034548,0.0,0,,123.39720000090892
attention@multiscale,attention,0,GW240813_034548-v1-V1-qscan,GW240813_034548,0.0,0,,125.48450000031153
attention@multiscale,attention,0,GW240814_145043-v1-L1-qscan,GW240814_145043,0.20315751433372498,1,0.20315751,125.35180000031687
attention@multiscale,attention,0,GW240814_145043-v1-V1-qscan,GW240814_145043,0.0,0,,130.13630000023113
attention@multiscale,attention,0,GW240824_205609-v1-H1-qscan,GW240824_205609,0.24163545668125153,1,0.24163546,129.39539999933913
attention@multiscale,attention,0,GW240824_205609-v1-L1-qscan,GW240824_205609,0.04250771179795265,1,0.04250771,127.12379999993573
attention@multiscale,attention,0,GW240824_205609-v1-V1-qscan,GW240824_205609,0.6618989706039429,1,0.66189897,135.6498000004649
attention@multiscale,attention,0,GW240825_055146-v1-H1-qscan,GW240825_055146,0.28058645129203796,1,0.28058645,129.4650999998339
attention@multiscale,attention,0,GW240825_055146-v1-L1-qscan,GW240825_055146,0.6087216138839722,1,0.60872161,128.51629999931902
attention@multiscale,attention,0,GW240825_055146-v1-V1-qscan,GW240825_055146,0.0775613859295845,1,0.07756139,126.3063999986116
attention@multiscale,attention,0,GW240828_102340-v1-H1-qscan,GW240828_102340,0.01723732426762581,1,0.01723732,132.02040000032866
attention@multiscale,attention,0,GW240828_102340-v1-L1-qscan,GW240828_102340,0.5147326588630676,1,0.51473266,130.50970000040252
attention@multiscale,attention,0,GW240828_102340-v1-V1-qscan,GW240828_102340,0.0,0,,133.35120000010647
attention@multiscale,attention,0,GW240830_211120-v1-H1-qscan,GW240830_211120,0.01288046408444643,1,0.01288046,129.93529999857856
attention@multiscale,attention,0,GW240830_211120-v1-L1-qscan,GW240830_211120,0.6996070742607117,1,0.69960707,129.38429999940126
attention@multiscale,attention,0,GW240830_211120-v1-V1-qscan,GW240830_211120,0.0,0,,130.17320000017207
attention@multiscale,attention,0,GW240901_195332-v1-H1-qscan,GW240901_195332,0.0,0,,129.68530000034661
attention@multiscale,attention,0,GW240901_195332-v1-L1-qscan,GW240901_195332,0.03642602264881134,1,0.03642602,130.55900000017573
attention@multiscale,attention,0,GW240901_195332-v1-V1-qscan,GW240901_195332,0.029483875259757042,1,0.02948388,125.92810000023746
attention@multiscale,attention,0,GW240902_143306-v1-H1-qscan,GW240902_143306,0.8234328031539917,1,0.82343280,130.6174999990617
attention@multiscale,attention,0,GW240902_143306-v1-L1-qscan,GW240902_143306,0.11272622644901276,1,0.11272623,126.02499999957217
attention@multiscale,attention,0,GW240902_143306-v1-V1-qscan,GW240902_143306,0.1372957080602646,1,0.13729571,139.91919999989477
attention@multiscale,attention,0,GW240907_092521-v1-H1-qscan,GW240907_092521,0.590106725692749,1,0.59010673,125.9965999997803
attention@multiscale,attention,0,GW240907_092521-v1-L1-qscan,GW240907_092521,0.013784755021333694,1,0.01378476,128.96429999909742
attention@multiscale,attention,0,GW240907_092521-v1-V1-qscan,GW240907_092521,0.0,0,,127.49309999981051
attention@multiscale,attention,0,GW240907_121650-v1-H1-qscan,GW240907_121650,0.04365432634949684,1,0.04365433,129.86869999986084
attention@multiscale,attention,0,GW240907_121650-v1-L1-qscan,GW240907_121650,0.014024559408426285,1,0.01402456,133.4179999994376
attention@multiscale,attention,0,GW240907_121650-v1-V1-qscan,GW240907_121650,0.17706570029258728,1,0.17706570,128.43900000007125
attention@multiscale,attention,0,GW240907_153833-v1-H1-qscan,GW240907_153833,0.26353979110717773,1,0.26353979,132.06910000008065
attention@multiscale,attention,0,GW240907_153833-v1-L1-qscan,GW240907_153833,0.09034951031208038,1,0.09034951,125.63320000026579
attention@multiscale,attention,0,GW240907_153833-v1-V1-qscan,GW240907_153833,0.42904505133628845,1,0.42904505,132.24069999978383
attention@multiscale,attention,0,GW240908_082628-v1-H1-qscan,GW240908_082628,0.538285493850708,1,0.53828549,126.31509999937407
attention@multiscale,attention,0,GW240908_082628-v1-L1-qscan,GW240908_082628,0.7576088905334473,1,0.75760889,133.7373000005755
attention@multiscale,attention,0,GW240908_082628-v1-V1-qscan,GW240908_082628,0.02137921191751957,1,0.02137921,129.7576000006302
attention@multiscale,attention,0,GW240908_125134-v1-H1-qscan,GW240908_125134,0.0,0,,135.12169999921753
attention@multiscale,attention,0,GW240908_125134-v1-L1-qscan,GW240908_125134,0.020108969882130623,1,0.02010897,129.9206999992748
attention@multiscale,attention,0,GW240908_125134-v1-V1-qscan,GW240908_125134,0.0,0,,125.90759999875445
attention@multiscale,attention,0,GW240908_174149-v1-H1-qscan,GW240908_174149,0.010711736045777798,1,0.01071174,126.07190000016999
attention@multiscale,attention,0,GW240908_174149-v1-L1-qscan,GW240908_174149,0.0,0,,129.2336999986219
attention@multiscale,attention,0,GW240908_174149-v1-V1-qscan,GW240908_174149,0.0,0,,130.12870000147814
attention@multiscale,attention,0,GW240910_103535-v1-H1-qscan,GW240910_103535,0.7240097522735596,1,0.72400975,129.19940000119823
attention@multiscale,attention,0,GW240910_103535-v1-L1-qscan,GW240910_103535,0.20557531714439392,1,0.20557532,137.12040000064007
attention@multiscale,attention,0,GW240913_111216-v1-H1-qscan,GW240913_111216,0.10061600804328918,1,0.10061601,131.6837000003943
attention@multiscale,attention,0,GW240913_111216-v1-L1-qscan,GW240913_111216,0.0,0,,130.1251000004413
attention@multiscale,attention,0,GW240913_111216-v1-V1-qscan,GW240913_111216,0.011530932039022446,1,0.01153093,131.02830000025278
attention@multiscale,attention,0,GW240915_001357-v1-H1-qscan,GW240915_001357,0.10554391145706177,1,0.10554391,131.93300000148156
attention@multiscale,attention,0,GW240915_001357-v1-L1-qscan,GW240915_001357,0.9414931535720825,1,0.94149315,127.16290000025765
attention@multiscale,attention,0,GW240915_001357-v1-V1-qscan,GW240915_001357,0.0,0,,124.56979999933537
attention@multiscale,attention,0,GW240915_045510-v1-H1-qscan,GW240915_045510,0.5537619590759277,1,0.55376196,124.62959999993473
attention@multiscale,attention,0,GW240915_045510-v1-L1-qscan,GW240915_045510,0.0,0,,135.42579999921145
attention@multiscale,attention,0,GW240915_045510-v1-V1-qscan,GW240915_045510,0.3509773313999176,1,0.35097733,131.9069999990461
attention@multiscale,attention,0,GW240915_105151-v1-H1-qscan,GW240915_105151,0.7891892194747925,1,0.78918922,125.8443000006082
attention@multiscale,attention,0,GW240915_105151-v1-V1-qscan,GW240915_105151,0.022916976362466812,1,0.02291698,130.66929999968124
attention@multiscale,attention,0,GW240916_184352-v1-H1-qscan,GW240916_184352,0.0,0,,133.77300000047398
attention@multiscale,attention,0,GW240916_184352-v1-L1-qscan,GW240916_184352,0.0,0,,133.86199999968085
attention@multiscale,attention,0,GW240916_184352-v1-V1-qscan,GW240916_184352,0.01666940748691559,1,0.01666941,127.36589999985881
attention@multiscale,attention,0,GW240917_130237-v1-H1-qscan,GW240917_130237,0.0,0,,131.05860000086977
attention@multiscale,attention,0,GW240917_130237-v1-L1-qscan,GW240917_130237,0.0,0,,130.23300000168092
attention@multiscale,attention,0,GW240919_061559-v1-H1-qscan,GW240919_061559,0.6352226734161377,1,0.63522267,132.67580000137968
attention@multiscale,attention,0,GW240919_061559-v1-L1-qscan,GW240919_061559,0.8919199705123901,1,0.89191997,130.10829999984708
attention@multiscale,attention,0,GW240919_061559-v1-V1-qscan,GW240919_061559,0.9359680414199829,1,0.93596804,127.54860000040935
attention@multiscale,attention,0,GW240919_215453-v1-H1-qscan,GW240919_215453,0.0,0,,128.21399999938876
attention@multiscale,attention,0,GW240919_215453-v1-L1-qscan,GW240919_215453,0.6768723130226135,1,0.67687231,129.3732000003729
attention@multiscale,attention,0,GW240919_215453-v1-V1-qscan,GW240919_215453,0.013643153943121433,1,0.01364315,127.66739999915444
attention@multiscale,attention,0,GW240920_073424-v1-H1-qscan,GW240920_073424,0.8735154271125793,1,0.87351543,120.4195999989679
attention@multiscale,attention,0,GW240920_073424-v1-L1-qscan,GW240920_073424,0.6621671915054321,1,0.66216719,133.2010000005539
attention@multiscale,attention,0,GW240920_073424-v1-V1-qscan,GW240920_073424,0.4434000849723816,1,0.44340008,136.58810000015364
attention@multiscale,attention,0,GW240920_124024-v1-H1-qscan,GW240920_124024,0.9537262320518494,1,0.95372623,132.8453999994963
attention@multiscale,attention,0,GW240920_124024-v1-L1-qscan,GW240920_124024,0.9094507098197937,1,0.90945071,128.66959999973915
attention@multiscale,attention,0,GW240921_201835-v1-L1-qscan,GW240921_201835,0.6652357578277588,1,0.66523576,134.7052999999505
attention@multiscale,attention,0,GW240921_201835-v1-V1-qscan,GW240921_201835,0.0,0,,131.7209000008006
attention@multiscale,attention,0,GW240922_142106-v1-H1-qscan,GW240922_142106,0.18418700993061066,1,0.18418701,134.71930000014254
attention@multiscale,attention,0,GW240922_142106-v1-L1-qscan,GW240922_142106,0.5292909741401672,1,0.52929097,123.53780000012193
attention@multiscale,attention,0,GW240922_142106-v1-V1-qscan,GW240922_142106,0.013467864133417606,1,0.01346786,133.30149999910645
attention@multiscale,attention,0,GW240923_000715-v1-H1-qscan,GW240923_000715,0.0,0,,129.03920000098879
attention@multiscale,attention,0,GW240923_000715-v1-L1-qscan,GW240923_000715,0.0,0,,132.96019999961572
attention@multiscale,attention,0,GW240923_000715-v1-V1-qscan,GW240923_000715,0.011837436817586422,1,0.01183744,129.85690000095929
attention@multiscale,attention,0,GW240923_110846-v1-H1-qscan,GW240923_110846,0.8802185654640198,1,0.88021857,130.44350000018312
attention@multiscale,attention,0,GW240923_204006-v1-H1-qscan,GW240923_204006,0.6794514656066895,1,0.67945147,130.62629999967612
attention@multiscale,attention,0,GW240923_204006-v1-L1-qscan,GW240923_204006,0.9100292921066284,1,0.91002929,133.33659999898373
attention@multiscale,attention,0,GW240924_000316-v1-H1-qscan,GW240924_000316,0.8779637217521667,1,0.87796372,133.11720000092464
attention@multiscale,attention,0,GW240924_000316-v1-L1-qscan,GW240924_000316,0.28995388746261597,1,0.28995389,131.5623999998934
attention@multiscale,attention,0,GW240924_000316-v1-V1-qscan,GW240924_000316,0.0,0,,134.6362999993289
attention@multiscale,attention,0,GW240925_000956-v1-H1-qscan,GW240925_000956,0.02606230601668358,1,0.02606231,129.5004000003246
attention@multiscale,attention,0,GW240925_000956-v1-L1-qscan,GW240925_000956,0.028001366183161736,1,0.02800137,129.63899999977002
attention@multiscale,attention,0,GW240925_000956-v1-V1-qscan,GW240925_000956,0.05545888468623161,1,0.05545888,125.96010000015667
attention@multiscale,attention,0,GW240925_005809-v2-H1-qscan,GW240925_005809,0.965209424495697,1,0.96520942,131.96789999983594
attention@multiscale,attention,0,GW240925_005809-v2-L1-qscan,GW240925_005809,0.955544114112854,1,0.95554411,127.31110000004264
attention@multiscale,attention,0,GW240925_005809-v2-V1-qscan,GW240925_005809,0.0,0,,129.12770000002638
attention@multiscale,attention,0,GW240930_035959-v1-H1-qscan,GW240930_035959,0.8857408761978149,1,0.88574088,130.7611000001998
attention@multiscale,attention,0,GW240930_035959-v1-L1-qscan,GW240930_035959,0.5040557980537415,1,0.50405580,129.78300000122545
attention@multiscale,attention,0,GW240930_035959-v1-V1-qscan,GW240930_035959,0.0,0,,131.4624000015101
attention@multiscale,attention,0,GW240930_123408-v1-H1-qscan,GW240930_123408,0.7149982452392578,1,0.71499825,126.35210000007646
attention@multiscale,attention,0,GW240930_123408-v1-L1-qscan,GW240930_123408,0.0,0,,131.77249999898777
attention@multiscale,attention,0,GW240930_123408-v1-V1-qscan,GW240930_123408,0.0,0,,126.74230000084208
attention@multiscale,attention,0,GW240930_234614-v1-H1-qscan,GW240930_234614,0.0,0,,131.1649999988731
attention@multiscale,attention,0,GW240930_234614-v1-L1-qscan,GW240930_234614,0.6412754058837891,1,0.64127541,130.7176000000254
attention@multiscale,attention,0,GW240930_234614-v1-V1-qscan,GW240930_234614,0.0,0,,129.31680000201595
attention@multiscale,attention,0,GW241002_030559-v1-L1-qscan,GW241002_030559,0.728462815284729,1,0.72846282,132.0329000000129
attention@multiscale,attention,0,GW241002_030559-v1-V1-qscan,GW241002_030559,0.04070410504937172,1,0.04070411,130.8811999979298
attention@multiscale,attention,0,GW241006_015333-v1-H1-qscan,GW241006_015333,0.8624286651611328,1,0.86242867,136.6024999997535
attention@multiscale,attention,0,GW241006_015333-v1-L1-qscan,GW241006_015333,0.8912777304649353,1,0.89127773,127.41910000022472
attention@multiscale,attention,0,GW241006_015333-v1-V1-qscan,GW241006_015333,0.034073468297719955,1,0.03407347,127.80080000084126
attention@multiscale,attention,0,GW241007_082943-v1-H1-qscan,GW241007_082943,0.9155174493789673,1,0.91551745,126.00949999978184
attention@multiscale,attention,0,GW241007_082943-v1-L1-qscan,GW241007_082943,0.02078280784189701,1,0.02078281,134.17560000016238
attention@multiscale,attention,0,GW241007_082943-v1-V1-qscan,GW241007_082943,0.0,0,,130.352899999707
attention@multiscale,attention,0,GW241009_022835-v1-H1-qscan,GW241009_022835,0.0,0,,134.33009999880596
attention@multiscale,attention,0,GW241009_022835-v1-L1-qscan,GW241009_022835,0.09176604449748993,1,0.09176604,127.70920000002661
attention@multiscale,attention,0,GW241009_022835-v1-V1-qscan,GW241009_022835,0.0,0,,128.25280000015482
attention@multiscale,attention,0,GW241009_084816-v1-H1-qscan,GW241009_084816,0.8485941886901855,1,0.84859419,126.22680000004038
attention@multiscale,attention,0,GW241009_084816-v1-L1-qscan,GW241009_084816,0.07739067077636719,1,0.07739067,127.55279999873892
attention@multiscale,attention,0,GW241009_084816-v1-V1-qscan,GW241009_084816,0.0,0,,134.6518999989712
attention@multiscale,attention,0,GW241009_220455-v1-H1-qscan,GW241009_220455,0.5471925735473633,1,0.54719257,130.58539999838104
attention@multiscale,attention,0,GW241009_220455-v1-L1-qscan,GW241009_220455,0.12641502916812897,1,0.12641503,137.24370000090858
attention@multiscale,attention,0,GW241009_220455-v1-V1-qscan,GW241009_220455,0.7892151474952698,1,0.78921515,130.0755999991452
attention@multiscale,attention,0,GW241011_233834-v2-H1-qscan,GW241011_233834,0.9580327868461609,1,0.95803279,136.41129999996338
attention@multiscale,attention,0,GW241011_233834-v2-V1-qscan,GW241011_233834,0.45256689190864563,1,0.45256689,132.60680000075808
attention@multiscale,attention,0,GW241018_235402-v1-H1-qscan,GW241018_235402,0.8283866047859192,1,0.82838660,133.31620000008115
attention@multiscale,attention,0,GW241018_235402-v1-V1-qscan,GW241018_235402,0.0,0,,131.0935999999856
attention@multiscale,attention,0,GW241101_034726-v1-H1-qscan,GW241101_034726,0.0185916218906641,1,0.01859162,134.93019999896205
attention@multiscale,attention,0,GW241101_034726-v1-L1-qscan,GW241101_034726,0.1853695958852768,1,0.18536960,132.8538000007029
attention@multiscale,attention,0,GW241101_034726-v1-V1-qscan,GW241101_034726,0.07693696022033691,1,0.07693696,128.66980000035255
attention@multiscale,attention,0,GW241101_220523-v1-L1-qscan,GW241101_220523,0.8529842495918274,1,0.85298425,125.44040000011591
attention@multiscale,attention,0,GW241101_220523-v1-V1-qscan,GW241101_220523,0.0,0,,129.51739999971323
attention@multiscale,attention,0,GW241102_124058-v1-H1-qscan,GW241102_124058,0.8135547041893005,1,0.81355470,125.54940000063652
attention@multiscale,attention,0,GW241102_124058-v1-L1-qscan,GW241102_124058,0.810748279094696,1,0.81074828,130.55220000023837
attention@multiscale,attention,0,GW241102_124058-v1-V1-qscan,GW241102_124058,0.016027500852942467,1,0.01602750,128.43100000009144
attention@multiscale,attention,0,GW241102_144729-v1-H1-qscan,GW241102_144729,0.8579868078231812,1,0.85798681,132.01919999937672
attention@multiscale,attention,0,GW241102_144729-v1-L1-qscan,GW241102_144729,0.9050049185752869,1,0.90500492,133.61380000060308
attention@multiscale,attention,0,GW241102_144729-v1-V1-qscan,GW241102_144729,0.0,0,,132.35269999950106
attention@multiscale,attention,0,GW241106_110932-v1-H1-qscan,GW241106_110932,0.0,0,,134.45879999835597
attention@multiscale,attention,0,GW241106_110932-v1-L1-qscan,GW241106_110932,0.069035105407238,1,0.06903511,130.50319999911153
attention@multiscale,attention,0,GW241106_110932-v1-V1-qscan,GW241106_110932,0.0,0,,127.13200000052893
attention@multiscale,attention,0,GW241109_005349-v1-H1-qscan,GW241109_005349,0.0640483945608139,1,0.06404839,129.8434999989695
attention@multiscale,attention,0,GW241109_005349-v1-L1-qscan,GW241109_005349,0.03251632675528526,1,0.03251633,131.54090000080032
attention@multiscale,attention,0,GW241109_033317-v1-L1-qscan,GW241109_033317,0.2803000807762146,1,0.28030008,134.4381999997495
attention@multiscale,attention,0,GW241109_033317-v1-V1-qscan,GW241109_033317,0.20959100127220154,1,0.20959100,131.62980000106472
attention@multiscale,attention,0,GW241109_115924-v1-H1-qscan,GW241109_115924,0.9410982131958008,1,0.94109821,131.3411000000997
attention@multiscale,attention,0,GW241109_115924-v1-V1-qscan,GW241109_115924,0.0,0,,129.8610000003464
attention@multiscale,attention,0,GW241110_124123-v2-H1-qscan,GW241110_124123,0.5248908996582031,1,0.52489090,132.9966000002969
attention@multiscale,attention,0,GW241110_124123-v2-L1-qscan,GW241110_124123,0.5900155901908875,1,0.59001559,135.35780000074737
attention@multiscale,attention,0,GW241110_124123-v2-V1-qscan,GW241110_124123,0.2760525643825531,1,0.27605256,132.9022999998415
attention@multiscale,attention,0,GW241111_111552-v1-H1-qscan,GW241111_111552,0.8875761032104492,1,0.88757610,133.25690000147006
attention@multiscale,attention,0,GW241111_111552-v1-L1-qscan,GW241111_111552,0.3220798075199127,1,0.32207981,127.60180000077526
attention@multiscale,attention,0,GW241113_163507-v1-L1-qscan,GW241113_163507,0.8533245921134949,1,0.85332459,130.71390000004612
attention@multiscale,attention,0,GW241113_163507-v1-V1-qscan,GW241113_163507,0.11640099436044693,1,0.11640099,129.0299000002051
attention@multiscale,attention,0,GW241114_024711-v1-H1-qscan,GW241114_024711,0.7775155305862427,1,0.77751553,135.47489999928075
attention@multiscale,attention,0,GW241114_024711-v1-L1-qscan,GW241114_024711,0.36012834310531616,1,0.36012834,132.0848000004844
attention@multiscale,attention,0,GW241114_024711-v1-V1-qscan,GW241114_024711,0.0,0,,132.54789999973582
attention@multiscale,attention,0,GW241114_235258-v1-L1-qscan,GW241114_235258,0.02220834791660309,1,0.02220835,127.92329999956564
attention@multiscale,attention,0,GW241114_235258-v1-V1-qscan,GW241114_235258,0.04751910641789436,1,0.04751911,126.97949999983393
attention@multiscale,attention,0,GW241116_151753-v1-H1-qscan,GW241116_151753,0.43808338046073914,1,0.43808338,129.24430000020948
attention@multiscale,attention,0,GW241116_151753-v1-L1-qscan,GW241116_151753,0.10489555448293686,1,0.10489555,134.25699999970675
attention@multiscale,attention,0,GW241116_151753-v1-V1-qscan,GW241116_151753,0.02493414096534252,1,0.02493414,136.3917999997284
attention@multiscale,attention,0,GW241124_024914-v1-H1-qscan,GW241124_024914,0.9480476379394531,1,0.94804764,126.39839999883407
attention@multiscale,attention,0,GW241124_024914-v1-L1-qscan,GW241124_024914,0.46475735306739807,1,0.46475735,131.30480000017997
attention@multiscale,attention,0,GW241124_024914-v1-V1-qscan,GW241124_024914,0.020615428686141968,1,0.02061543,128.30689999918832
attention@multiscale,attention,0,GW241125_010116-v1-H1-qscan,GW241125_010116,0.23333832621574402,1,0.23333833,137.53270000051998
attention@multiscale,attention,0,GW241125_010116-v1-L1-qscan,GW241125_010116,0.7981618642807007,1,0.79816186,131.0218000007808
attention@multiscale,attention,0,GW241125_010116-v1-V1-qscan,GW241125_010116,0.0,0,,134.97889999962354
attention@multiscale,attention,0,GW241127_061008-v1-H1-qscan,GW241127_061008,0.9261742830276489,1,0.92617428,130.62840000020515
attention@multiscale,attention,0,GW241127_061008-v1-L1-qscan,GW241127_061008,0.9186616539955139,1,0.91866165,131.6834999997809
attention@multiscale,attention,0,GW241127_061008-v1-V1-qscan,GW241127_061008,0.01791018806397915,1,0.01791019,130.08929999978136
attention@multiscale,attention,0,GW241129_021832-v1-H1-qscan,GW241129_021832,0.9229763150215149,1,0.92297632,131.53720000082103
attention@multiscale,attention,0,GW241129_021832-v1-L1-qscan,GW241129_021832,0.91512531042099,1,0.91512531,126.92969999898196
attention@multiscale,attention,0,GW241129_021832-v1-V1-qscan,GW241129_021832,0.0,0,,131.59730000097625
attention@multiscale,attention,0,GW241129_140416-v1-H1-qscan,GW241129_140416,0.051294758915901184,1,0.05129476,133.66260000020702
attention@multiscale,attention,0,GW241129_140416-v1-L1-qscan,GW241129_140416,0.16064688563346863,1,0.16064689,136.11049999963143
attention@multiscale,attention,0,GW241130_034908-v1-H1-qscan,GW241130_034908,0.9184379577636719,1,0.91843796,129.81409999974858
attention@multiscale,attention,0,GW241130_034908-v1-L1-qscan,GW241130_034908,0.7238332629203796,1,0.72383326,131.67719999910332
attention@multiscale,attention,0,GW241130_034908-v1-V1-qscan,GW241130_034908,0.0,0,,131.6484999997556
attention@multiscale,attention,0,GW241130_110422-v1-H1-qscan,GW241130_110422,0.106255903840065,1,0.10625590,130.76730000102543
attention@multiscale,attention,0,GW241130_110422-v1-L1-qscan,GW241130_110422,0.0,0,,126.35560000035184
attention@multiscale,attention,0,GW241130_110422-v1-V1-qscan,GW241130_110422,0.0,0,,127.50050000067858
attention@multiscale,attention,0,GW241201_055758-v1-H1-qscan,GW241201_055758,0.9012033343315125,1,0.90120333,129.87920000068698
attention@multiscale,attention,0,GW241201_055758-v1-L1-qscan,GW241201_055758,0.01566513441503048,1,0.01566513,129.9077000012403
attention@multiscale,attention,0,GW241201_055758-v1-V1-qscan,GW241201_055758,0.0,0,,128.85829999959242
attention@multiscale,attention,0,GW241201_142737-v1-H1-qscan,GW241201_142737,0.46729567646980286,1,0.46729568,129.97620000078314
attention@multiscale,attention,0,GW241201_142737-v1-L1-qscan,GW241201_142737,0.09691939502954483,1,0.09691940,129.74400000075548
attention@multiscale,attention,0,GW241201_142737-v1-V1-qscan,GW241201_142737,0.4969213008880615,1,0.49692130,131.0035999995307
attention@multiscale,attention,0,GW241210_023335-v1-H1-qscan,GW241210_023335,0.0,0,,131.73580000056972
attention@multiscale,attention,0,GW241210_023335-v1-L1-qscan,GW241210_023335,0.30324283242225647,1,0.30324283,128.41219999972964
attention@multiscale,attention,0,GW241210_060606-v1-H1-qscan,GW241210_060606,0.5542091727256775,1,0.55420917,130.9622999997373
attention@multiscale,attention,0,GW241210_060606-v1-L1-qscan,GW241210_060606,0.7044641375541687,1,0.70446414,140.50440000028175
attention@multiscale,attention,0,GW241210_060606-v1-V1-qscan,GW241210_060606,0.23217105865478516,1,0.23217106,134.22409999930096
attention@multiscale,attention,0,GW241210_120900-v1-H1-qscan,GW241210_120900,0.0,0,,126.46379999932833
attention@multiscale,attention,0,GW241210_120900-v1-L1-qscan,GW241210_120900,0.9396822452545166,1,0.93968225,129.7316000009232
attention@multiscale,attention,0,GW241219_222607-v1-H1-qscan,GW241219_222607,0.07697062939405441,1,0.07697063,131.86210000003484
attention@multiscale,attention,0,GW241219_222607-v1-L1-qscan,GW241219_222607,0.012626970186829567,1,0.01262697,137.7056999999695
attention@multiscale,attention,0,GW241220_062146-v1-H1-qscan,GW241220_062146,0.0,0,,131.3268000003518
attention@multiscale,attention,0,GW241220_062146-v1-L1-qscan,GW241220_062146,0.010307317599654198,1,0.01030732,130.2359000001161
attention@multiscale,attention,0,GW241225_042553-v1-L1-qscan,GW241225_042553,0.8485637307167053,1,0.84856373,124.85490000108257
attention@multiscale,attention,0,GW241225_042553-v1-V1-qscan,GW241225_042553,0.015280022285878658,1,0.01528002,137.77879999906872
attention@multiscale,attention,0,GW241225_082815-v1-H1-qscan,GW241225_082815,0.4753696024417877,1,0.47536960,126.51709999954619
attention@multiscale,attention,0,GW241225_082815-v1-L1-qscan,GW241225_082815,0.8728404641151428,1,0.87284046,135.36829999975453
attention@multiscale,attention,0,GW241229_155844-v1-H1-qscan,GW241229_155844,0.6934009790420532,1,0.69340098,130.83259999984875
attention@multiscale,attention,0,GW241229_155844-v1-L1-qscan,GW241229_155844,0.385662704706192,1,0.38566270,137.06940000065515
attention@multiscale,attention,0,GW241229_155844-v1-V1-qscan,GW241229_155844,0.0,0,,137.99269999981334
attention@multiscale,attention,0,GW241230_084504-v1-L1-qscan,GW241230_084504,0.8856301307678223,1,0.88563013,138.51919999979145
attention@multiscale,attention,0,GW241230_084504-v1-V1-qscan,GW241230_084504,0.0,0,,133.70690000101604
attention@multiscale,attention,0,GW241230_233618-v1-H1-qscan,GW241230_233618,0.09734039753675461,1,0.09734040,136.56499999979133
attention@multiscale,attention,0,GW241230_233618-v1-L1-qscan,GW241230_233618,0.8962088227272034,1,0.89620882,128.87829999999667
attention@multiscale,attention,0,GW241230_233618-v1-V1-qscan,GW241230_233618,0.0,0,,136.2868999985949
attention@multiscale,attention,0,GW241231_054133-v1-H1-qscan,GW241231_054133,0.8908442258834839,1,0.89084423,130.11869999991177
attention@multiscale,attention,0,GW241231_054133-v1-L1-qscan,GW241231_054133,0.8053585886955261,1,0.80535859,133.23099999979604
attention@multiscale,attention,0,GW241231_054133-v1-V1-qscan,GW241231_054133,0.0,0,,130.53539999964414
attention@multiscale,attention,0,GW250101_011205-v1-H1-qscan,GW250101_011205,0.15620461106300354,1,0.15620461,126.04589999864402
attention@multiscale,attention,0,GW250101_011205-v1-L1-qscan,GW250101_011205,0.7551818490028381,1,0.75518185,125.96640000083426
attention@multiscale,attention,0,GW250101_011205-v1-V1-qscan,GW250101_011205,0.0,0,,130.15419999919686
attention@multiscale,attention,0,GW250104_015122-v1-H1-qscan,GW250104_015122,0.21523472666740417,1,0.21523473,135.759900001176
attention@multiscale,attention,0,GW250104_015122-v1-L1-qscan,GW250104_015122,0.7925164699554443,1,0.79251647,132.02850000016042
attention@multiscale,attention,0,GW250104_015122-v1-V1-qscan,GW250104_015122,0.0,0,,134.67859999946086
attention@multiscale,attention,0,GW250105_134047-v1-H1-qscan,GW250105_134047,0.0,0,,128.12789999861707
attention@multiscale,attention,0,GW250105_134047-v1-L1-qscan,GW250105_134047,0.38833847641944885,1,0.38833848,138.12830000006215
attention@multiscale,attention,0,GW250105_134047-v1-V1-qscan,GW250105_134047,0.0,0,,131.80719999945723
attention@multiscale,attention,0,GW250108_152221-v1-H1-qscan,GW250108_152221,0.7173665165901184,1,0.71736652,134.324600000582
attention@multiscale,attention,0,GW250108_152221-v1-L1-qscan,GW250108_152221,0.9153795838356018,1,0.91537958,128.34669999847392
attention@multiscale,attention,0,GW250108_152221-v1-V1-qscan,GW250108_152221,0.08078625798225403,1,0.08078626,131.61440000021685
attention@multiscale,attention,0,GW250109_010541-v1-H1-qscan,GW250109_010541,0.34468725323677063,1,0.34468725,127.10950000018784
attention@multiscale,attention,0,GW250109_010541-v1-L1-qscan,GW250109_010541,0.8886675834655762,1,0.88866758,136.74859999991895
attention@multiscale,attention,0,GW250109_010541-v1-V1-qscan,GW250109_010541,0.7772108912467957,1,0.77721089,128.48500000018248
attention@multiscale,attention,0,GW250109_074552-v1-H1-qscan,GW250109_074552,0.8987622261047363,1,0.89876223,133.9524999993955
attention@multiscale,attention,0,GW250109_074552-v1-V1-qscan,GW250109_074552,0.12104213237762451,1,0.12104213,131.12919999912265
attention@multiscale,attention,0,GW250109_083206-v1-H1-qscan,GW250109_083206,0.7358109354972839,1,0.73581094,139.66609999897628
attention@multiscale,attention,0,GW250109_083206-v1-V1-qscan,GW250109_083206,0.0,0,,132.3898000000554
attention@multiscale,attention,0,GW250114_082203-v2-H1-qscan,GW250114_082203,0.22979800403118134,1,0.22979800,136.42500000059954
attention@multiscale,attention,0,GW250114_082203-v2-L1-qscan,GW250114_082203,0.8019906282424927,1,0.80199063,131.40420000036102
attention@multiscale,attention,0,GW250116_015318-v1-H1-qscan,GW250116_015318,0.5336873531341553,1,0.53368735,131.6225000000486
attention@multiscale,attention,0,GW250116_015318-v1-L1-qscan,GW250116_015318,0.0,0,,127.37889999880281
attention@multiscale,attention,0,GW250116_015318-v1-V1-qscan,GW250116_015318,0.0,0,,131.15279999965423
attention@multiscale,attention,0,GW250116_051426-v1-H1-qscan,GW250116_051426,0.020229704678058624,1,0.02022970,130.972699999802
attention@multiscale,attention,0,GW250116_051426-v1-L1-qscan,GW250116_051426,0.0,0,,133.29310000062833
attention@multiscale,attention,0,GW250118_023225-v1-H1-qscan,GW250118_023225,0.5787525773048401,1,0.57875258,130.87110000014945
attention@multiscale,attention,0,GW250118_023225-v1-L1-qscan,GW250118_023225,0.7528230547904968,1,0.75282305,130.49079999927926
attention@multiscale,attention,0,GW250118_023225-v1-V1-qscan,GW250118_023225,0.0,0,,132.07619999957387
attention@multiscale,attention,0,GW250118_055802-v1-H1-qscan,GW250118_055802,0.34424203634262085,1,0.34424204,129.06970000130968
attention@multiscale,attention,0,GW250118_055802-v1-L1-qscan,GW250118_055802,0.07510443031787872,1,0.07510443,133.44779999897582
attention@multiscale,attention,0,GW250118_055802-v1-V1-qscan,GW250118_055802,0.040803831070661545,1,0.04080383,133.67579999976442
attention@multiscale,attention,0,GW250118_170523-v1-H1-qscan,GW250118_170523,0.90240478515625,1,0.90240479,134.1712000003099
attention@multiscale,attention,0,GW250118_170523-v1-L1-qscan,GW250118_170523,0.7976770401000977,1,0.79767704,121.16169999990234
attention@multiscale,attention,0,GW250119_025138-v1-H1-qscan,GW250119_025138,0.882344663143158,1,0.88234466,132.36259999939648
attention@multiscale,attention,0,GW250119_025138-v1-L1-qscan,GW250119_025138,0.8851637244224548,1,0.88516372,130.18769999962387
attention@multiscale,attention,0,GW250119_025138-v1-V1-qscan,GW250119_025138,0.1891191601753235,1,0.18911916,135.30960000116465
attention@multiscale,attention,0,GW250119_190238-v1-H1-qscan,GW250119_190238,0.432632714509964,1,0.43263271,126.71909999880882
attention@multiscale,attention,0,GW250119_190238-v1-L1-qscan,GW250119_190238,0.647863507270813,1,0.64786351,132.05280000056518
attention@multiscale,attention,0,GW250119_190238-v1-V1-qscan,GW250119_190238,0.0,0,,131.52619999982562
attention@multiscale,attention,0,GW250120_042414-v1-H1-qscan,GW250120_042414,0.014877976849675179,1,0.01487798,140.85599999998522
attention@multiscale,attention,0,GW250120_042414-v1-L1-qscan,GW250120_042414,0.0,0,,130.20890000007057
attention@multiscale,attention,0,GW250120_042414-v1-V1-qscan,GW250120_042414,0.16353660821914673,1,0.16353661,129.7207999996317
ensemble@512,attention+baseline,0,GW240406_062847-v1-H1-qscan,GW240406_062847,0.0,0,,50.37300000003597
ensemble@512,attention+baseline,0,GW240406_062847-v1-L1-qscan,GW240406_062847,0.06017306074500084,1,0.06017306,44.49029999977938
ensemble@512,attention+baseline,0,GW240407_040938-v1-H1-qscan,GW240407_040938,0.029240760952234268,1,0.02924076,45.71510000005219
ensemble@512,attention+baseline,0,GW240407_040938-v1-L1-qscan,GW240407_040938,0.011233481578528881,1,0.01123348,44.08549999971001
ensemble@512,attention+baseline,0,GW240407_040938-v1-V1-qscan,GW240407_040938,0.0,0,,43.631500000628876
ensemble@512,attention+baseline,0,GW240407_061416-v1-H1-qscan,GW240407_061416,0.6348610520362854,1,0.63486105,40.47590000027412
ensemble@512,attention+baseline,0,GW240407_061416-v1-L1-qscan,GW240407_061416,0.0,0,,45.41349999999511
ensemble@512,attention+baseline,0,GW240407_061416-v1-V1-qscan,GW240407_061416,0.0,0,,44.435100000555394
ensemble@512,attention+baseline,0,GW240407_214946-v1-H1-qscan,GW240407_214946,0.0,0,,44.275199999901815
ensemble@512,attention+baseline,0,GW240407_214946-v1-L1-qscan,GW240407_214946,0.0,0,,36.40180000093096
ensemble@512,attention+baseline,0,GW240407_214946-v1-V1-qscan,GW240407_214946,0.0,0,,35.57400000045163
ensemble@512,attention+baseline,0,GW240408_081753-v1-H1-qscan,GW240408_081753,0.11493123322725296,1,0.11493123,44.842899999821384
ensemble@512,attention+baseline,0,GW240408_081753-v1-L1-qscan,GW240408_081753,0.0,0,,41.17590000078053
ensemble@512,attention+baseline,0,GW240411_074140-v1-H1-qscan,GW240411_074140,0.0,0,,42.53580000022339
ensemble@512,attention+baseline,0,GW240411_074140-v1-L1-qscan,GW240411_074140,0.10476484894752502,1,0.10476485,42.223200000080396
ensemble@512,attention+baseline,0,GW240413_022019-v1-H1-qscan,GW240413_022019,0.0,0,,38.33130000020901
ensemble@512,attention+baseline,0,GW240413_022019-v1-L1-qscan,GW240413_022019,0.8708916902542114,1,0.87089169,41.425199999139295
ensemble@512,attention+baseline,0,GW240413_022019-v1-V1-qscan,GW240413_022019,0.0,0,,45.28290000052948
ensemble@512,attention+baseline,0,GW240414_054515-v1-H1-qscan,GW240414_054515,0.171952024102211,1,0.17195202,44.60739999922225
ensemble@512,attention+baseline,0,GW240414_054515-v1-V1-qscan,GW240414_054515,0.11446166783571243,1,0.11446167,42.297599999983504
ensemble@512,attention+baseline,0,GW240419_041206-v1-H1-qscan,GW240419_041206,0.05121717229485512,1,0.05121717,43.607800000245334
ensemble@512,attention+baseline,0,GW240419_041206-v1-L1-qscan,GW240419_041206,0.0,0,,38.3189999993192
ensemble@512,attention+baseline,0,GW240419_041206-v1-V1-qscan,GW240419_041206,0.16442421078681946,1,0.16442421,39.18439999961265
ensemble@512,attention+baseline,0,GW240420_175625-v1-H1-qscan,GW240420_175625,0.6189648509025574,1,0.61896485,40.337699999327015
ensemble@512,attention+baseline,0,GW240421_052935-v1-H1-qscan,GW240421_052935,0.30294981598854065,1,0.30294982,39.4758999991609
ensemble@512,attention+baseline,0,GW240421_052935-v1-L1-qscan,GW240421_052935,0.057436227798461914,1,0.05743623,39.321100000051956
ensemble@512,attention+baseline,0,GW240421_052935-v1-V1-qscan,GW240421_052935,0.0,0,,38.746700000046985
ensemble@512,attention+baseline,0,GW240426_031451-v1-H1-qscan,GW240426_031451,0.06822564452886581,1,0.06822564,37.430599999424885
ensemble@512,attention+baseline,0,GW240426_031451-v1-L1-qscan,GW240426_031451,0.8424850106239319,1,0.84248501,38.583500000640925
ensemble@512,attention+baseline,0,GW240426_085802-v1-H1-qscan,GW240426_085802,0.05267238989472389,1,0.05267239,41.15929999989021
ensemble@512,attention+baseline,0,GW240426_085802-v1-L1-qscan,GW240426_085802,0.0,0,,41.94580000057613
ensemble@512,attention+baseline,0,GW240426_085802-v1-V1-qscan,GW240426_085802,0.0,0,,40.212899999460205
ensemble@512,attention+baseline,0,GW240428_225440-v1-H1-qscan,GW240428_225440,0.8409746885299683,1,0.84097469,40.87670000080834
ensemble@512,attention+baseline,0,GW240428_225440-v1-V1-qscan,GW240428_225440,0.047642774879932404,1,0.04764277,41.18190000008326
ensemble@512,attention+baseline,0,GW240430_093517-v1-H1-qscan,GW240430_093517,0.0,0,,41.89869999936491
ensemble@512,attention+baseline,0,GW240430_093517-v1-L1-qscan,GW240430_093517,0.8671273589134216,1,0.86712736,39.30000000036671
ensemble@512,attention+baseline,0,GW240501_033534-v1-H1-qscan,GW240501_033534,0.9150614142417908,1,0.91506141,38.80239999944024
ensemble@512,attention+baseline,0,GW240501_033534-v1-L1-qscan,GW240501_033534,0.9405333995819092,1,0.94053340,37.25510000003851
ensemble@512,attention+baseline,0,GW240501_033534-v1-V1-qscan,GW240501_033534,0.0,0,,35.94429999884596
ensemble@512,attention+baseline,0,GW240505_133552-v1-H1-qscan,GW240505_133552,0.8153833746910095,1,0.81538337,39.54639999938081
ensemble@512,attention+baseline,0,GW240505_133552-v1-L1-qscan,GW240505_133552,0.7945367693901062,1,0.79453677,42.420599999786646
ensemble@512,attention+baseline,0,GW240505_133552-v1-V1-qscan,GW240505_133552,0.0,0,,40.58400000030815
ensemble@512,attention+baseline,0,GW240507_041632-v1-H1-qscan,GW240507_041632,0.034256286919116974,1,0.03425629,38.56580000046961
ensemble@512,attention+baseline,0,GW240507_041632-v1-L1-qscan,GW240507_041632,0.5888102054595947,1,0.58881021,41.83829999965383
ensemble@512,attention+baseline,0,GW240507_041632-v1-V1-qscan,GW240507_041632,0.0,0,,41.56109999985347
ensemble@512,attention+baseline,0,GW240509_102351-v1-H1-qscan,GW240509_102351,0.0,0,,36.041699999259436
ensemble@512,attention+baseline,0,GW240509_102351-v1-L1-qscan,GW240509_102351,0.020137229934334755,1,0.02013723,37.280299999110866
ensemble@512,attention+baseline,0,GW240509_102351-v1-V1-qscan,GW240509_102351,0.0,0,,42.23240000010264
ensemble@512,attention+baseline,0,GW240511_031507-v1-H1-qscan,GW240511_031507,0.7079121470451355,1,0.70791215,39.16180000123859
ensemble@512,attention+baseline,0,GW240511_031507-v1-L1-qscan,GW240511_031507,0.8789910674095154,1,0.87899107,39.27439999915805
ensemble@512,attention+baseline,0,GW240511_031507-v1-V1-qscan,GW240511_031507,0.011861070990562439,1,0.01186107,41.63619999962975
ensemble@512,attention+baseline,0,GW240512_024139-v1-H1-qscan,GW240512_024139,0.03164727985858917,1,0.03164728,38.3482000006552
ensemble@512,attention+baseline,0,GW240512_024139-v1-L1-qscan,GW240512_024139,0.5498833060264587,1,0.54988331,40.92839999975695
ensemble@512,attention+baseline,0,GW240512_024139-v1-V1-qscan,GW240512_024139,0.0,0,,42.83029999987775
ensemble@512,attention+baseline,0,GW240512_051606-v1-H1-qscan,GW240512_051606,0.0,0,,39.711200000056124
ensemble@512,attention+baseline,0,GW240512_051606-v1-L1-qscan,GW240512_051606,0.0,0,,42.10880000027828
ensemble@512,attention+baseline,0,GW240512_051606-v1-V1-qscan,GW240512_051606,0.0,0,,37.31230000084906
ensemble@512,attention+baseline,0,GW240513_183302-v1-H1-qscan,GW240513_183302,0.9579297304153442,1,0.95792973,36.26979999989999
ensemble@512,attention+baseline,0,GW240513_183302-v1-L1-qscan,GW240513_183302,0.8823622465133667,1,0.88236225,39.0252999995937
ensemble@512,attention+baseline,0,GW240513_183302-v1-V1-qscan,GW240513_183302,0.0,0,,41.0781999999017
ensemble@512,attention+baseline,0,GW240514_121713-v1-H1-qscan,GW240514_121713,0.36382830142974854,1,0.36382830,38.940099999308586
ensemble@512,attention+baseline,0,GW240514_121713-v1-L1-qscan,GW240514_121713,0.19112777709960938,1,0.19112778,38.4570000005624
ensemble@512,attention+baseline,0,GW240514_121713-v1-V1-qscan,GW240514_121713,0.0,0,,41.695800000525196
ensemble@512,attention+baseline,0,GW240515_005301-v1-H1-qscan,GW240515_005301,0.8589068055152893,1,0.85890681,39.48110000055749
ensemble@512,attention+baseline,0,GW240515_005301-v1-L1-qscan,GW240515_005301,0.6968005895614624,1,0.69680059,39.09939999994094
ensemble@512,attention+baseline,0,GW240515_005301-v1-V1-qscan,GW240515_005301,0.0,0,,39.37450000012177
ensemble@512,attention+baseline,0,GW240516_041939-v1-H1-qscan,GW240516_041939,0.0,0,,34.886500000538945
ensemble@512,attention+baseline,0,GW240516_041939-v1-L1-qscan,GW240516_041939,0.0,0,,36.6701999992074
ensemble@512,attention+baseline,0,GW240516_041939-v1-V1-qscan,GW240516_041939,0.015611403621733189,1,0.01561140,41.73700000046665
ensemble@512,attention+baseline,0,GW240519_012815-v1-L1-qscan,GW240519_012815,0.24682754278182983,1,0.24682754,38.70230000029551
ensemble@512,attention+baseline,0,GW240519_012815-v1-V1-qscan,GW240519_012815,0.637316882610321,1,0.63731688,40.35869999916031
ensemble@512,attention+baseline,0,GW240520_213616-v1-H1-qscan,GW240520_213616,0.10358694195747375,1,0.10358694,40.91279999920516
ensemble@512,attention+baseline,0,GW240520_213616-v1-L1-qscan,GW240520_213616,0.21539005637168884,1,0.21539006,39.58479999892006
ensemble@512,attention+baseline,0,GW240520_213616-v1-V1-qscan,GW240520_213616,0.017608562484383583,1,0.01760856,38.80880000087927
ensemble@512,attention+baseline,0,GW240525_031210-v1-H1-qscan,GW240525_031210,0.8212857246398926,1,0.82128572,40.801899999678426
ensemble@512,attention+baseline,0,GW240525_031210-v1-L1-qscan,GW240525_031210,0.8487526774406433,1,0.84875268,39.60529999949358
ensemble@512,attention+baseline,0,GW240525_031210-v1-V1-qscan,GW240525_031210,0.0,0,,34.140399999159854
ensemble@512,attention+baseline,0,GW240525_201644-v1-H1-qscan,GW240525_201644,0.0,0,,39.56250000010186
ensemble@512,attention+baseline,0,GW240525_201644-v1-L1-qscan,GW240525_201644,0.0,0,,42.15109999950073
ensemble@512,attention+baseline,0,GW240525_201644-v1-V1-qscan,GW240525_201644,0.0,0,,39.04419999980746
ensemble@512,attention+baseline,0,GW240526_093944-v1-H1-qscan,GW240526_093944,0.095862977206707,1,0.09586298,41.35630000018864
ensemble@512,attention+baseline,0,GW240526_093944-v1-L1-qscan,GW240526_093944,0.0,0,,40.91859999971348
ensemble@512,attention+baseline,0,GW240526_093944-v1-V1-qscan,GW240526_093944,0.0,0,,35.7772000006662
ensemble@512,attention+baseline,0,GW240527_150907-v1-H1-qscan,GW240527_150907,0.0,0,,35.69659999902797
ensemble@512,attention+baseline,0,GW240527_150907-v1-L1-qscan,GW240527_150907,0.0,0,,41.55010000067705
ensemble@512,attention+baseline,0,GW240527_150907-v1-V1-qscan,GW240527_150907,0.0,0,,38.86679999959597
ensemble@512,attention+baseline,0,GW240527_183429-v1-H1-qscan,GW240527_183429,0.8426640033721924,1,0.84266400,50.27729999983421
ensemble@512,attention+baseline,0,GW240527_183429-v1-L1-qscan,GW240527_183429,0.16270478069782257,1,0.16270478,47.80240000036429
ensemble@512,attention+baseline,0,GW240527_183429-v1-V1-qscan,GW240527_183429,0.0,0,,49.79079999975511
ensemble@512,attention+baseline,0,GW240527_230910-v1-H1-qscan,GW240527_230910,0.6347565054893494,1,0.63475651,35.26030000011815
ensemble@512,attention+baseline,0,GW240527_230910-v1-L1-qscan,GW240527_230910,0.01556507870554924,1,0.01556508,37.123500000234344
ensemble@512,attention+baseline,0,GW240527_230910-v1-V1-qscan,GW240527_230910,0.0,0,,38.89929999877495
ensemble@512,attention+baseline,0,GW240530_012417-v1-H1-qscan,GW240530_012417,0.04715747758746147,1,0.04715748,39.013900000099966
ensemble@512,attention+baseline,0,GW240530_012417-v1-L1-qscan,GW240530_012417,0.6077558398246765,1,0.60775584,42.09039999932429
ensemble@512,attention+baseline,0,GW240530_012417-v1-V1-qscan,GW240530_012417,0.0,0,,37.53500000038912
ensemble@512,attention+baseline,0,GW240531_040326-v1-H1-qscan,GW240531_040326,0.4625268578529358,1,0.46252686,38.63679999994929
ensemble@512,attention+baseline,0,GW240531_040326-v1-L1-qscan,GW240531_040326,0.0,0,,42.13160000017524
ensemble@512,attention+baseline,0,GW240531_040326-v1-V1-qscan,GW240531_040326,0.0,0,,39.37779999978375
ensemble@512,attention+baseline,0,GW240531_075248-v1-H1-qscan,GW240531_075248,0.0,0,,35.45080000094458
ensemble@512,attention+baseline,0,GW240531_075248-v1-L1-qscan,GW240531_075248,0.9356613159179688,1,0.93566132,37.75040000073204
ensemble@512,attention+baseline,0,GW240531_075248-v1-V1-qscan,GW240531_075248,0.0,0,,35.91450000021723
ensemble@512,attention+baseline,0,GW240601_061200-v1-H1-qscan,GW240601_061200,0.2484777271747589,1,0.24847773,37.634000000252854
ensemble@512,attention+baseline,0,GW240601_061200-v1-L1-qscan,GW240601_061200,0.1462915688753128,1,0.14629157,40.77150000011898
ensemble@512,attention+baseline,0,GW240601_061200-v1-V1-qscan,GW240601_061200,0.0,0,,36.45629999937228
ensemble@512,attention+baseline,0,GW240601_231004-v1-H1-qscan,GW240601_231004,0.0,0,,39.97529999924154
ensemble@512,attention+baseline,0,GW240601_231004-v1-L1-qscan,GW240601_231004,0.0,0,,41.245999998864136
ensemble@512,attention+baseline,0,GW240601_231004-v1-V1-qscan,GW240601_231004,0.01641484536230564,1,0.01641485,34.74709999954939
ensemble@512,attention+baseline,0,GW240611_214835-v1-L1-qscan,GW240611_214835,0.16408662497997284,1,0.16408662,37.18780000053812
ensemble@512,attention+baseline,0,GW240611_214835-v1-V1-qscan,GW240611_214835,0.0,0,,43.28319999967789
ensemble@512,attention+baseline,0,GW240612_081540-v1-H1-qscan,GW240612_081540,0.5605837106704712,1,0.56058371,39.80610000053275
ensemble@512,attention+baseline,0,GW240612_081540-v1-L1-qscan,GW240612_081540,0.010359559208154678,1,0.01035956,40.41419999975915
ensemble@512,attention+baseline,0,GW240612_081540-v1-V1-qscan,GW240612_081540,0.0,0,,41.017500000634755
ensemble@512,attention+baseline,0,GW240613_011503-v1-H1-qscan,GW240613_011503,0.0,0,,38.92530000030092
ensemble@512,attention+baseline,0,GW240613_011503-v1-L1-qscan,GW240613_011503,0.022529788315296173,1,0.02252979,38.867999999638414
ensemble@512,attention+baseline,0,GW240613_011503-v1-V1-qscan,GW240613_011503,0.0,0,,39.72000000067055
ensemble@512,attention+baseline,0,GW240615_113620-v1-H1-qscan,GW240615_113620,0.9056445956230164,1,0.90564460,39.531999999780965
ensemble@512,attention+baseline,0,GW240615_113620-v1-L1-qscan,GW240615_113620,0.8787767887115479,1,0.87877679,40.31779999968421
ensemble@512,attention+baseline,0,GW240615_113620-v1-V1-qscan,GW240615_113620,0.018811356276273727,1,0.01881136,39.25280000021303
ensemble@512,attention+baseline,0,GW240615_160735-v1-H1-qscan,GW240615_160735,0.7940280437469482,1,0.79402804,41.243800000302144
ensemble@512,attention+baseline,0,GW240615_160735-v1-L1-qscan,GW240615_160735,0.7712205052375793,1,0.77122051,36.92510000018956
ensemble@512,attention+baseline,0,GW240615_160735-v1-V1-qscan,GW240615_160735,0.0,0,,39.969500000552216
ensemble@512,attention+baseline,0,GW240618_071627-v1-H1-qscan,GW240618_071627,0.5099977254867554,1,0.50999773,41.294200000265846
ensemble@512,attention+baseline,0,GW240618_071627-v1-L1-qscan,GW240618_071627,0.6889268159866333,1,0.68892682,39.4228999994084
ensemble@512,attention+baseline,0,GW240619_044535-v1-H1-qscan,GW240619_044535,0.045324817299842834,1,0.04532482,38.72789999968518
ensemble@512,attention+baseline,0,GW240619_044535-v1-L1-qscan,GW240619_044535,0.0,0,,38.4301999993113
ensemble@512,attention+baseline,0,GW240619_044535-v1-V1-qscan,GW240619_044535,0.0,0,,34.24320000067382
ensemble@512,attention+baseline,0,GW240619_212357-v1-H1-qscan,GW240619_212357,0.9163699150085449,1,0.91636992,39.143899999544374
ensemble@512,attention+baseline,0,GW240619_212357-v1-L1-qscan,GW240619_212357,0.0,0,,40.697800000089046
ensemble@512,attention+baseline,0,GW240619_212357-v1-V1-qscan,GW240619_212357,0.04098392277956009,1,0.04098392,39.19029999997292
ensemble@512,attention+baseline,0,GW240620_094631-v1-H1-qscan,GW240620_094631,0.01642303168773651,1,0.01642303,39.23040000063338
ensemble@512,attention+baseline,0,GW240620_094631-v1-L1-qscan,GW240620_094631,0.0,0,,42.6011000008657
ensemble@512,attention+baseline,0,GW240620_094631-v1-V1-qscan,GW240620_094631,0.0,0,,38.66870000001654
ensemble@512,attention+baseline,0,GW240621_103457-v1-H1-qscan,GW240621_103457,0.010405986569821835,1,0.01040599,37.86249999939173
ensemble@512,attention+baseline,0,GW240621_103457-v1-L1-qscan,GW240621_103457,0.0,0,,38.71000000071945
ensemble@512,attention+baseline,0,GW240621_103457-v1-V1-qscan,GW240621_103457,0.0556802935898304,1,0.05568029,35.54019999955926
ensemble@512,attention+baseline,0,GW240621_195059-v1-H1-qscan,GW240621_195059,0.939556896686554,1,0.93955690,40.162100000088685
ensemble@512,attention+baseline,0,GW240621_195059-v1-L1-qscan,GW240621_195059,0.9236937761306763,1,0.92369378,40.0709999994433
ensemble@512,attention+baseline,0,GW240621_195059-v1-V1-qscan,GW240621_195059,0.16544513404369354,1,0.16544513,39.66899999977613
ensemble@512,attention+baseline,0,GW240621_200935-v1-H1-qscan,GW240621_200935,0.368856281042099,1,0.36885628,40.51569999955973
ensemble@512,attention+baseline,0,GW240621_200935-v1-L1-qscan,GW240621_200935,0.3611665964126587,1,0.36116660,42.85249999975349
ensemble@512,attention+baseline,0,GW240621_200935-v1-V1-qscan,GW240621_200935,0.0,0,,44.02230000050622
ensemble@512,attention+baseline,0,GW240621_214041-v1-H1-qscan,GW240621_214041,0.47728338837623596,1,0.47728339,41.22850000021572
ensemble@512,attention+baseline,0,GW240621_214041-v1-L1-qscan,GW240621_214041,0.7896790504455566,1,0.78967905,41.28189999937604
ensemble@512,attention+baseline,0,GW240621_214041-v1-V1-qscan,GW240621_214041,0.0,0,,40.48289999991539
ensemble@512,attention+baseline,0,GW240622_004008-v1-H1-qscan,GW240622_004008,0.5842347741127014,1,0.58423477,40.75530000045546
ensemble@512,attention+baseline,0,GW240622_004008-v1-L1-qscan,GW240622_004008,0.6700000166893005,1,0.67000002,35.458399999697576
ensemble@512,attention+baseline,0,GW240622_004008-v1-V1-qscan,GW240622_004008,0.0,0,,40.581800000836665
ensemble@512,attention+baseline,0,GW240625_073331-v1-H1-qscan,GW240625_073331,0.011324816383421421,1,0.01132482,41.74239999974816
ensemble@512,attention+baseline,0,GW240625_073331-v1-L1-qscan,GW240625_073331,0.0,0,,39.06410000035976
ensemble@512,attention+baseline,0,GW240627_131622-v1-H1-qscan,GW240627_131622,0.037240371108055115,1,0.03724037,39.17139999975916
ensemble@512,attention+baseline,0,GW240627_131622-v1-L1-qscan,GW240627_131622,0.017008086666464806,1,0.01700809,42.313900000408466
ensemble@512,attention+baseline,0,GW240627_131622-v1-V1-qscan,GW240627_131622,0.0,0,,45.010800000454765
ensemble@512,attention+baseline,0,GW240629_145256-v1-H1-qscan,GW240629_145256,0.058842193335294724,1,0.05884219,43.433400000139954
ensemble@512,attention+baseline,0,GW240629_145256-v1-L1-qscan,GW240629_145256,0.6841906905174255,1,0.68419069,35.49089999978605
ensemble@512,attention+baseline,0,GW240629_145256-v1-V1-qscan,GW240629_145256,0.014275779947638512,1,0.01427578,39.738699999361415
ensemble@512,attention+baseline,0,GW240630_101703-v1-H1-qscan,GW240630_101703,0.8417850136756897,1,0.84178501,41.857299999719544
ensemble@512,attention+baseline,0,GW240630_101703-v1-V1-qscan,GW240630_101703,0.0,0,,39.73710000082065
ensemble@512,attention+baseline,0,GW240630_115348-v1-H1-qscan,GW240630_115348,0.7670102715492249,1,0.76701027,40.609800000311225
ensemble@512,attention+baseline,0,GW240630_115348-v1-L1-qscan,GW240630_115348,0.4976445436477661,1,0.49764454,42.02620000069146
ensemble@512,attention+baseline,0,GW240630_115348-v1-V1-qscan,GW240630_115348,0.04629514366388321,1,0.04629514,44.701400000121794
ensemble@512,attention+baseline,0,GW240630_212937-v1-H1-qscan,GW240630_212937,0.16748172044754028,1,0.16748172,36.24509999917791
ensemble@512,attention+baseline,0,GW240630_212937-v1-L1-qscan,GW240630_212937,0.0,0,,38.294199999654666
ensemble@512,attention+baseline,0,GW240630_212937-v1-V1-qscan,GW240630_212937,0.0,0,,37.30540000015026
ensemble@512,attention+baseline,0,GW240701_011640-v1-H1-qscan,GW240701_011640,0.7040413022041321,1,0.70404130,37.87499999998545
ensemble@512,attention+baseline,0,GW240701_011640-v1-L1-qscan,GW240701_011640,0.012401584535837173,1,0.01240158,40.93860000011773
ensemble@512,attention+baseline,0,GW240701_011640-v1-V1-qscan,GW240701_011640,0.0,0,,41.70390000035695
ensemble@512,attention+baseline,0,GW240701_013826-v1-H1-qscan,GW240701_013826,0.0,0,,39.70070000013948
ensemble@512,attention+baseline,0,GW240701_013826-v1-L1-qscan,GW240701_013826,0.0,0,,39.259600000150385
ensemble@512,attention+baseline,0,GW240701_013826-v1-V1-qscan,GW240701_013826,0.0,0,,38.134899999931804
ensemble@512,attention+baseline,0,GW240701_203807-v1-H1-qscan,GW240701_203807,0.0,0,,34.61399999923742
ensemble@512,attention+baseline,0,GW240701_203807-v1-L1-qscan,GW240701_203807,0.0,0,,42.19990000092366
ensemble@512,attention+baseline,0,GW240701_203807-v1-V1-qscan,GW240701_203807,0.022655876353383064,1,0.02265588,40.13970000050904
ensemble@512,attention+baseline,0,GW240703_191355-v1-L1-qscan,GW240703_191355,0.5815886855125427,1,0.58158869,37.58990000005724
ensemble@512,attention+baseline,0,GW240703_191355-v1-V1-qscan,GW240703_191355,0.0,0,,39.342900000519876
ensemble@512,attention+baseline,0,GW240705_053215-v1-H1-qscan,GW240705_053215,0.9592562913894653,1,0.95925629,43.188899999222485
ensemble@512,attention+baseline,0,GW240705_053215-v1-L1-qscan,GW240705_053215,0.7821742296218872,1,0.78217423,39.78259999985312
ensemble@512,attention+baseline,0,GW240705_053215-v1-V1-qscan,GW240705_053215,0.0,0,,39.632599999094964
ensemble@512,attention+baseline,0,GW240716_034900-v1-L1-qscan,GW240716_034900,0.9388459324836731,1,0.93884593,36.880099999507365
ensemble@512,attention+baseline,0,GW240716_034900-v1-V1-qscan,GW240716_034900,0.0,0,,35.00700000040524
ensemble@512,attention+baseline,0,GW240806_043539-v1-L1-qscan,GW240806_043539,0.0,0,,37.03600000062579
ensemble@512,attention+baseline,0,GW240806_043539-v1-V1-qscan,GW240806_043539,0.0,0,,41.82680000030814
ensemble@512,attention+baseline,0,GW240807_214559-v1-L1-qscan,GW240807_214559,0.0,0,,38.98609999941982
ensemble@512,attention+baseline,0,GW240807_214559-v1-V1-qscan,GW240807_214559,0.0,0,,37.677399999665795
ensemble@512,attention+baseline,0,GW240813_034548-v1-L1-qscan,GW240813_034548,0.0,0,,38.59370000009221
ensemble@512,attention+baseline,0,GW240813_034548-v1-V1-qscan,GW240813_034548,0.0,0,,34.12729999945441
ensemble@512,attention+baseline,0,GW240814_145043-v1-L1-qscan,GW240814_145043,0.04351108893752098,1,0.04351109,36.2355999995998
ensemble@512,attention+baseline,0,GW240814_145043-v1-V1-qscan,GW240814_145043,0.0,0,,38.42119999899296
ensemble@512,attention+baseline,0,GW240824_205609-v1-H1-qscan,GW240824_205609,0.24163545668125153,1,0.24163546,38.44279999884748
ensemble@512,attention+baseline,0,GW240824_205609-v1-L1-qscan,GW240824_205609,0.0,0,,41.28409999975702
ensemble@512,attention+baseline,0,GW240824_205609-v1-V1-qscan,GW240824_205609,0.3879811465740204,1,0.38798115,42.42230000090785
ensemble@512,attention+baseline,0,GW240825_055146-v1-H1-qscan,GW240825_055146,0.18457524478435516,1,0.18457524,37.36579999986134
ensemble@512,attention+baseline,0,GW240825_055146-v1-L1-qscan,GW240825_055146,0.13277964293956757,1,0.13277964,37.50520000085089
ensemble@512,attention+baseline,0,GW240825_055146-v1-V1-qscan,GW240825_055146,0.0,0,,39.367599999422964
ensemble@512,attention+baseline,0,GW240828_102340-v1-H1-qscan,GW240828_102340,0.0,0,,36.09690000030241
ensemble@512,attention+baseline,0,GW240828_102340-v1-L1-qscan,GW240828_102340,0.012039999477565289,1,0.01204000,40.71490000023914
ensemble@512,attention+baseline,0,GW240828_102340-v1-V1-qscan,GW240828_102340,0.0,0,,40.467200000421144
ensemble@512,attention+baseline,0,GW240830_211120-v1-H1-qscan,GW240830_211120,0.0,0,,45.71430000032706
ensemble@512,attention+baseline,0,GW240830_211120-v1-L1-qscan,GW240830_211120,0.315684050321579,1,0.31568405,52.52980000022944
ensemble@512,attention+baseline,0,GW240830_211120-v1-V1-qscan,GW240830_211120,0.0,0,,39.18659999908414
ensemble@512,attention+baseline,0,GW240901_195332-v1-H1-qscan,GW240901_195332,0.0,0,,41.25690000000759
ensemble@512,attention+baseline,0,GW240901_195332-v1-L1-qscan,GW240901_195332,0.0,0,,42.39940000024944
ensemble@512,attention+baseline,0,GW240901_195332-v1-V1-qscan,GW240901_195332,0.029483875259757042,1,0.02948388,35.99759999997332
ensemble@512,attention+baseline,0,GW240902_143306-v1-H1-qscan,GW240902_143306,0.8234328031539917,1,0.82343280,38.382399999136396
ensemble@512,attention+baseline,0,GW240902_143306-v1-L1-qscan,GW240902_143306,0.08116855472326279,1,0.08116855,37.43349999967904
ensemble@512,attention+baseline,0,GW240902_143306-v1-V1-qscan,GW240902_143306,0.3639509081840515,1,0.36395091,44.615499999963504
ensemble@512,attention+baseline,0,GW240907_092521-v1-H1-qscan,GW240907_092521,0.590106725692749,1,0.59010673,39.52190000018163
ensemble@512,attention+baseline,0,GW240907_092521-v1-L1-qscan,GW240907_092521,0.0,0,,40.50999999981286
ensemble@512,attention+baseline,0,GW240907_092521-v1-V1-qscan,GW240907_092521,0.0,0,,37.738099999842234
ensemble@512,attention+baseline,0,GW240907_121650-v1-H1-qscan,GW240907_121650,0.013374664820730686,1,0.01337466,37.74729999986448
ensemble@512,attention+baseline,0,GW240907_121650-v1-L1-qscan,GW240907_121650,0.014024559408426285,1,0.01402456,43.01489999943442
ensemble@512,attention+baseline,0,GW240907_121650-v1-V1-qscan,GW240907_121650,0.17706570029258728,1,0.17706570,36.815800000113086
ensemble@512,attention+baseline,0,GW240907_153833-v1-H1-qscan,GW240907_153833,0.705518364906311,1,0.70551836,37.53930000038963
ensemble@512,attention+baseline,0,GW240907_153833-v1-L1-qscan,GW240907_153833,0.7067287564277649,1,0.70672876,36.74860000046465
ensemble@512,attention+baseline,0,GW240907_153833-v1-V1-qscan,GW240907_153833,0.42904505133628845,1,0.42904505,35.99980000126379
ensemble@512,attention+baseline,0,GW240908_082628-v1-H1-qscan,GW240908_082628,0.4038415551185608,1,0.40384156,36.85389999918698
ensemble@512,attention+baseline,0,GW240908_082628-v1-L1-qscan,GW240908_082628,0.857452929019928,1,0.85745293,41.012800001226424
ensemble@512,attention+baseline,0,GW240908_082628-v1-V1-qscan,GW240908_082628,0.07350613176822662,1,0.07350613,38.30820000075619
ensemble@512,attention+baseline,0,GW240908_125134-v1-H1-qscan,GW240908_125134,0.5516217350959778,1,0.55162174,36.84420000081445
ensemble@512,attention+baseline,0,GW240908_125134-v1-L1-qscan,GW240908_125134,0.05634571239352226,1,0.05634571,41.722899999513174
ensemble@512,attention+baseline,0,GW240908_125134-v1-V1-qscan,GW240908_125134,0.0,0,,34.69399999903544
ensemble@512,attention+baseline,0,GW240908_174149-v1-H1-qscan,GW240908_174149,0.0,0,,35.63289999965491
ensemble@512,attention+baseline,0,GW240908_174149-v1-L1-qscan,GW240908_174149,0.0,0,,42.982900000424706
ensemble@512,attention+baseline,0,GW240908_174149-v1-V1-qscan,GW240908_174149,0.0,0,,38.2264000008945
ensemble@512,attention+baseline,0,GW240910_103535-v1-H1-qscan,GW240910_103535,0.8693892359733582,1,0.86938924,40.403900000455906
ensemble@512,attention+baseline,0,GW240910_103535-v1-L1-qscan,GW240910_103535,0.20557531714439392,1,0.20557532,41.848400000162655
ensemble@512,attention+baseline,0,GW240913_111216-v1-H1-qscan,GW240913_111216,0.023052453994750977,1,0.02305245,40.090400000735826
ensemble@512,attention+baseline,0,GW240913_111216-v1-L1-qscan,GW240913_111216,0.0,0,,39.68200000053912
ensemble@512,attention+baseline,0,GW240913_111216-v1-V1-qscan,GW240913_111216,0.0,0,,42.5822999995944
ensemble@512,attention+baseline,0,GW240915_001357-v1-H1-qscan,GW240915_001357,0.28216519951820374,1,0.28216520,38.869200000590354
ensemble@512,attention+baseline,0,GW240915_001357-v1-L1-qscan,GW240915_001357,0.9133065342903137,1,0.91330653,37.05779999927472
ensemble@512,attention+baseline,0,GW240915_001357-v1-V1-qscan,GW240915_001357,0.0,0,,38.35940000044502
ensemble@512,attention+baseline,0,GW240915_045510-v1-H1-qscan,GW240915_045510,0.8380860090255737,1,0.83808601,34.66690000004746
ensemble@512,attention+baseline,0,GW240915_045510-v1-L1-qscan,GW240915_045510,0.0,0,,38.9060999996218
ensemble@512,attention+baseline,0,GW240915_045510-v1-V1-qscan,GW240915_045510,0.7780028581619263,1,0.77800286,42.06669999985024
ensemble@512,attention+baseline,0,GW240915_105151-v1-H1-qscan,GW240915_105151,0.7891892194747925,1,0.78918922,39.06619999997929
ensemble@512,attention+baseline,0,GW240915_105151-v1-V1-qscan,GW240915_105151,0.0,0,,39.62219999903027
ensemble@512,attention+baseline,0,GW240916_184352-v1-H1-qscan,GW240916_184352,0.0,0,,42.38270000041666
ensemble@512,attention+baseline,0,GW240916_184352-v1-L1-qscan,GW240916_184352,0.0,0,,37.5543000000107
ensemble@512,attention+baseline,0,GW240916_184352-v1-V1-qscan,GW240916_184352,0.03277011960744858,1,0.03277012,34.732899999653455
ensemble@512,attention+baseline,0,GW240917_130237-v1-H1-qscan,GW240917_130237,0.0,0,,38.09140000066691
ensemble@512,attention+baseline,0,GW240917_130237-v1-L1-qscan,GW240917_130237,0.0,0,,39.38970000035624
ensemble@512,attention+baseline,0,GW240919_061559-v1-H1-qscan,GW240919_061559,0.9341406226158142,1,0.93414062,38.10140000041429
ensemble@512,attention+baseline,0,GW240919_061559-v1-L1-qscan,GW240919_061559,0.734368622303009,1,0.73436862,40.782400000352936
ensemble@512,attention+baseline,0,GW240919_061559-v1-V1-qscan,GW240919_061559,0.9359680414199829,1,0.93596804,39.51229999984207
ensemble@512,attention+baseline,0,GW240919_215453-v1-H1-qscan,GW240919_215453,0.0,0,,38.723799999388575
ensemble@512,attention+baseline,0,GW240919_215453-v1-L1-qscan,GW240919_215453,0.9053340554237366,1,0.90533406,41.9437000000471
ensemble@512,attention+baseline,0,GW240919_215453-v1-V1-qscan,GW240919_215453,0.0,0,,35.507200000211014
ensemble@512,attention+baseline,0,GW240920_073424-v1-H1-qscan,GW240920_073424,0.8181488513946533,1,0.81814885,36.17079999912676
ensemble@512,attention+baseline,0,GW240920_073424-v1-L1-qscan,GW240920_073424,0.49030032753944397,1,0.49030033,42.09809999974823
ensemble@512,attention+baseline,0,GW240920_073424-v1-V1-qscan,GW240920_073424,0.0,0,,39.827999999033636
ensemble@512,attention+baseline,0,GW240920_124024-v1-H1-qscan,GW240920_124024,0.9182586669921875,1,0.91825867,38.32729999885487
ensemble@512,attention+baseline,0,GW240920_124024-v1-L1-qscan,GW240920_124024,0.9357802271842957,1,0.93578023,41.00419999940641
ensemble@512,attention+baseline,0,GW240921_201835-v1-L1-qscan,GW240921_201835,0.741856575012207,1,0.74185658,38.3231000005253
ensemble@512,attention+baseline,0,GW240921_201835-v1-V1-qscan,GW240921_201835,0.0,0,,39.71070000079635
ensemble@512,attention+baseline,0,GW240922_142106-v1-H1-qscan,GW240922_142106,0.3667947053909302,1,0.36679471,42.14520000095945
ensemble@512,attention+baseline,0,GW240922_142106-v1-L1-qscan,GW240922_142106,0.5292909741401672,1,0.52929097,37.62390000065352
ensemble@512,attention+baseline,0,GW240922_142106-v1-V1-qscan,GW240922_142106,0.0,0,,35.06110000034823
ensemble@512,attention+baseline,0,GW240923_000715-v1-H1-qscan,GW240923_000715,0.0,0,,37.01160000036907
ensemble@512,attention+baseline,0,GW240923_000715-v1-L1-qscan,GW240923_000715,0.0,0,,37.74489999977959
ensemble@512,attention+baseline,0,GW240923_000715-v1-V1-qscan,GW240923_000715,0.011837436817586422,1,0.01183744,38.89770000023418
ensemble@512,attention+baseline,0,GW240923_110846-v1-H1-qscan,GW240923_110846,0.7275593876838684,1,0.72755939,41.568599999664
ensemble@512,attention+baseline,0,GW240923_204006-v1-H1-qscan,GW240923_204006,0.6794514656066895,1,0.67945147,38.69010000016715
ensemble@512,attention+baseline,0,GW240923_204006-v1-L1-qscan,GW240923_204006,0.9100292921066284,1,0.91002929,39.38599999946746
ensemble@512,attention+baseline,0,GW240924_000316-v1-H1-qscan,GW240924_000316,0.45446574687957764,1,0.45446575,42.02450000047975
ensemble@512,attention+baseline,0,GW240924_000316-v1-L1-qscan,GW240924_000316,0.28995388746261597,1,0.28995389,39.064600000529026
ensemble@512,attention+baseline,0,GW240924_000316-v1-V1-qscan,GW240924_000316,0.0,0,,39.072200000191515
ensemble@512,attention+baseline,0,GW240925_000956-v1-H1-qscan,GW240925_000956,0.0,0,,41.09350000089762
ensemble@512,attention+baseline,0,GW240925_000956-v1-L1-qscan,GW240925_000956,0.0,0,,35.272299999633105
ensemble@512,attention+baseline,0,GW240925_000956-v1-V1-qscan,GW240925_000956,0.05545888468623161,1,0.05545888,35.81490000033227
ensemble@512,attention+baseline,0,GW240925_005809-v2-H1-qscan,GW240925_005809,0.8586735129356384,1,0.85867351,41.55369999989489
ensemble@512,attention+baseline,0,GW240925_005809-v2-L1-qscan,GW240925_005809,0.9412193298339844,1,0.94121933,38.98430000026565
ensemble@512,attention+baseline,0,GW240925_005809-v2-V1-qscan,GW240925_005809,0.0,0,,37.99470000012661
ensemble@512,attention+baseline,0,GW240930_035959-v1-H1-qscan,GW240930_035959,0.8857408761978149,1,0.88574088,43.92129999996541
ensemble@512,attention+baseline,0,GW240930_035959-v1-L1-qscan,GW240930_035959,0.5040557980537415,1,0.50405580,37.941399999908754
ensemble@512,attention+baseline,0,GW240930_035959-v1-V1-qscan,GW240930_035959,0.0,0,,39.14950000034878
ensemble@512,attention+baseline,0,GW240930_123408-v1-H1-qscan,GW240930_123408,0.7149982452392578,1,0.71499825,39.0162000003329
ensemble@512,attention+baseline,0,GW240930_123408-v1-L1-qscan,GW240930_123408,0.0,0,,33.78739999971003
ensemble@512,attention+baseline,0,GW240930_123408-v1-V1-qscan,GW240930_123408,0.0,0,,37.23649999938061
ensemble@512,attention+baseline,0,GW240930_234614-v1-H1-qscan,GW240930_234614,0.0,0,,42.95439999896189
ensemble@512,attention+baseline,0,GW240930_234614-v1-L1-qscan,GW240930_234614,0.7218288779258728,1,0.72182888,38.08140000091953
ensemble@512,attention+baseline,0,GW240930_234614-v1-V1-qscan,GW240930_234614,0.0,0,,39.851300000918854
ensemble@512,attention+baseline,0,GW241002_030559-v1-L1-qscan,GW241002_030559,0.5776153206825256,1,0.57761532,42.45640000044659
ensemble@512,attention+baseline,0,GW241002_030559-v1-V1-qscan,GW241002_030559,0.04070410504937172,1,0.04070411,39.98409999985597
ensemble@512,attention+baseline,0,GW241006_015333-v1-H1-qscan,GW241006_015333,0.777026355266571,1,0.77702636,39.8814999998649
ensemble@512,attention+baseline,0,GW241006_015333-v1-L1-qscan,GW241006_015333,0.8098680973052979,1,0.80986810,36.57220000059169
ensemble@512,attention+baseline,0,GW241006_015333-v1-V1-qscan,GW241006_015333,0.02235926128923893,1,0.02235926,34.246400000483845
ensemble@512,attention+baseline,0,GW241007_082943-v1-H1-qscan,GW241007_082943,0.815995454788208,1,0.81599545,34.90490000058344
ensemble@512,attention+baseline,0,GW241007_082943-v1-L1-qscan,GW241007_082943,0.0,0,,40.51940000044851
ensemble@512,attention+baseline,0,GW241007_082943-v1-V1-qscan,GW241007_082943,0.0,0,,38.82270000030985
ensemble@512,attention+baseline,0,GW241009_022835-v1-H1-qscan,GW241009_022835,0.0,0,,38.73079999902984
ensemble@512,attention+baseline,0,GW241009_022835-v1-L1-qscan,GW241009_022835,0.7682127952575684,1,0.76821280,40.69809999964491
ensemble@512,attention+baseline,0,GW241009_022835-v1-V1-qscan,GW241009_022835,0.0,0,,42.10849999981292
ensemble@512,attention+baseline,0,GW241009_084816-v1-H1-qscan,GW241009_084816,0.8485941886901855,1,0.84859419,35.6989000001704
ensemble@512,attention+baseline,0,GW241009_084816-v1-L1-qscan,GW241009_084816,0.07739067077636719,1,0.07739067,33.44709999873885
ensemble@512,attention+baseline,0,GW241009_084816-v1-V1-qscan,GW241009_084816,0.0,0,,43.96189999897615
ensemble@512,attention+baseline,0,GW241009_220455-v1-H1-qscan,GW241009_220455,0.8058573007583618,1,0.80585730,39.12289999971108
ensemble@512,attention+baseline,0,GW241009_220455-v1-L1-qscan,GW241009_220455,0.12641502916812897,1,0.12641503,40.5639999999039
ensemble@512,attention+baseline,0,GW241009_220455-v1-V1-qscan,GW241009_220455,0.46620607376098633,1,0.46620607,41.56869999951596
ensemble@512,attention+baseline,0,GW241011_233834-v2-H1-qscan,GW241011_233834,0.9514802098274231,1,0.95148021,39.296200000535464
ensemble@512,attention+baseline,0,GW241011_233834-v2-V1-qscan,GW241011_233834,0.3397289216518402,1,0.33972892,39.5795000004
ensemble@512,attention+baseline,0,GW241018_235402-v1-H1-qscan,GW241018_235402,0.8283866047859192,1,0.82838660,43.137900000147056
ensemble@512,attention+baseline,0,GW241018_235402-v1-V1-qscan,GW241018_235402,0.0,0,,38.034500000321714
ensemble@512,attention+baseline,0,GW241101_034726-v1-H1-qscan,GW241101_034726,0.0,0,,40.176499998779036
ensemble@512,attention+baseline,0,GW241101_034726-v1-L1-qscan,GW241101_034726,0.034332532435655594,1,0.03433253,41.537899999639194
ensemble@512,attention+baseline,0,GW241101_034726-v1-V1-qscan,GW241101_034726,0.07693696022033691,1,0.07693696,38.805000000138534
ensemble@512,attention+baseline,0,GW241101_220523-v1-L1-qscan,GW241101_220523,0.6376779675483704,1,0.63767797,41.12520000035147
ensemble@512,attention+baseline,0,GW241101_220523-v1-V1-qscan,GW241101_220523,0.0,0,,38.05610000017623
ensemble@512,attention+baseline,0,GW241102_124058-v1-H1-qscan,GW241102_124058,0.8135547041893005,1,0.81355470,35.34309999940888
ensemble@512,attention+baseline,0,GW241102_124058-v1-L1-qscan,GW241102_124058,0.810748279094696,1,0.81074828,37.73249999994732
ensemble@512,attention+baseline,0,GW241102_124058-v1-V1-qscan,GW241102_124058,0.0,0,,42.76819999995496
ensemble@512,attention+baseline,0,GW241102_144729-v1-H1-qscan,GW241102_144729,0.7550983428955078,1,0.75509834,39.18699999940145
ensemble@512,attention+baseline,0,GW241102_144729-v1-L1-qscan,GW241102_144729,0.9050049185752869,1,0.90500492,39.53110000020388
ensemble@512,attention+baseline,0,GW241102_144729-v1-V1-qscan,GW241102_144729,0.0,0,,43.228699999417586
ensemble@512,attention+baseline,0,GW241106_110932-v1-H1-qscan,GW241106_110932,0.0,0,,38.633399999525864
ensemble@512,attention+baseline,0,GW241106_110932-v1-L1-qscan,GW241106_110932,0.012013665400445461,1,0.01201367,36.35929999927612
ensemble@512,attention+baseline,0,GW241106_110932-v1-V1-qscan,GW241106_110932,0.0,0,,37.19840000030672
ensemble@512,attention+baseline,0,GW241109_005349-v1-H1-qscan,GW241109_005349,0.0,0,,36.722800000461575
ensemble@512,attention+baseline,0,GW241109_005349-v1-L1-qscan,GW241109_005349,0.0,0,,38.7114000004658
ensemble@512,attention+baseline,0,GW241109_033317-v1-L1-qscan,GW241109_033317,0.7756523489952087,1,0.77565235,40.96090000075492
ensemble@512,attention+baseline,0,GW241109_033317-v1-V1-qscan,GW241109_033317,0.0,0,,39.1687000010279
ensemble@512,attention+baseline,0,GW241109_115924-v1-H1-qscan,GW241109_115924,0.7720065712928772,1,0.77200657,40.353000000322936
ensemble@512,attention+baseline,0,GW241109_115924-v1-V1-qscan,GW241109_115924,0.0,0,,41.94930000085151
ensemble@512,attention+baseline,0,GW241110_124123-v2-H1-qscan,GW241110_124123,0.3446637988090515,1,0.34466380,40.59700000016164
ensemble@512,attention+baseline,0,GW241110_124123-v2-L1-qscan,GW241110_124123,0.19587339460849762,1,0.19587339,39.544000000205415
ensemble@512,attention+baseline,0,GW241110_124123-v2-V1-qscan,GW241110_124123,0.05131792277097702,1,0.05131792,42.86639999918407
ensemble@512,attention+baseline,0,GW241111_111552-v1-H1-qscan,GW241111_111552,0.8875761032104492,1,0.88757610,37.81840000010561
ensemble@512,attention+baseline,0,GW241111_111552-v1-L1-qscan,GW241111_111552,0.01934335194528103,1,0.01934335,36.62680000070395
ensemble@512,attention+baseline,0,GW241113_163507-v1-L1-qscan,GW241113_163507,0.6734919548034668,1,0.67349195,37.35979999964911
ensemble@512,attention+baseline,0,GW241113_163507-v1-V1-qscan,GW241113_163507,0.0,0,,39.41279999980907
ensemble@512,attention+baseline,0,GW241114_024711-v1-H1-qscan,GW241114_024711,0.7775155305862427,1,0.77751553,40.76859999986482
ensemble@512,attention+baseline,0,GW241114_024711-v1-L1-qscan,GW241114_024711,0.17446568608283997,1,0.17446569,42.595900000378606
ensemble@512,attention+baseline,0,GW241114_024711-v1-V1-qscan,GW241114_024711,0.0,0,,41.12479999912466
ensemble@512,attention+baseline,0,GW241114_235258-v1-L1-qscan,GW241114_235258,0.0179134514182806,1,0.01791345,39.660100000219245
ensemble@512,attention+baseline,0,GW241114_235258-v1-V1-qscan,GW241114_235258,0.0,0,,39.52990000016143
ensemble@512,attention+baseline,0,GW241116_151753-v1-H1-qscan,GW241116_151753,0.16935965418815613,1,0.16935965,41.35469999982888
ensemble@512,attention+baseline,0,GW241116_151753-v1-L1-qscan,GW241116_151753,0.148173525929451,1,0.14817353,41.51329999876907
ensemble@512,attention+baseline,0,GW241116_151753-v1-V1-qscan,GW241116_151753,0.0,0,,40.01729999890813
ensemble@512,attention+baseline,0,GW241124_024914-v1-H1-qscan,GW241124_024914,0.9237245917320251,1,0.92372459,38.24399999939487
ensemble@512,attention+baseline,0,GW241124_024914-v1-L1-qscan,GW241124_024914,0.4042986333370209,1,0.40429863,34.41530000054627
ensemble@512,attention+baseline,0,GW241124_024914-v1-V1-qscan,GW241124_024914,0.0,0,,34.72049999891169
ensemble@512,attention+baseline,0,GW241125_010116-v1-H1-qscan,GW241125_010116,0.05224315822124481,1,0.05224316,39.640500000132306
ensemble@512,attention+baseline,0,GW241125_010116-v1-L1-qscan,GW241125_010116,0.7981618642807007,1,0.79816186,39.062599999851955
ensemble@512,attention+baseline,0,GW241125_010116-v1-V1-qscan,GW241125_010116,0.0,0,,39.84700000000885
ensemble@512,attention+baseline,0,GW241127_061008-v1-H1-qscan,GW241127_061008,0.9437118172645569,1,0.94371182,49.061900000197056
ensemble@512,attention+baseline,0,GW241127_061008-v1-L1-qscan,GW241127_061008,0.9193047285079956,1,0.91930473,42.968899999323185
ensemble@512,attention+baseline,0,GW241127_061008-v1-V1-qscan,GW241127_061008,0.0,0,,38.28269999939948
ensemble@512,attention+baseline,0,GW241129_021832-v1-H1-qscan,GW241129_021832,0.44648477435112,1,0.44648477,36.109399999986636
ensemble@512,attention+baseline,0,GW241129_021832-v1-L1-qscan,GW241129_021832,0.8535921573638916,1,0.85359216,37.04869999910443
ensemble@512,attention+baseline,0,GW241129_021832-v1-V1-qscan,GW241129_021832,0.0,0,,42.496699999901466
ensemble@512,attention+baseline,0,GW241129_140416-v1-H1-qscan,GW241129_140416,0.0,0,,41.572500000256696
ensemble@512,attention+baseline,0,GW241129_140416-v1-L1-qscan,GW241129_140416,0.025727059692144394,1,0.02572706,42.6991000003909
ensemble@512,attention+baseline,0,GW241130_034908-v1-H1-qscan,GW241130_034908,0.6598278880119324,1,0.65982789,41.21959999883984
ensemble@512,attention+baseline,0,GW241130_034908-v1-L1-qscan,GW241130_034908,0.6408812999725342,1,0.64088130,37.841600000319886
ensemble@512,attention+baseline,0,GW241130_034908-v1-V1-qscan,GW241130_034908,0.0,0,,39.88910000043688
ensemble@512,attention+baseline,0,GW241130_110422-v1-H1-qscan,GW241130_110422,0.157182514667511,1,0.15718251,42.60710000016843
ensemble@512,attention+baseline,0,GW241130_110422-v1-L1-qscan,GW241130_110422,0.0,0,,36.60229999968578
ensemble@512,attention+baseline,0,GW241130_110422-v1-V1-qscan,GW241130_110422,0.0,0,,37.39959999984421
ensemble@512,attention+baseline,0,GW241201_055758-v1-H1-qscan,GW241201_055758,0.9012033343315125,1,0.90120333,37.07780000058847
ensemble@512,attention+baseline,0,GW241201_055758-v1-L1-qscan,GW241201_055758,0.0,0,,38.45400000045629
ensemble@512,attention+baseline,0,GW241201_055758-v1-V1-qscan,GW241201_055758,0.0,0,,40.233500000795175
ensemble@512,attention+baseline,0,GW241201_142737-v1-H1-qscan,GW241201_142737,0.46729567646980286,1,0.46729568,44.573000001037144
ensemble@512,attention+baseline,0,GW241201_142737-v1-L1-qscan,GW241201_142737,0.05466288700699806,1,0.05466289,38.86640000018815
ensemble@512,attention+baseline,0,GW241201_142737-v1-V1-qscan,GW241201_142737,0.4969213008880615,1,0.49692130,40.76639999948384
ensemble@512,attention+baseline,0,GW241210_023335-v1-H1-qscan,GW241210_023335,0.0,0,,43.39180000079068
ensemble@512,attention+baseline,0,GW241210_023335-v1-L1-qscan,GW241210_023335,0.17167159914970398,1,0.17167160,39.12300000047253
ensemble@512,attention+baseline,0,GW241210_060606-v1-H1-qscan,GW241210_060606,0.3381354808807373,1,0.33813548,43.050100000073144
ensemble@512,attention+baseline,0,GW241210_060606-v1-L1-qscan,GW241210_060606,0.38933178782463074,1,0.38933179,50.67140000028303
ensemble@512,attention+baseline,0,GW241210_060606-v1-V1-qscan,GW241210_060606,0.047160904854536057,1,0.04716090,43.38129999996454
ensemble@512,attention+baseline,0,GW241210_120900-v1-H1-qscan,GW241210_120900,0.0,0,,40.00419999920268
ensemble@512,attention+baseline,0,GW241210_120900-v1-L1-qscan,GW241210_120900,0.9396822452545166,1,0.93968225,42.83620000114752
ensemble@512,attention+baseline,0,GW241219_222607-v1-H1-qscan,GW241219_222607,0.019225824624300003,1,0.01922582,41.50679999929707
ensemble@512,attention+baseline,0,GW241219_222607-v1-L1-qscan,GW241219_222607,0.0,0,,39.59020000002056
ensemble@512,attention+baseline,0,GW241220_062146-v1-H1-qscan,GW241220_062146,0.0,0,,40.96480000043812
ensemble@512,attention+baseline,0,GW241220_062146-v1-L1-qscan,GW241220_062146,0.010307317599654198,1,0.01030732,35.39230000023963
ensemble@512,attention+baseline,0,GW241225_042553-v1-L1-qscan,GW241225_042553,0.8899532556533813,1,0.88995326,34.77199999997538
ensemble@512,attention+baseline,0,GW241225_042553-v1-V1-qscan,GW241225_042553,0.015280022285878658,1,0.01528002,37.73019999971439
ensemble@512,attention+baseline,0,GW241225_082815-v1-H1-qscan,GW241225_082815,0.2527778744697571,1,0.25277787,41.207599999324884
ensemble@512,attention+baseline,0,GW241225_082815-v1-L1-qscan,GW241225_082815,0.9148963689804077,1,0.91489637,38.85619999982737
ensemble@512,attention+baseline,0,GW241229_155844-v1-H1-qscan,GW241229_155844,0.916167140007019,1,0.91616714,38.6238000000958
ensemble@512,attention+baseline,0,GW241229_155844-v1-L1-qscan,GW241229_155844,0.0,0,,41.89759999917442
ensemble@512,attention+baseline,0,GW241229_155844-v1-V1-qscan,GW241229_155844,0.0,0,,43.52469999957975
ensemble@512,attention+baseline,0,GW241230_084504-v1-L1-qscan,GW241230_084504,0.2920842170715332,1,0.29208422,42.779800000062096
ensemble@512,attention+baseline,0,GW241230_084504-v1-V1-qscan,GW241230_084504,0.0,0,,44.380199999977776
ensemble@512,attention+baseline,0,GW241230_233618-v1-H1-qscan,GW241230_233618,0.0,0,,39.40520000014658
ensemble@512,attention+baseline,0,GW241230_233618-v1-L1-qscan,GW241230_233618,0.6868321299552917,1,0.68683213,37.31259999949543
ensemble@512,attention+baseline,0,GW241230_233618-v1-V1-qscan,GW241230_233618,0.0,0,,43.31790000014735
ensemble@512,attention+baseline,0,GW241231_054133-v1-H1-qscan,GW241231_054133,0.8908442258834839,1,0.89084423,38.40070000023843
ensemble@512,attention+baseline,0,GW241231_054133-v1-L1-qscan,GW241231_054133,0.3972058892250061,1,0.39720589,39.65429999971093
ensemble@512,attention+baseline,0,GW241231_054133-v1-V1-qscan,GW241231_054133,0.0,0,,39.53780000028928
ensemble@512,attention+baseline,0,GW250101_011205-v1-H1-qscan,GW250101_011205,0.33962494134902954,1,0.33962494,35.17000000010739
ensemble@512,attention+baseline,0,GW250101_011205-v1-L1-qscan,GW250101_011205,0.62245112657547,1,0.62245113,35.49540000039997
ensemble@512,attention+baseline,0,GW250101_011205-v1-V1-qscan,GW250101_011205,0.0,0,,39.61119999894436
ensemble@512,attention+baseline,0,GW250104_015122-v1-H1-qscan,GW250104_015122,0.8864479064941406,1,0.88644791,38.58390000095824
ensemble@512,attention+baseline,0,GW250104_015122-v1-L1-qscan,GW250104_015122,0.2704269587993622,1,0.27042696,39.41519999989396
ensemble@512,attention+baseline,0,GW250104_015122-v1-V1-qscan,GW250104_015122,0.0,0,,41.967099999965285
ensemble@512,attention+baseline,0,GW250105_134047-v1-H1-qscan,GW250105_134047,0.0,0,,40.40729999906034
ensemble@512,attention+baseline,0,GW250105_134047-v1-L1-qscan,GW250105_134047,0.0,0,,42.4421000006987
ensemble@512,attention+baseline,0,GW250105_134047-v1-V1-qscan,GW250105_134047,0.0,0,,41.854699999930745
ensemble@512,attention+baseline,0,GW250108_152221-v1-H1-qscan,GW250108_152221,0.9133453965187073,1,0.91334540,38.661900000079186
ensemble@512,attention+baseline,0,GW250108_152221-v1-L1-qscan,GW250108_152221,0.95787113904953,1,0.95787114,36.7828999997073
ensemble@512,attention+baseline,0,GW250108_152221-v1-V1-qscan,GW250108_152221,0.048651229590177536,1,0.04865123,39.134200000262354
ensemble@512,attention+baseline,0,GW250109_010541-v1-H1-qscan,GW250109_010541,0.5703837871551514,1,0.57038379,34.46689999964292
ensemble@512,attention+baseline,0,GW250109_010541-v1-L1-qscan,GW250109_010541,0.9520388841629028,1,0.95203888,40.156300000489864
ensemble@512,attention+baseline,0,GW250109_010541-v1-V1-qscan,GW250109_010541,0.5660642981529236,1,0.56606430,41.0106999997879
ensemble@512,attention+baseline,0,GW250109_074552-v1-H1-qscan,GW250109_074552,0.809053361415863,1,0.80905336,37.74040000007517
ensemble@512,attention+baseline,0,GW250109_074552-v1-V1-qscan,GW250109_074552,0.0,0,,40.61899999942398
ensemble@512,attention+baseline,0,GW250109_083206-v1-H1-qscan,GW250109_083206,0.8999500274658203,1,0.89995003,43.81149999971967
ensemble@512,attention+baseline,0,GW250109_083206-v1-V1-qscan,GW250109_083206,0.0,0,,39.62700000010955
ensemble@512,attention+baseline,0,GW250114_082203-v2-H1-qscan,GW250114_082203,0.7544291615486145,1,0.75442916,40.20570000011503
ensemble@512,attention+baseline,0,GW250114_082203-v2-L1-qscan,GW250114_082203,0.9198078513145447,1,0.91980785,42.30039999947621
ensemble@512,attention+baseline,0,GW250116_015318-v1-H1-qscan,GW250116_015318,0.7061092853546143,1,0.70610929,37.63209999942774
ensemble@512,attention+baseline,0,GW250116_015318-v1-L1-qscan,GW250116_015318,0.0,0,,36.6438000000926
ensemble@512,attention+baseline,0,GW250116_015318-v1-V1-qscan,GW250116_015318,0.0,0,,38.93179999977292
ensemble@512,attention+baseline,0,GW250116_051426-v1-H1-qscan,GW250116_051426,0.0,0,,35.736699999688426
ensemble@512,attention+baseline,0,GW250116_051426-v1-L1-qscan,GW250116_051426,0.0,0,,40.613100000882696
ensemble@512,attention+baseline,0,GW250118_023225-v1-H1-qscan,GW250118_023225,0.41467219591140747,1,0.41467220,43.76680000041233
ensemble@512,attention+baseline,0,GW250118_023225-v1-L1-qscan,GW250118_023225,0.4864571988582611,1,0.48645720,39.17199999978038
ensemble@512,attention+baseline,0,GW250118_023225-v1-V1-qscan,GW250118_023225,0.0,0,,38.93199999947683
ensemble@512,attention+baseline,0,GW250118_055802-v1-H1-qscan,GW250118_055802,0.5206036567687988,1,0.52060366,41.57110000051034
ensemble@512,attention+baseline,0,GW250118_055802-v1-L1-qscan,GW250118_055802,0.018247071653604507,1,0.01824707,38.08089999984077
ensemble@512,attention+baseline,0,GW250118_055802-v1-V1-qscan,GW250118_055802,0.0,0,,42.580199999974866
ensemble@512,attention+baseline,0,GW250118_170523-v1-H1-qscan,GW250118_170523,0.8621302843093872,1,0.86213028,41.79490000024089
ensemble@512,attention+baseline,0,GW250118_170523-v1-L1-qscan,GW250118_170523,0.9641051888465881,1,0.96410519,34.16220000053727
ensemble@512,attention+baseline,0,GW250119_025138-v1-H1-qscan,GW250119_025138,0.8566750288009644,1,0.85667503,35.85240000029444
ensemble@512,attention+baseline,0,GW250119_025138-v1-L1-qscan,GW250119_025138,0.4766205847263336,1,0.47662058,41.36560000006284
ensemble@512,attention+baseline,0,GW250119_025138-v1-V1-qscan,GW250119_025138,0.2506072223186493,1,0.25060722,39.57599999921513
ensemble@512,attention+baseline,0,GW250119_190238-v1-H1-qscan,GW250119_190238,0.7364003658294678,1,0.73640037,40.034100000411854
ensemble@512,attention+baseline,0,GW250119_190238-v1-L1-qscan,GW250119_190238,0.5258694887161255,1,0.52586949,40.68020000067918
ensemble@512,attention+baseline,0,GW250119_190238-v1-V1-qscan,GW250119_190238,0.0,0,,39.575300000251445
ensemble@512,attention+baseline,0,GW250120_042414-v1-H1-qscan,GW250120_042414,0.014877976849675179,1,0.01487798,39.62440000032075
ensemble@512,attention+baseline,0,GW250120_042414-v1-L1-qscan,GW250120_042414,0.0,0,,43.729899999561894
ensemble@512,attention+baseline,0,GW250120_042414-v1-V1-qscan,GW250120_042414,0.0,0,,39.27500000008877
ensemble@640,attention+baseline,0,GW240406_062847-v1-H1-qscan,GW240406_062847,0.0,0,,68.62210000053892
ensemble@640,attention+baseline,0,GW240406_062847-v1-L1-qscan,GW240406_062847,0.0,0,,67.01330000032613
ensemble@640,attention+baseline,0,GW240407_040938-v1-H1-qscan,GW240407_040938,0.39212766289711,1,0.39212766,65.39650000013353
ensemble@640,attention+baseline,0,GW240407_040938-v1-L1-qscan,GW240407_040938,0.0,0,,65.01289999960136
ensemble@640,attention+baseline,0,GW240407_040938-v1-V1-qscan,GW240407_040938,0.05626882612705231,1,0.05626883,65.71050000002288
ensemble@640,attention+baseline,0,GW240407_061416-v1-H1-qscan,GW240407_061416,0.8127669095993042,1,0.81276691,65.02420000015263
ensemble@640,attention+baseline,0,GW240407_061416-v1-L1-qscan,GW240407_061416,0.019449617713689804,1,0.01944962,68.29169999946316
ensemble@640,attention+baseline,0,GW240407_061416-v1-V1-qscan,GW240407_061416,0.0,0,,65.7456999997521
ensemble@640,attention+baseline,0,GW240407_214946-v1-H1-qscan,GW240407_214946,0.0,0,,68.44639999962965
ensemble@640,attention+baseline,0,GW240407_214946-v1-L1-qscan,GW240407_214946,0.0,0,,62.45229999967705
ensemble@640,attention+baseline,0,GW240407_214946-v1-V1-qscan,GW240407_214946,0.0,0,,62.65239999993355
ensemble@640,attention+baseline,0,GW240408_081753-v1-H1-qscan,GW240408_081753,0.0,0,,61.87039999986155
ensemble@640,attention+baseline,0,GW240408_081753-v1-L1-qscan,GW240408_081753,0.0,0,,66.50830000035057
ensemble@640,attention+baseline,0,GW240411_074140-v1-H1-qscan,GW240411_074140,0.022337883710861206,1,0.02233788,65.14939999942726
ensemble@640,attention+baseline,0,GW240411_074140-v1-L1-qscan,GW240411_074140,0.11943181604146957,1,0.11943182,64.53940000028524
ensemble@640,attention+baseline,0,GW240413_022019-v1-H1-qscan,GW240413_022019,0.0,0,,64.4906000006813
ensemble@640,attention+baseline,0,GW240413_022019-v1-L1-qscan,GW240413_022019,0.7700248956680298,1,0.77002490,66.07379999877594
ensemble@640,attention+baseline,0,GW240413_022019-v1-V1-qscan,GW240413_022019,0.0,0,,63.37560000065423
ensemble@640,attention+baseline,0,GW240414_054515-v1-H1-qscan,GW240414_054515,0.4820203483104706,1,0.48202035,62.72019999960321
ensemble@640,attention+baseline,0,GW240414_054515-v1-V1-qscan,GW240414_054515,0.049437180161476135,1,0.04943718,70.96609999916836
ensemble@640,attention+baseline,0,GW240419_041206-v1-H1-qscan,GW240419_041206,0.07479721307754517,1,0.07479721,63.142499999230495
ensemble@640,attention+baseline,0,GW240419_041206-v1-L1-qscan,GW240419_041206,0.011700313538312912,1,0.01170031,64.27290000010544
ensemble@640,attention+baseline,0,GW240419_041206-v1-V1-qscan,GW240419_041206,0.026320796459913254,1,0.02632080,64.69819999983883
ensemble@640,attention+baseline,0,GW240420_175625-v1-H1-qscan,GW240420_175625,0.6201156973838806,1,0.62011570,61.60899999940739
ensemble@640,attention+baseline,0,GW240421_052935-v1-H1-qscan,GW240421_052935,0.24630452692508698,1,0.24630453,61.0659999993004
ensemble@640,attention+baseline,0,GW240421_052935-v1-L1-qscan,GW240421_052935,0.0,0,,61.216699999931734
ensemble@640,attention+baseline,0,GW240421_052935-v1-V1-qscan,GW240421_052935,0.0,0,,64.7964999998294
ensemble@640,attention+baseline,0,GW240426_031451-v1-H1-qscan,GW240426_031451,0.1131533607840538,1,0.11315336,64.27339999936521
ensemble@640,attention+baseline,0,GW240426_031451-v1-L1-qscan,GW240426_031451,0.7827547192573547,1,0.78275472,63.551499999448424
ensemble@640,attention+baseline,0,GW240426_085802-v1-H1-qscan,GW240426_085802,0.3740732967853546,1,0.37407330,63.90889999966021
ensemble@640,attention+baseline,0,GW240426_085802-v1-L1-qscan,GW240426_085802,0.0,0,,65.02290000025823
ensemble@640,attention+baseline,0,GW240426_085802-v1-V1-qscan,GW240426_085802,0.0155880656093359,1,0.01558807,63.38369999957649
ensemble@640,attention+baseline,0,GW240428_225440-v1-H1-qscan,GW240428_225440,0.8856828808784485,1,0.88568288,66.00130000060744
ensemble@640,attention+baseline,0,GW240428_225440-v1-V1-qscan,GW240428_225440,0.0,0,,66.18299999990995
ensemble@640,attention+baseline,0,GW240430_093517-v1-H1-qscan,GW240430_093517,0.0,0,,64.92379999963305
ensemble@640,attention+baseline,0,GW240430_093517-v1-L1-qscan,GW240430_093517,0.5249324440956116,1,0.52493244,63.674700000774465
ensemble@640,attention+baseline,0,GW240501_033534-v1-H1-qscan,GW240501_033534,0.9061710834503174,1,0.90617108,60.94050000046991
ensemble@640,attention+baseline,0,GW240501_033534-v1-L1-qscan,GW240501_033534,0.9134878516197205,1,0.91348785,64.43450000097073
ensemble@640,attention+baseline,0,GW240501_033534-v1-V1-qscan,GW240501_033534,0.0,0,,64.66070000078616
ensemble@640,attention+baseline,0,GW240505_133552-v1-H1-qscan,GW240505_133552,0.7641547322273254,1,0.76415473,64.31680000059714
ensemble@640,attention+baseline,0,GW240505_133552-v1-L1-qscan,GW240505_133552,0.5827630758285522,1,0.58276308,68.03509999917878
ensemble@640,attention+baseline,0,GW240505_133552-v1-V1-qscan,GW240505_133552,0.013921263627707958,1,0.01392126,66.05529999887949
ensemble@640,attention+baseline,0,GW240507_041632-v1-H1-qscan,GW240507_041632,0.27431073784828186,1,0.27431074,62.44639999931678
ensemble@640,attention+baseline,0,GW240507_041632-v1-L1-qscan,GW240507_041632,0.2494572252035141,1,0.24945723,63.32410000050004
ensemble@640,attention+baseline,0,GW240507_041632-v1-V1-qscan,GW240507_041632,0.0,0,,65.01160000061645
ensemble@640,attention+baseline,0,GW240509_102351-v1-H1-qscan,GW240509_102351,0.0,0,,65.0976000006267
ensemble@640,attention+baseline,0,GW240509_102351-v1-L1-qscan,GW240509_102351,0.015584992244839668,1,0.01558499,62.57380000079138
ensemble@640,attention+baseline,0,GW240509_102351-v1-V1-qscan,GW240509_102351,0.0,0,,59.964299999592185
ensemble@640,attention+baseline,0,GW240511_031507-v1-H1-qscan,GW240511_031507,0.7621601223945618,1,0.76216012,64.8642000005566
ensemble@640,attention+baseline,0,GW240511_031507-v1-L1-qscan,GW240511_031507,0.9351291656494141,1,0.93512917,64.97000000035769
ensemble@640,attention+baseline,0,GW240511_031507-v1-V1-qscan,GW240511_031507,0.056188683956861496,1,0.05618868,67.371600000115
ensemble@640,attention+baseline,0,GW240512_024139-v1-H1-qscan,GW240512_024139,0.0,0,,64.93940000018483
ensemble@640,attention+baseline,0,GW240512_024139-v1-L1-qscan,GW240512_024139,0.6499437689781189,1,0.64994377,64.81849999909173
ensemble@640,attention+baseline,0,GW240512_024139-v1-V1-qscan,GW240512_024139,0.0,0,,63.90759999976581
ensemble@640,attention+baseline,0,GW240512_051606-v1-H1-qscan,GW240512_051606,0.09219799190759659,1,0.09219799,66.68189999891183
ensemble@640,attention+baseline,0,GW240512_051606-v1-L1-qscan,GW240512_051606,0.0,0,,64.24690000039845
ensemble@640,attention+baseline,0,GW240512_051606-v1-V1-qscan,GW240512_051606,0.0,0,,62.69650000012916
ensemble@640,attention+baseline,0,GW240513_183302-v1-H1-qscan,GW240513_183302,0.9126325249671936,1,0.91263252,68.88569999955507
ensemble@640,attention+baseline,0,GW240513_183302-v1-L1-qscan,GW240513_183302,0.8948011994361877,1,0.89480120,64.91649999952642
ensemble@640,attention+baseline,0,GW240513_183302-v1-V1-qscan,GW240513_183302,0.0,0,,67.42570000005799
ensemble@640,attention+baseline,0,GW240514_121713-v1-H1-qscan,GW240514_121713,0.8749019503593445,1,0.87490195,63.010200000462646
ensemble@640,attention+baseline,0,GW240514_121713-v1-L1-qscan,GW240514_121713,0.5930172204971313,1,0.59301722,59.388399999988906
ensemble@640,attention+baseline,0,GW240514_121713-v1-V1-qscan,GW240514_121713,0.0,0,,59.30449999959819
ensemble@640,attention+baseline,0,GW240515_005301-v1-H1-qscan,GW240515_005301,0.8699184656143188,1,0.86991847,63.64480000047479
ensemble@640,attention+baseline,0,GW240515_005301-v1-L1-qscan,GW240515_005301,0.7493606209754944,1,0.74936062,68.7446000001728
ensemble@640,attention+baseline,0,GW240515_005301-v1-V1-qscan,GW240515_005301,0.0,0,,65.08690000009665
ensemble@640,attention+baseline,0,GW240516_041939-v1-H1-qscan,GW240516_041939,0.0,0,,68.46599999971659
ensemble@640,attention+baseline,0,GW240516_041939-v1-L1-qscan,GW240516_041939,0.0,0,,63.396199999260716
ensemble@640,attention+baseline,0,GW240516_041939-v1-V1-qscan,GW240516_041939,0.0,0,,64.93780000073457
ensemble@640,attention+baseline,0,GW240519_012815-v1-L1-qscan,GW240519_012815,0.7875955700874329,1,0.78759557,64.36780000058206
ensemble@640,attention+baseline,0,GW240519_012815-v1-V1-qscan,GW240519_012815,0.8655955195426941,1,0.86559552,62.85659999866766
ensemble@640,attention+baseline,0,GW240520_213616-v1-H1-qscan,GW240520_213616,0.31691133975982666,1,0.31691134,59.992000000420376
ensemble@640,attention+baseline,0,GW240520_213616-v1-L1-qscan,GW240520_213616,0.03363749757409096,1,0.03363750,59.43400000069232
ensemble@640,attention+baseline,0,GW240520_213616-v1-V1-qscan,GW240520_213616,0.0,0,,63.77130000055331
ensemble@640,attention+baseline,0,GW240525_031210-v1-H1-qscan,GW240525_031210,0.7807340621948242,1,0.78073406,62.93089999962831
ensemble@640,attention+baseline,0,GW240525_031210-v1-L1-qscan,GW240525_031210,0.7777884602546692,1,0.77778846,66.90439999965747
ensemble@640,attention+baseline,0,GW240525_031210-v1-V1-qscan,GW240525_031210,0.0,0,,64.13729999894713
ensemble@640,attention+baseline,0,GW240525_201644-v1-H1-qscan,GW240525_201644,0.0,0,,64.91559999994934
ensemble@640,attention+baseline,0,GW240525_201644-v1-L1-qscan,GW240525_201644,0.0,0,,63.98399999943649
ensemble@640,attention+baseline,0,GW240525_201644-v1-V1-qscan,GW240525_201644,0.0,0,,63.74800000048708
ensemble@640,attention+baseline,0,GW240526_093944-v1-H1-qscan,GW240526_093944,0.4588833451271057,1,0.45888335,64.72039999971457
ensemble@640,attention+baseline,0,GW240526_093944-v1-L1-qscan,GW240526_093944,0.0,0,,64.09189999976661
ensemble@640,attention+baseline,0,GW240526_093944-v1-V1-qscan,GW240526_093944,0.0,0,,69.36330000007729
ensemble@640,attention+baseline,0,GW240527_150907-v1-H1-qscan,GW240527_150907,0.0,0,,63.84930000058375
ensemble@640,attention+baseline,0,GW240527_150907-v1-L1-qscan,GW240527_150907,0.0,0,,60.4259000001548
ensemble@640,attention+baseline,0,GW240527_150907-v1-V1-qscan,GW240527_150907,0.0,0,,62.12630000027275
ensemble@640,attention+baseline,0,GW240527_183429-v1-H1-qscan,GW240527_183429,0.8461869359016418,1,0.84618694,64.39849999969738
ensemble@640,attention+baseline,0,GW240527_183429-v1-L1-qscan,GW240527_183429,0.10028858482837677,1,0.10028858,66.02019999991171
ensemble@640,attention+baseline,0,GW240527_183429-v1-V1-qscan,GW240527_183429,0.0,0,,66.67769999967277
ensemble@640,attention+baseline,0,GW240527_230910-v1-H1-qscan,GW240527_230910,0.4355759918689728,1,0.43557599,66.21050000012474
ensemble@640,attention+baseline,0,GW240527_230910-v1-L1-qscan,GW240527_230910,0.027935780584812164,1,0.02793578,64.88870000066527
ensemble@640,attention+baseline,0,GW240527_230910-v1-V1-qscan,GW240527_230910,0.08942628651857376,1,0.08942629,67.91900000007445
ensemble@640,attention+baseline,0,GW240530_012417-v1-H1-qscan,GW240530_012417,0.044558096677064896,1,0.04455810,63.30950000028679
ensemble@640,attention+baseline,0,GW240530_012417-v1-L1-qscan,GW240530_012417,0.8629174828529358,1,0.86291748,68.12630000058562
ensemble@640,attention+baseline,0,GW240530_012417-v1-V1-qscan,GW240530_012417,0.0,0,,63.46610000127839
ensemble@640,attention+baseline,0,GW240531_040326-v1-H1-qscan,GW240531_040326,0.6792890429496765,1,0.67928904,64.42169999900216
ensemble@640,attention+baseline,0,GW240531_040326-v1-L1-qscan,GW240531_040326,0.0,0,,62.087899999824
ensemble@640,attention+baseline,0,GW240531_040326-v1-V1-qscan,GW240531_040326,0.0,0,,60.87449999995442
ensemble@640,attention+baseline,0,GW240531_075248-v1-H1-qscan,GW240531_075248,0.0,0,,61.058900000716676
ensemble@640,attention+baseline,0,GW240531_075248-v1-L1-qscan,GW240531_075248,0.9372535943984985,1,0.93725359,60.29860000035114
ensemble@640,attention+baseline,0,GW240531_075248-v1-V1-qscan,GW240531_075248,0.026680799201130867,1,0.02668080,68.93540000055509
ensemble@640,attention+baseline,0,GW240601_061200-v1-H1-qscan,GW240601_061200,0.047346923500299454,1,0.04734692,65.35540000004403
ensemble@640,attention+baseline,0,GW240601_061200-v1-L1-qscan,GW240601_061200,0.291311115026474,1,0.29131112,69.42489999983081
ensemble@640,attention+baseline,0,GW240601_061200-v1-V1-qscan,GW240601_061200,0.0,0,,64.16929999977583
ensemble@640,attention+baseline,0,GW240601_231004-v1-H1-qscan,GW240601_231004,0.0,0,,69.8750999999902
ensemble@640,attention+baseline,0,GW240601_231004-v1-L1-qscan,GW240601_231004,0.0,0,,62.82300000111718
ensemble@640,attention+baseline,0,GW240601_231004-v1-V1-qscan,GW240601_231004,0.02938941866159439,1,0.02938942,65.22509999922477
ensemble@640,attention+baseline,0,GW240611_214835-v1-L1-qscan,GW240611_214835,0.2880634367465973,1,0.28806344,66.11330000032467
ensemble@640,attention+baseline,0,GW240611_214835-v1-V1-qscan,GW240611_214835,0.0,0,,66.59880000006524
ensemble@640,attention+baseline,0,GW240612_081540-v1-H1-qscan,GW240612_081540,0.6718988418579102,1,0.67189884,61.05810000008205
ensemble@640,attention+baseline,0,GW240612_081540-v1-L1-qscan,GW240612_081540,0.04903101921081543,1,0.04903102,61.41930000012508
ensemble@640,attention+baseline,0,GW240612_081540-v1-V1-qscan,GW240612_081540,0.0,0,,60.28119999973569
ensemble@640,attention+baseline,0,GW240613_011503-v1-H1-qscan,GW240613_011503,0.0,0,,65.5828000008114
ensemble@640,attention+baseline,0,GW240613_011503-v1-L1-qscan,GW240613_011503,0.0712556317448616,1,0.07125563,63.85919999956968
ensemble@640,attention+baseline,0,GW240613_011503-v1-V1-qscan,GW240613_011503,0.0,0,,64.45070000154374
ensemble@640,attention+baseline,0,GW240615_113620-v1-H1-qscan,GW240615_113620,0.9214239716529846,1,0.92142397,70.41010000011738
ensemble@640,attention+baseline,0,GW240615_113620-v1-L1-qscan,GW240615_113620,0.9290520548820496,1,0.92905205,65.39990000055695
ensemble@640,attention+baseline,0,GW240615_113620-v1-V1-qscan,GW240615_113620,0.03768473491072655,1,0.03768473,65.77910000032716
ensemble@640,attention+baseline,0,GW240615_160735-v1-H1-qscan,GW240615_160735,0.8828011751174927,1,0.88280118,65.17449999955716
ensemble@640,attention+baseline,0,GW240615_160735-v1-L1-qscan,GW240615_160735,0.2857967019081116,1,0.28579670,68.04040000042733
ensemble@640,attention+baseline,0,GW240615_160735-v1-V1-qscan,GW240615_160735,0.0,0,,64.31830000019545
ensemble@640,attention+baseline,0,GW240618_071627-v1-H1-qscan,GW240618_071627,0.5305671095848083,1,0.53056711,62.47720000010304
ensemble@640,attention+baseline,0,GW240618_071627-v1-L1-qscan,GW240618_071627,0.6104780435562134,1,0.61047804,61.29590000000462
ensemble@640,attention+baseline,0,GW240619_044535-v1-H1-qscan,GW240619_044535,0.01596108451485634,1,0.01596108,63.4210999996867
ensemble@640,attention+baseline,0,GW240619_044535-v1-L1-qscan,GW240619_044535,0.0,0,,66.67839999954595
ensemble@640,attention+baseline,0,GW240619_044535-v1-V1-qscan,GW240619_044535,0.0,0,,66.16590000066935
ensemble@640,attention+baseline,0,GW240619_212357-v1-H1-qscan,GW240619_212357,0.881754994392395,1,0.88175499,65.70900000042457
ensemble@640,attention+baseline,0,GW240619_212357-v1-L1-qscan,GW240619_212357,0.0,0,,69.5041000008132
ensemble@640,attention+baseline,0,GW240619_212357-v1-V1-qscan,GW240619_212357,0.012931820005178452,1,0.01293182,64.16359999911947
ensemble@640,attention+baseline,0,GW240620_094631-v1-H1-qscan,GW240620_094631,0.0,0,,70.12529999974504
ensemble@640,attention+baseline,0,GW240620_094631-v1-L1-qscan,GW240620_094631,0.0,0,,63.75079999997979
ensemble@640,attention+baseline,0,GW240620_094631-v1-V1-qscan,GW240620_094631,0.0,0,,67.88769999911892
ensemble@640,attention+baseline,0,GW240621_103457-v1-H1-qscan,GW240621_103457,0.07168912887573242,1,0.07168913,60.799300000326184
ensemble@640,attention+baseline,0,GW240621_103457-v1-L1-qscan,GW240621_103457,0.03714611381292343,1,0.03714611,59.87450000066019
ensemble@640,attention+baseline,0,GW240621_103457-v1-V1-qscan,GW240621_103457,0.01659679040312767,1,0.01659679,60.57909999981348
ensemble@640,attention+baseline,0,GW240621_195059-v1-H1-qscan,GW240621_195059,0.9392355680465698,1,0.93923557,64.78830000014568
ensemble@640,attention+baseline,0,GW240621_195059-v1-L1-qscan,GW240621_195059,0.8564283847808838,1,0.85642838,63.788100000238046
ensemble@640,attention+baseline,0,GW240621_195059-v1-V1-qscan,GW240621_195059,0.1767810732126236,1,0.17678107,65.29030000001512
ensemble@640,attention+baseline,0,GW240621_200935-v1-H1-qscan,GW240621_200935,0.3022828698158264,1,0.30228287,65.64539999908447
ensemble@640,attention+baseline,0,GW240621_200935-v1-L1-qscan,GW240621_200935,0.32195237278938293,1,0.32195237,63.275700000303914
ensemble@640,attention+baseline,0,GW240621_200935-v1-V1-qscan,GW240621_200935,0.017253946512937546,1,0.01725395,69.12069999998494
ensemble@640,attention+baseline,0,GW240621_214041-v1-H1-qscan,GW240621_214041,0.367360919713974,1,0.36736092,63.71850000050472
ensemble@640,attention+baseline,0,GW240621_214041-v1-L1-qscan,GW240621_214041,0.7927765250205994,1,0.79277653,68.02289999995992
ensemble@640,attention+baseline,0,GW240621_214041-v1-V1-qscan,GW240621_214041,0.0,0,,64.27159999930154
ensemble@640,attention+baseline,0,GW240622_004008-v1-H1-qscan,GW240622_004008,0.12882056832313538,1,0.12882057,68.85590000001685
ensemble@640,attention+baseline,0,GW240622_004008-v1-L1-qscan,GW240622_004008,0.9398146271705627,1,0.93981463,62.56480000047304
ensemble@640,attention+baseline,0,GW240622_004008-v1-V1-qscan,GW240622_004008,0.0,0,,64.67040000006818
ensemble@640,attention+baseline,0,GW240625_073331-v1-H1-qscan,GW240625_073331,0.0961630791425705,1,0.09616308,60.12580000060552
ensemble@640,attention+baseline,0,GW240625_073331-v1-L1-qscan,GW240625_073331,0.0,0,,69.88040000032925
ensemble@640,attention+baseline,0,GW240627_131622-v1-H1-qscan,GW240627_131622,0.5336348414421082,1,0.53363484,65.00359999972716
ensemble@640,attention+baseline,0,GW240627_131622-v1-L1-qscan,GW240627_131622,0.0169444028288126,1,0.01694440,69.45470000027854
ensemble@640,attention+baseline,0,GW240627_131622-v1-V1-qscan,GW240627_131622,0.04239095374941826,1,0.04239095,64.46020000021235
ensemble@640,attention+baseline,0,GW240629_145256-v1-H1-qscan,GW240629_145256,0.2822771370410919,1,0.28227714,63.56080000023212
ensemble@640,attention+baseline,0,GW240629_145256-v1-L1-qscan,GW240629_145256,0.6267463564872742,1,0.62674636,64.64190000042436
ensemble@640,attention+baseline,0,GW240629_145256-v1-V1-qscan,GW240629_145256,0.020760297775268555,1,0.02076030,67.24499999927502
ensemble@640,attention+baseline,0,GW240630_101703-v1-H1-qscan,GW240630_101703,0.520762026309967,1,0.52076203,63.16009999954986
ensemble@640,attention+baseline,0,GW240630_101703-v1-V1-qscan,GW240630_101703,0.0,0,,64.31189999966591
ensemble@640,attention+baseline,0,GW240630_115348-v1-H1-qscan,GW240630_115348,0.823343813419342,1,0.82334381,68.30319999971834
ensemble@640,attention+baseline,0,GW240630_115348-v1-L1-qscan,GW240630_115348,0.3807757794857025,1,0.38077578,64.69500000002881
ensemble@640,attention+baseline,0,GW240630_115348-v1-V1-qscan,GW240630_115348,0.10125690698623657,1,0.10125691,66.68010000066715
ensemble@640,attention+baseline,0,GW240630_212937-v1-H1-qscan,GW240630_212937,0.02936139889061451,1,0.02936140,60.92480000006617
ensemble@640,attention+baseline,0,GW240630_212937-v1-L1-qscan,GW240630_212937,0.0,0,,63.14000000111264
ensemble@640,attention+baseline,0,GW240630_212937-v1-V1-qscan,GW240630_212937,0.0,0,,64.61469999976543
ensemble@640,attention+baseline,0,GW240701_011640-v1-H1-qscan,GW240701_011640,0.14340874552726746,1,0.14340875,64.6839999999429
ensemble@640,attention+baseline,0,GW240701_011640-v1-L1-qscan,GW240701_011640,0.0,0,,64.11190000108036
ensemble@640,attention+baseline,0,GW240701_011640-v1-V1-qscan,GW240701_011640,0.0,0,,63.10559999928955
ensemble@640,attention+baseline,0,GW240701_013826-v1-H1-qscan,GW240701_013826,0.0,0,,67.81279999995604
ensemble@640,attention+baseline,0,GW240701_013826-v1-L1-qscan,GW240701_013826,0.0,0,,65.97030000011728
ensemble@640,attention+baseline,0,GW240701_013826-v1-V1-qscan,GW240701_013826,0.1717899739742279,1,0.17178997,63.454499999352265
ensemble@640,attention+baseline,0,GW240701_203807-v1-H1-qscan,GW240701_203807,0.0,0,,61.86539999998786
ensemble@640,attention+baseline,0,GW240701_203807-v1-L1-qscan,GW240701_203807,0.0,0,,60.9599999997954
ensemble@640,attention+baseline,0,GW240701_203807-v1-V1-qscan,GW240701_203807,0.0,0,,60.721599999851605
ensemble@640,attention+baseline,0,GW240703_191355-v1-L1-qscan,GW240703_191355,0.5657264590263367,1,0.56572646,64.90000000030705
ensemble@640,attention+baseline,0,GW240703_191355-v1-V1-qscan,GW240703_191355,0.015862084925174713,1,0.01586208,68.87670000014623
ensemble@640,attention+baseline,0,GW240705_053215-v1-H1-qscan,GW240705_053215,0.9569945931434631,1,0.95699459,63.19280000025174
ensemble@640,attention+baseline,0,GW240705_053215-v1-L1-qscan,GW240705_053215,0.7374071478843689,1,0.73740715,64.43599999965954
ensemble@640,attention+baseline,0,GW240705_053215-v1-V1-qscan,GW240705_053215,0.0,0,,63.88909999986936
ensemble@640,attention+baseline,0,GW240716_034900-v1-L1-qscan,GW240716_034900,0.9398602247238159,1,0.93986022,64.41850000010163
ensemble@640,attention+baseline,0,GW240716_034900-v1-V1-qscan,GW240716_034900,0.0,0,,64.95759999961592
ensemble@640,attention+baseline,0,GW240806_043539-v1-L1-qscan,GW240806_043539,0.0,0,,65.21820000034495
ensemble@640,attention+baseline,0,GW240806_043539-v1-V1-qscan,GW240806_043539,0.0,0,,69.33409999965079
ensemble@640,attention+baseline,0,GW240807_214559-v1-L1-qscan,GW240807_214559,0.0,0,,64.62409999949159
ensemble@640,attention+baseline,0,GW240807_214559-v1-V1-qscan,GW240807_214559,0.0,0,,70.47619999957533
ensemble@640,attention+baseline,0,GW240813_034548-v1-L1-qscan,GW240813_034548,0.0,0,,61.01000000035128
ensemble@640,attention+baseline,0,GW240813_034548-v1-V1-qscan,GW240813_034548,0.019519733265042305,1,0.01951973,62.61549999999261
ensemble@640,attention+baseline,0,GW240814_145043-v1-L1-qscan,GW240814_145043,0.025174465030431747,1,0.02517447,64.05439999980445
ensemble@640,attention+baseline,0,GW240814_145043-v1-V1-qscan,GW240814_145043,0.0,0,,64.68730000051437
ensemble@640,attention+baseline,0,GW240824_205609-v1-H1-qscan,GW240824_205609,0.7472952008247375,1,0.74729520,66.50059999992664
ensemble@640,attention+baseline,0,GW240824_205609-v1-L1-qscan,GW240824_205609,0.04250771179795265,1,0.04250771,66.38469999961671
ensemble@640,attention+baseline,0,GW240824_205609-v1-V1-qscan,GW240824_205609,0.6913691759109497,1,0.69136918,67.31270000000222
ensemble@640,attention+baseline,0,GW240825_055146-v1-H1-qscan,GW240825_055146,0.28058645129203796,1,0.28058645,64.99090000033902
ensemble@640,attention+baseline,0,GW240825_055146-v1-L1-qscan,GW240825_055146,0.3274361789226532,1,0.32743618,66.70829999984562
ensemble@640,attention+baseline,0,GW240825_055146-v1-V1-qscan,GW240825_055146,0.0,0,,62.71149999975023
ensemble@640,attention+baseline,0,GW240828_102340-v1-H1-qscan,GW240828_102340,0.11321284621953964,1,0.11321285,67.76090000039403
ensemble@640,attention+baseline,0,GW240828_102340-v1-L1-qscan,GW240828_102340,0.10023567080497742,1,0.10023567,64.52459999945859
ensemble@640,attention+baseline,0,GW240828_102340-v1-V1-qscan,GW240828_102340,0.0,0,,67.7071000009164
ensemble@640,attention+baseline,0,GW240830_211120-v1-H1-qscan,GW240830_211120,0.01288046408444643,1,0.01288046,59.785399999782385
ensemble@640,attention+baseline,0,GW240830_211120-v1-L1-qscan,GW240830_211120,0.44754987955093384,1,0.44754988,60.73919999926147
ensemble@640,attention+baseline,0,GW240830_211120-v1-V1-qscan,GW240830_211120,0.0,0,,64.83509999998205
ensemble@640,attention+baseline,0,GW240901_195332-v1-H1-qscan,GW240901_195332,0.0,0,,65.31719999929919
ensemble@640,attention+baseline,0,GW240901_195332-v1-L1-qscan,GW240901_195332,0.0,0,,64.69120000019757
ensemble@640,attention+baseline,0,GW240901_195332-v1-V1-qscan,GW240901_195332,0.0,0,,64.9676000002728
ensemble@640,attention+baseline,0,GW240902_143306-v1-H1-qscan,GW240902_143306,0.7282637357711792,1,0.72826374,68.57930000023771
ensemble@640,attention+baseline,0,GW240902_143306-v1-L1-qscan,GW240902_143306,0.037824373692274094,1,0.03782437,66.03229999927862
ensemble@640,attention+baseline,0,GW240902_143306-v1-V1-qscan,GW240902_143306,0.1255774050951004,1,0.12557741,68.34770000023127
ensemble@640,attention+baseline,0,GW240907_092521-v1-H1-qscan,GW240907_092521,0.15650765597820282,1,0.15650766,64.20630000047822
ensemble@640,attention+baseline,0,GW240907_092521-v1-L1-qscan,GW240907_092521,0.0,0,,64.6230000002106
ensemble@640,attention+baseline,0,GW240907_092521-v1-V1-qscan,GW240907_092521,0.0,0,,60.99250000079337
ensemble@640,attention+baseline,0,GW240907_121650-v1-H1-qscan,GW240907_121650,0.04365432634949684,1,0.04365433,59.86959999972896
ensemble@640,attention+baseline,0,GW240907_121650-v1-L1-qscan,GW240907_121650,0.0,0,,63.78750000021682
ensemble@640,attention+baseline,0,GW240907_121650-v1-V1-qscan,GW240907_121650,0.2566671073436737,1,0.25666711,64.07630000012432
ensemble@640,attention+baseline,0,GW240907_153833-v1-H1-qscan,GW240907_153833,0.7710365653038025,1,0.77103657,70.3284999999596
ensemble@640,attention+baseline,0,GW240907_153833-v1-L1-qscan,GW240907_153833,0.7798861861228943,1,0.77988619,64.40569999904255
ensemble@640,attention+baseline,0,GW240907_153833-v1-V1-qscan,GW240907_153833,0.38717302680015564,1,0.38717303,69.11439999930735
ensemble@640,attention+baseline,0,GW240908_082628-v1-H1-qscan,GW240908_082628,0.13746273517608643,1,0.13746274,64.87199999992299
ensemble@640,attention+baseline,0,GW240908_082628-v1-L1-qscan,GW240908_082628,0.7576088905334473,1,0.75760889,68.13509999938105
ensemble@640,attention+baseline,0,GW240908_082628-v1-V1-qscan,GW240908_082628,0.03448506444692612,1,0.03448506,63.711099999636644
ensemble@640,attention+baseline,0,GW240908_125134-v1-H1-qscan,GW240908_125134,0.3547031581401825,1,0.35470316,68.25489999937417
ensemble@640,attention+baseline,0,GW240908_125134-v1-L1-qscan,GW240908_125134,0.060962241142988205,1,0.06096224,63.59959999917919
ensemble@640,attention+baseline,0,GW240908_125134-v1-V1-qscan,GW240908_125134,0.0,0,,63.48289999914414
ensemble@640,attention+baseline,0,GW240908_174149-v1-H1-qscan,GW240908_174149,0.20548446476459503,1,0.20548446,62.00669999998354
ensemble@640,attention+baseline,0,GW240908_174149-v1-L1-qscan,GW240908_174149,0.0,0,,61.72179999884975
ensemble@640,attention+baseline,0,GW240908_174149-v1-V1-qscan,GW240908_174149,0.0,0,,61.36580000020331
ensemble@640,attention+baseline,0,GW240910_103535-v1-H1-qscan,GW240910_103535,0.7794334292411804,1,0.77943343,65.56510000064009
ensemble@640,attention+baseline,0,GW240910_103535-v1-L1-qscan,GW240910_103535,0.20432500541210175,1,0.20432501,71.75780000034138
ensemble@640,attention+baseline,0,GW240913_111216-v1-H1-qscan,GW240913_111216,0.027965763583779335,1,0.02796576,65.24900000022171
ensemble@640,attention+baseline,0,GW240913_111216-v1-L1-qscan,GW240913_111216,0.0,0,,69.5741999998063
ensemble@640,attention+baseline,0,GW240913_111216-v1-V1-qscan,GW240913_111216,0.0,0,,65.3662999993685
ensemble@640,attention+baseline,0,GW240915_001357-v1-H1-qscan,GW240915_001357,0.10554391145706177,1,0.10554391,65.45720000030997
ensemble@640,attention+baseline,0,GW240915_001357-v1-L1-qscan,GW240915_001357,0.9414931535720825,1,0.94149315,62.693700000636454
ensemble@640,attention+baseline,0,GW240915_001357-v1-V1-qscan,GW240915_001357,0.0,0,,63.73569999868778
ensemble@640,attention+baseline,0,GW240915_045510-v1-H1-qscan,GW240915_045510,0.43714091181755066,1,0.43714091,62.56070000017644
ensemble@640,attention+baseline,0,GW240915_045510-v1-L1-qscan,GW240915_045510,0.0,0,,69.67410000015661
ensemble@640,attention+baseline,0,GW240915_045510-v1-V1-qscan,GW240915_045510,0.8561524152755737,1,0.85615242,60.919900000044436
ensemble@640,attention+baseline,0,GW240915_105151-v1-H1-qscan,GW240915_105151,0.3027869462966919,1,0.30278695,60.50279999999475
ensemble@640,attention+baseline,0,GW240915_105151-v1-V1-qscan,GW240915_105151,0.022916976362466812,1,0.02291698,67.35910000043077
ensemble@640,attention+baseline,0,GW240916_184352-v1-H1-qscan,GW240916_184352,0.0,0,,66.1296999996921
ensemble@640,attention+baseline,0,GW240916_184352-v1-L1-qscan,GW240916_184352,0.0,0,,69.38029999946593
ensemble@640,attention+baseline,0,GW240916_184352-v1-V1-qscan,GW240916_184352,0.1491067111492157,1,0.14910671,65.71220000023459
ensemble@640,attention+baseline,0,GW240917_130237-v1-H1-qscan,GW240917_130237,0.0,0,,67.53949999983888
ensemble@640,attention+baseline,0,GW240917_130237-v1-L1-qscan,GW240917_130237,0.0,0,,63.74830000095244
ensemble@640,attention+baseline,0,GW240919_061559-v1-H1-qscan,GW240919_061559,0.9160135984420776,1,0.91601360,67.91460000022198
ensemble@640,attention+baseline,0,GW240919_061559-v1-L1-qscan,GW240919_061559,0.9291929602622986,1,0.92919296,63.103599999521975
ensemble@640,attention+baseline,0,GW240919_061559-v1-V1-qscan,GW240919_061559,0.62581467628479,1,0.62581468,63.94060000002355
ensemble@640,attention+baseline,0,GW240919_215453-v1-H1-qscan,GW240919_215453,0.0,0,,59.665799999493174
ensemble@640,attention+baseline,0,GW240919_215453-v1-L1-qscan,GW240919_215453,0.7965012192726135,1,0.79650122,59.9502000004577
ensemble@640,attention+baseline,0,GW240919_215453-v1-V1-qscan,GW240919_215453,0.013643153943121433,1,0.01364315,60.7968999993318
ensemble@640,attention+baseline,0,GW240920_073424-v1-H1-qscan,GW240920_073424,0.8735154271125793,1,0.87351543,64.3316000005143
ensemble@640,attention+baseline,0,GW240920_073424-v1-L1-qscan,GW240920_073424,0.6621671915054321,1,0.66216719,69.21299999976327
ensemble@640,attention+baseline,0,GW240920_073424-v1-V1-qscan,GW240920_073424,0.4434000849723816,1,0.44340008,63.936200000171084
ensemble@640,attention+baseline,0,GW240920_124024-v1-H1-qscan,GW240920_124024,0.9537262320518494,1,0.95372623,69.1170999998576
ensemble@640,attention+baseline,0,GW240920_124024-v1-L1-qscan,GW240920_124024,0.8882904052734375,1,0.88829041,63.334999999824504
ensemble@640,attention+baseline,0,GW240921_201835-v1-L1-qscan,GW240921_201835,0.7875798940658569,1,0.78757989,69.19230000039533
ensemble@640,attention+baseline,0,GW240921_201835-v1-V1-qscan,GW240921_201835,0.0,0,,64.64599999981147
ensemble@640,attention+baseline,0,GW240922_142106-v1-H1-qscan,GW240922_142106,0.36173215508461,1,0.36173216,70.59819999994943
ensemble@640,attention+baseline,0,GW240922_142106-v1-L1-qscan,GW240922_142106,0.24512365460395813,1,0.24512365,64.31030000021565
ensemble@640,attention+baseline,0,GW240922_142106-v1-V1-qscan,GW240922_142106,0.0,0,,69.39869999951043
ensemble@640,attention+baseline,0,GW240923_000715-v1-H1-qscan,GW240923_000715,0.0,0,,66.27630000093632
ensemble@640,attention+baseline,0,GW240923_000715-v1-L1-qscan,GW240923_000715,0.0,0,,67.07650000043941
ensemble@640,attention+baseline,0,GW240923_000715-v1-V1-qscan,GW240923_000715,0.012956462800502777,1,0.01295646,64.00900000062393
ensemble@640,attention+baseline,0,GW240923_110846-v1-H1-qscan,GW240923_110846,0.8802185654640198,1,0.88021857,66.53660000029049
ensemble@640,attention+baseline,0,GW240923_204006-v1-H1-qscan,GW240923_204006,0.2536522448062897,1,0.25365224,64.48029999864957
ensemble@640,attention+baseline,0,GW240923_204006-v1-L1-qscan,GW240923_204006,0.792128324508667,1,0.79212832,65.14679999872897
ensemble@640,attention+baseline,0,GW240924_000316-v1-H1-qscan,GW240924_000316,0.8779637217521667,1,0.87796372,66.21860000086599
ensemble@640,attention+baseline,0,GW240924_000316-v1-L1-qscan,GW240924_000316,0.08662168681621552,1,0.08662169,65.47829999999522
ensemble@640,attention+baseline,0,GW240924_000316-v1-V1-qscan,GW240924_000316,0.0,0,,64.94719999955123
ensemble@640,attention+baseline,0,GW240925_000956-v1-H1-qscan,GW240925_000956,0.0,0,,63.776400000278954
ensemble@640,attention+baseline,0,GW240925_000956-v1-L1-qscan,GW240925_000956,0.0,0,,64.49639999937062
ensemble@640,attention+baseline,0,GW240925_000956-v1-V1-qscan,GW240925_000956,0.03264046087861061,1,0.03264046,63.269400000535825
ensemble@640,attention+baseline,0,GW240925_005809-v2-H1-qscan,GW240925_005809,0.8609493374824524,1,0.86094934,67.41999999940163
ensemble@640,attention+baseline,0,GW240925_005809-v2-L1-qscan,GW240925_005809,0.8299035429954529,1,0.82990354,63.364800000272226
ensemble@640,attention+baseline,0,GW240925_005809-v2-V1-qscan,GW240925_005809,0.0,0,,63.189800000145624
ensemble@640,attention+baseline,0,GW240930_035959-v1-H1-qscan,GW240930_035959,0.586155891418457,1,0.58615589,64.20729999990726
ensemble@640,attention+baseline,0,GW240930_035959-v1-L1-qscan,GW240930_035959,0.27374452352523804,1,0.27374452,63.11930000083521
ensemble@640,attention+baseline,0,GW240930_035959-v1-V1-qscan,GW240930_035959,0.0,0,,69.25090000095224
ensemble@640,attention+baseline,0,GW240930_123408-v1-H1-qscan,GW240930_123408,0.6441701650619507,1,0.64417017,64.02410000009695
ensemble@640,attention+baseline,0,GW240930_123408-v1-L1-qscan,GW240930_123408,0.0,0,,65.430099999503
ensemble@640,attention+baseline,0,GW240930_123408-v1-V1-qscan,GW240930_123408,0.0,0,,61.275799999748415
ensemble@640,attention+baseline,0,GW240930_234614-v1-H1-qscan,GW240930_234614,0.0,0,,61.02149999969697
ensemble@640,attention+baseline,0,GW240930_234614-v1-L1-qscan,GW240930_234614,0.32919424772262573,1,0.32919425,65.00030000006518
ensemble@640,attention+baseline,0,GW240930_234614-v1-V1-qscan,GW240930_234614,0.0,0,,66.56640000073821
ensemble@640,attention+baseline,0,GW241002_030559-v1-L1-qscan,GW241002_030559,0.7725249528884888,1,0.77252495,65.5306999997265
ensemble@640,attention+baseline,0,GW241002_030559-v1-V1-qscan,GW241002_030559,0.036949463188648224,1,0.03694946,64.37949999963166
ensemble@640,attention+baseline,0,GW241006_015333-v1-H1-qscan,GW241006_015333,0.8624286651611328,1,0.86242867,69.76870000016788
ensemble@640,attention+baseline,0,GW241006_015333-v1-L1-qscan,GW241006_015333,0.8912777304649353,1,0.89127773,64.66619999901013
ensemble@640,attention+baseline,0,GW241006_015333-v1-V1-qscan,GW241006_015333,0.11070068180561066,1,0.11070068,68.92450000032113
ensemble@640,attention+baseline,0,GW241007_082943-v1-H1-qscan,GW241007_082943,0.9155174493789673,1,0.91551745,64.20630000047822
ensemble@640,attention+baseline,0,GW241007_082943-v1-L1-qscan,GW241007_082943,0.0187264084815979,1,0.01872641,69.8168999997506
ensemble@640,attention+baseline,0,GW241007_082943-v1-V1-qscan,GW241007_082943,0.0,0,,63.37280000025203
ensemble@640,attention+baseline,0,GW241009_022835-v1-H1-qscan,GW241009_022835,0.0,0,,68.01569999970525
ensemble@640,attention+baseline,0,GW241009_022835-v1-L1-qscan,GW241009_022835,0.038265813142061234,1,0.03826581,60.83619999935763
ensemble@640,attention+baseline,0,GW241009_022835-v1-V1-qscan,GW241009_022835,0.0,0,,59.587800000372226
ensemble@640,attention+baseline,0,GW241009_084816-v1-H1-qscan,GW241009_084816,0.48386329412460327,1,0.48386329,60.08980000024167
ensemble@640,attention+baseline,0,GW241009_084816-v1-L1-qscan,GW241009_084816,0.3171275556087494,1,0.31712756,64.26869999995688
ensemble@640,attention+baseline,0,GW241009_084816-v1-V1-qscan,GW241009_084816,0.0,0,,69.38459999946645
ensemble@640,attention+baseline,0,GW241009_220455-v1-H1-qscan,GW241009_220455,0.4242144227027893,1,0.42421442,64.06989999959478
ensemble@640,attention+baseline,0,GW241009_220455-v1-L1-qscan,GW241009_220455,0.022766167297959328,1,0.02276617,69.19430000016291
ensemble@640,attention+baseline,0,GW241009_220455-v1-V1-qscan,GW241009_220455,0.9041160345077515,1,0.90411603,64.41429999904358
ensemble@640,attention+baseline,0,GW241011_233834-v2-H1-qscan,GW241011_233834,0.9580327868461609,1,0.95803279,68.72519999978977
ensemble@640,attention+baseline,0,GW241011_233834-v2-V1-qscan,GW241011_233834,0.32694441080093384,1,0.32694441,64.55050000022311
ensemble@640,attention+baseline,0,GW241018_235402-v1-H1-qscan,GW241018_235402,0.43713489174842834,1,0.43713489,68.52550000076008
ensemble@640,attention+baseline,0,GW241018_235402-v1-V1-qscan,GW241018_235402,0.0,0,,61.49999999979627
ensemble@640,attention+baseline,0,GW241101_034726-v1-H1-qscan,GW241101_034726,0.0,0,,64.33349999952043
ensemble@640,attention+baseline,0,GW241101_034726-v1-L1-qscan,GW241101_034726,0.03878375515341759,1,0.03878376,61.82200000057492
ensemble@640,attention+baseline,0,GW241101_034726-v1-V1-qscan,GW241101_034726,0.029456939548254013,1,0.02945694,67.23070000043663
ensemble@640,attention+baseline,0,GW241101_220523-v1-L1-qscan,GW241101_220523,0.8529842495918274,1,0.85298425,63.46829999984038
ensemble@640,attention+baseline,0,GW241101_220523-v1-V1-qscan,GW241101_220523,0.0,0,,66.45579999985785
ensemble@640,attention+baseline,0,GW241102_124058-v1-H1-qscan,GW241102_124058,0.55235755443573,1,0.55235755,62.67850000040198
ensemble@640,attention+baseline,0,GW241102_124058-v1-L1-qscan,GW241102_124058,0.6925306916236877,1,0.69253069,64.32729999960429
ensemble@640,attention+baseline,0,GW241102_124058-v1-V1-qscan,GW241102_124058,0.013450021855533123,1,0.01345002,61.74970000029134
ensemble@640,attention+baseline,0,GW241102_144729-v1-H1-qscan,GW241102_144729,0.8579868078231812,1,0.85798681,65.54649999998219
ensemble@640,attention+baseline,0,GW241102_144729-v1-L1-qscan,GW241102_144729,0.9327471256256104,1,0.93274713,65.67809999978635
ensemble@640,attention+baseline,0,GW241102_144729-v1-V1-qscan,GW241102_144729,0.0,0,,61.4491000005728
ensemble@640,attention+baseline,0,GW241106_110932-v1-H1-qscan,GW241106_110932,0.1382223665714264,1,0.13822237,64.61870000021008
ensemble@640,attention+baseline,0,GW241106_110932-v1-L1-qscan,GW241106_110932,0.0,0,,64.58310000016354
ensemble@640,attention+baseline,0,GW241106_110932-v1-V1-qscan,GW241106_110932,0.0,0,,66.09080000089307
ensemble@640,attention+baseline,0,GW241109_005349-v1-H1-qscan,GW241109_005349,0.0,0,,72.13569999930769
ensemble@640,attention+baseline,0,GW241109_005349-v1-L1-qscan,GW241109_005349,0.0,0,,68.14909999957308
ensemble@640,attention+baseline,0,GW241109_033317-v1-L1-qscan,GW241109_033317,0.41639426350593567,1,0.41639426,68.71620000038092
ensemble@640,attention+baseline,0,GW241109_033317-v1-V1-qscan,GW241109_033317,0.02921067364513874,1,0.02921067,67.15950000034354
ensemble@640,attention+baseline,0,GW241109_115924-v1-H1-qscan,GW241109_115924,0.7478237748146057,1,0.74782377,65.85449999965931
ensemble@640,attention+baseline,0,GW241109_115924-v1-V1-qscan,GW241109_115924,0.0,0,,66.33079999937763
ensemble@640,attention+baseline,0,GW241110_124123-v2-H1-qscan,GW241110_124123,0.5248908996582031,1,0.52489090,65.96239999998943
ensemble@640,attention+baseline,0,GW241110_124123-v2-L1-qscan,GW241110_124123,0.1142907366156578,1,0.11429074,67.11800000084622
ensemble@640,attention+baseline,0,GW241110_124123-v2-V1-qscan,GW241110_124123,0.2760525643825531,1,0.27605256,64.96750000042084
ensemble@640,attention+baseline,0,GW241111_111552-v1-H1-qscan,GW241111_111552,0.7999791502952576,1,0.79997915,67.68550000106188
ensemble@640,attention+baseline,0,GW241111_111552-v1-L1-qscan,GW241111_111552,0.18409259617328644,1,0.18409260,63.84350000098493
ensemble@640,attention+baseline,0,GW241113_163507-v1-L1-qscan,GW241113_163507,0.8533245921134949,1,0.85332459,67.92390000009618
ensemble@640,attention+baseline,0,GW241113_163507-v1-V1-qscan,GW241113_163507,0.018062200397253036,1,0.01806220,63.648100000136765
ensemble@640,attention+baseline,0,GW241114_024711-v1-H1-qscan,GW241114_024711,0.781943142414093,1,0.78194314,68.37609999911365
ensemble@640,attention+baseline,0,GW241114_024711-v1-L1-qscan,GW241114_024711,0.36012834310531616,1,0.36012834,64.66960000125255
ensemble@640,attention+baseline,0,GW241114_024711-v1-V1-qscan,GW241114_024711,0.0,0,,65.7943999995041
ensemble@640,attention+baseline,0,GW241114_235258-v1-L1-qscan,GW241114_235258,0.02220834791660309,1,0.02220835,59.37140000060026
ensemble@640,attention+baseline,0,GW241114_235258-v1-V1-qscan,GW241114_235258,0.0,0,,61.95999999999913
ensemble@640,attention+baseline,0,GW241116_151753-v1-H1-qscan,GW241116_151753,0.12119385600090027,1,0.12119386,59.87939999977243
ensemble@640,attention+baseline,0,GW241116_151753-v1-L1-qscan,GW241116_151753,0.7225453853607178,1,0.72254539,66.81430000026012
ensemble@640,attention+baseline,0,GW241116_151753-v1-V1-qscan,GW241116_151753,0.0,0,,68.97480000043288
ensemble@640,attention+baseline,0,GW241124_024914-v1-H1-qscan,GW241124_024914,0.9301706552505493,1,0.93017066,65.81899999946472
ensemble@640,attention+baseline,0,GW241124_024914-v1-L1-qscan,GW241124_024914,0.46475735306739807,1,0.46475735,68.09070000053907
ensemble@640,attention+baseline,0,GW241124_024914-v1-V1-qscan,GW241124_024914,0.0,0,,65.29409999984637
ensemble@640,attention+baseline,0,GW241125_010116-v1-H1-qscan,GW241125_010116,0.11857185512781143,1,0.11857186,70.48130000021047
ensemble@640,attention+baseline,0,GW241125_010116-v1-L1-qscan,GW241125_010116,0.5954818725585938,1,0.59548187,65.79020000026503
ensemble@640,attention+baseline,0,GW241125_010116-v1-V1-qscan,GW241125_010116,0.0,0,,67.98880000042118
ensemble@640,attention+baseline,0,GW241127_061008-v1-H1-qscan,GW241127_061008,0.935461699962616,1,0.93546170,63.46300000041083
ensemble@640,attention+baseline,0,GW241127_061008-v1-L1-qscan,GW241127_061008,0.9193629622459412,1,0.91936296,69.06089999938558
ensemble@640,attention+baseline,0,GW241127_061008-v1-V1-qscan,GW241127_061008,0.01791018806397915,1,0.01791019,63.17690000014409
ensemble@640,attention+baseline,0,GW241129_021832-v1-H1-qscan,GW241129_021832,0.9229763150215149,1,0.92297632,69.29270000000542
ensemble@640,attention+baseline,0,GW241129_021832-v1-L1-qscan,GW241129_021832,0.893298864364624,1,0.89329886,61.604800000168325
ensemble@640,attention+baseline,0,GW241129_021832-v1-V1-qscan,GW241129_021832,0.0,0,,66.67430000015884
ensemble@640,attention+baseline,0,GW241129_140416-v1-H1-qscan,GW241129_140416,0.0,0,,60.73060000016994
ensemble@640,attention+baseline,0,GW241129_140416-v1-L1-qscan,GW241129_140416,0.16064688563346863,1,0.16064689,65.10189999971772
ensemble@640,attention+baseline,0,GW241130_034908-v1-H1-qscan,GW241130_034908,0.8598742485046387,1,0.85987425,64.74990000060643
ensemble@640,attention+baseline,0,GW241130_034908-v1-L1-qscan,GW241130_034908,0.4899602234363556,1,0.48996022,67.15279999934864
ensemble@640,attention+baseline,0,GW241130_034908-v1-V1-qscan,GW241130_034908,0.0,0,,64.08989999908954
ensemble@640,attention+baseline,0,GW241130_110422-v1-H1-qscan,GW241130_110422,0.07802166789770126,1,0.07802167,64.71550000060233
ensemble@640,attention+baseline,0,GW241130_110422-v1-L1-qscan,GW241130_110422,0.28467047214508057,1,0.28467047,63.660300000265124
ensemble@640,attention+baseline,0,GW241130_110422-v1-V1-qscan,GW241130_110422,0.0,0,,64.7160000007716
ensemble@640,attention+baseline,0,GW241201_055758-v1-H1-qscan,GW241201_055758,0.7573896050453186,1,0.75738961,68.06860000051529
ensemble@640,attention+baseline,0,GW241201_055758-v1-L1-qscan,GW241201_055758,0.0,0,,64.38340000113385
ensemble@640,attention+baseline,0,GW241201_055758-v1-V1-qscan,GW241201_055758,0.0,0,,62.99589999980526
ensemble@640,attention+baseline,0,GW241201_142737-v1-H1-qscan,GW241201_142737,0.03273855894804001,1,0.03273856,65.63629999982368
ensemble@640,attention+baseline,0,GW241201_142737-v1-L1-qscan,GW241201_142737,0.09691939502954483,1,0.09691940,64.15520000064134
ensemble@640,attention+baseline,0,GW241201_142737-v1-V1-qscan,GW241201_142737,0.29225924611091614,1,0.29225925,60.48090000058437
ensemble@640,attention+baseline,0,GW241210_023335-v1-H1-qscan,GW241210_023335,0.0,0,,60.89540000084526
ensemble@640,attention+baseline,0,GW241210_023335-v1-L1-qscan,GW241210_023335,0.30324283242225647,1,0.30324283,63.10979999943811
ensemble@640,attention+baseline,0,GW241210_060606-v1-H1-qscan,GW241210_060606,0.3640900254249573,1,0.36409003,64.70619999981864
ensemble@640,attention+baseline,0,GW241210_060606-v1-L1-qscan,GW241210_060606,0.606831431388855,1,0.60683143,65.39710000015475
ensemble@640,attention+baseline,0,GW241210_060606-v1-V1-qscan,GW241210_060606,0.23217105865478516,1,0.23217106,64.96619999961695
ensemble@640,attention+baseline,0,GW241210_120900-v1-H1-qscan,GW241210_120900,0.0,0,,65.54489999962243
ensemble@640,attention+baseline,0,GW241210_120900-v1-L1-qscan,GW241210_120900,0.8853767514228821,1,0.88537675,63.27609999971173
ensemble@640,attention+baseline,0,GW241219_222607-v1-H1-qscan,GW241219_222607,0.20530803501605988,1,0.20530804,65.36170000072161
ensemble@640,attention+baseline,0,GW241219_222607-v1-L1-qscan,GW241219_222607,0.012626970186829567,1,0.01262697,70.30670000040118
ensemble@640,attention+baseline,0,GW241220_062146-v1-H1-qscan,GW241220_062146,0.0,0,,65.55249999928492
ensemble@640,attention+baseline,0,GW241220_062146-v1-L1-qscan,GW241220_062146,0.0,0,,69.82110000080866
ensemble@640,attention+baseline,0,GW241225_042553-v1-L1-qscan,GW241225_042553,0.8485637307167053,1,0.84856373,63.8505000006262
ensemble@640,attention+baseline,0,GW241225_042553-v1-V1-qscan,GW241225_042553,0.03197392821311951,1,0.03197393,69.96720000006462
ensemble@640,attention+baseline,0,GW241225_082815-v1-H1-qscan,GW241225_082815,0.4753696024417877,1,0.47536960,64.46609999966313
ensemble@640,attention+baseline,0,GW241225_082815-v1-L1-qscan,GW241225_082815,0.8927251696586609,1,0.89272517,70.60339999952703
ensemble@640,attention+baseline,0,GW241229_155844-v1-H1-qscan,GW241229_155844,0.6533709168434143,1,0.65337092,64.38580000030925
ensemble@640,attention+baseline,0,GW241229_155844-v1-L1-qscan,GW241229_155844,0.01947428286075592,1,0.01947428,70.73240000045189
ensemble@640,attention+baseline,0,GW241229_155844-v1-V1-qscan,GW241229_155844,0.0,0,,63.90910000027361
ensemble@640,attention+baseline,0,GW241230_084504-v1-L1-qscan,GW241230_084504,0.9282320737838745,1,0.92823207,67.61329999972077
ensemble@640,attention+baseline,0,GW241230_084504-v1-V1-qscan,GW241230_084504,0.0,0,,60.85150000035355
ensemble@640,attention+baseline,0,GW241230_233618-v1-H1-qscan,GW241230_233618,0.015085794031620026,1,0.01508579,64.89169999895239
ensemble@640,attention+baseline,0,GW241230_233618-v1-L1-qscan,GW241230_233618,0.8572484254837036,1,0.85724843,65.77220000053785
ensemble@640,attention+baseline,0,GW241230_233618-v1-V1-qscan,GW241230_233618,0.0,0,,67.91199999952369
ensemble@640,attention+baseline,0,GW241231_054133-v1-H1-qscan,GW241231_054133,0.7717233300209045,1,0.77172333,65.78549999903771
ensemble@640,attention+baseline,0,GW241231_054133-v1-L1-qscan,GW241231_054133,0.07113233953714371,1,0.07113234,66.37509999927715
ensemble@640,attention+baseline,0,GW241231_054133-v1-V1-qscan,GW241231_054133,0.0,0,,65.41449999986071
ensemble@640,attention+baseline,0,GW250101_011205-v1-H1-qscan,GW250101_011205,0.6987555027008057,1,0.69875550,63.83859999914421
ensemble@640,attention+baseline,0,GW250101_011205-v1-L1-qscan,GW250101_011205,0.7551818490028381,1,0.75518185,62.39410000034695
ensemble@640,attention+baseline,0,GW250101_011205-v1-V1-qscan,GW250101_011205,0.0,0,,65.3612999994948
ensemble@640,attention+baseline,0,GW250104_015122-v1-H1-qscan,GW250104_015122,0.833860456943512,1,0.83386046,67.68879999981436
ensemble@640,attention+baseline,0,GW250104_015122-v1-L1-qscan,GW250104_015122,0.8049066066741943,1,0.80490661,65.43309999960911
ensemble@640,attention+baseline,0,GW250104_015122-v1-V1-qscan,GW250104_015122,0.0,0,,67.39659999948344
ensemble@640,attention+baseline,0,GW250105_134047-v1-H1-qscan,GW250105_134047,0.0,0,,66.0080999996353
ensemble@640,attention+baseline,0,GW250105_134047-v1-L1-qscan,GW250105_134047,0.0,0,,69.32880000022124
ensemble@640,attention+baseline,0,GW250105_134047-v1-V1-qscan,GW250105_134047,0.0,0,,64.42760000027192
ensemble@640,attention+baseline,0,GW250108_152221-v1-H1-qscan,GW250108_152221,0.8292922377586365,1,0.82929224,67.67149999996036
ensemble@640,attention+baseline,0,GW250108_152221-v1-L1-qscan,GW250108_152221,0.9404491782188416,1,0.94044918,60.15849999948841
ensemble@640,attention+baseline,0,GW250108_152221-v1-V1-qscan,GW250108_152221,0.04348916560411453,1,0.04348917,66.17289999940112
ensemble@640,attention+baseline,0,GW250109_010541-v1-H1-qscan,GW250109_010541,0.40801146626472473,1,0.40801147,61.588100000335544
ensemble@640,attention+baseline,0,GW250109_010541-v1-L1-qscan,GW250109_010541,0.9438403844833374,1,0.94384038,66.78769999962242
ensemble@640,attention+baseline,0,GW250109_010541-v1-V1-qscan,GW250109_010541,0.5326551795005798,1,0.53265518,66.55380000029254
ensemble@640,attention+baseline,0,GW250109_074552-v1-H1-qscan,GW250109_074552,0.8987622261047363,1,0.89876223,70.64530000025115
ensemble@640,attention+baseline,0,GW250109_074552-v1-V1-qscan,GW250109_074552,0.035419803112745285,1,0.03541980,64.68239999958314
ensemble@640,attention+baseline,0,GW250109_083206-v1-H1-qscan,GW250109_083206,0.8813170194625854,1,0.88131702,70.26779999887367
ensemble@640,attention+baseline,0,GW250109_083206-v1-V1-qscan,GW250109_083206,0.0,0,,64.66649999947549
ensemble@640,attention+baseline,0,GW250114_082203-v2-H1-qscan,GW250114_082203,0.6429415345191956,1,0.64294153,68.74700000116718
ensemble@640,attention+baseline,0,GW250114_082203-v2-L1-qscan,GW250114_082203,0.8504102826118469,1,0.85041028,64.13229999998293
ensemble@640,attention+baseline,0,GW250116_015318-v1-H1-qscan,GW250116_015318,0.8252817988395691,1,0.82528180,69.05399999959627
ensemble@640,attention+baseline,0,GW250116_015318-v1-L1-qscan,GW250116_015318,0.0,0,,63.65749999986292
ensemble@640,attention+baseline,0,GW250116_015318-v1-V1-qscan,GW250116_015318,0.0,0,,68.9487999998164
ensemble@640,attention+baseline,0,GW250116_051426-v1-H1-qscan,GW250116_051426,0.020229704678058624,1,0.02022970,64.73129999903904
ensemble@640,attention+baseline,0,GW250116_051426-v1-L1-qscan,GW250116_051426,0.0,0,,67.04179999996995
ensemble@640,attention+baseline,0,GW250118_023225-v1-H1-qscan,GW250118_023225,0.5787525773048401,1,0.57875258,59.517899999264046
ensemble@640,attention+baseline,0,GW250118_023225-v1-L1-qscan,GW250118_023225,0.7193835973739624,1,0.71938360,60.324000000036904
ensemble@640,attention+baseline,0,GW250118_023225-v1-V1-qscan,GW250118_023225,0.0,0,,62.3699999996461
ensemble@640,attention+baseline,0,GW250118_055802-v1-H1-qscan,GW250118_055802,0.3746527433395386,1,0.37465274,65.22750000112865
ensemble@640,attention+baseline,0,GW250118_055802-v1-L1-qscan,GW250118_055802,0.07510443031787872,1,0.07510443,66.8374999995649
ensemble@640,attention+baseline,0,GW250118_055802-v1-V1-qscan,GW250118_055802,0.0,0,,65.19889999981388
ensemble@640,attention+baseline,0,GW250118_170523-v1-H1-qscan,GW250118_170523,0.90240478515625,1,0.90240479,68.6349000006885
ensemble@640,attention+baseline,0,GW250118_170523-v1-L1-qscan,GW250118_170523,0.33452850580215454,1,0.33452851,63.63419999979669
ensemble@640,attention+baseline,0,GW250119_025138-v1-H1-qscan,GW250119_025138,0.8786589503288269,1,0.87865895,69.64349999998376
ensemble@640,attention+baseline,0,GW250119_025138-v1-L1-qscan,GW250119_025138,0.6377280950546265,1,0.63772810,62.69510000038281
ensemble@640,attention+baseline,0,GW250119_025138-v1-V1-qscan,GW250119_025138,0.27231529355049133,1,0.27231529,67.64520000069751
ensemble@640,attention+baseline,0,GW250119_190238-v1-H1-qscan,GW250119_190238,0.432632714509964,1,0.43263271,62.788799999907496
ensemble@640,attention+baseline,0,GW250119_190238-v1-L1-qscan,GW250119_190238,0.2220451980829239,1,0.22204520,65.93929999962711
ensemble@640,attention+baseline,0,GW250119_190238-v1-V1-qscan,GW250119_190238,0.0,0,,64.89609999971435
ensemble@640,attention+baseline,0,GW250120_042414-v1-H1-qscan,GW250120_042414,0.011873193085193634,1,0.01187319,71.22290000006615
ensemble@640,attention+baseline,0,GW250120_042414-v1-L1-qscan,GW250120_042414,0.0,0,,59.94319999990694
ensemble@640,attention+baseline,0,GW250120_042414-v1-V1-qscan,GW250120_042414,0.08220277726650238,1,0.08220278,60.90490000042337
ensemble@768,attention+baseline,0,GW240406_062847-v1-H1-qscan,GW240406_062847,0.0,0,,96.84589999869786
ensemble@768,attention+baseline,0,GW240406_062847-v1-L1-qscan,GW240406_062847,0.016642799600958824,1,0.01664280,99.59760000037932
ensemble@768,attention+baseline,0,GW240407_040938-v1-H1-qscan,GW240407_040938,0.16688869893550873,1,0.16688870,101.54750000037893
ensemble@768,attention+baseline,0,GW240407_040938-v1-L1-qscan,GW240407_040938,0.03032836690545082,1,0.03032837,98.51489999891783
ensemble@768,attention+baseline,0,GW240407_040938-v1-V1-qscan,GW240407_040938,0.04955505207180977,1,0.04955505,95.26540000024397
ensemble@768,attention+baseline,0,GW240407_061416-v1-H1-qscan,GW240407_061416,0.8042671084403992,1,0.80426711,99.39740000027086
ensemble@768,attention+baseline,0,GW240407_061416-v1-L1-qscan,GW240407_061416,0.03754987567663193,1,0.03754988,98.79770000043209
ensemble@768,attention+baseline,0,GW240407_061416-v1-V1-qscan,GW240407_061416,0.0,0,,100.39710000000923
ensemble@768,attention+baseline,0,GW240407_214946-v1-H1-qscan,GW240407_214946,0.0,0,,94.43680000003951
ensemble@768,attention+baseline,0,GW240407_214946-v1-L1-qscan,GW240407_214946,0.0,0,,94.83230000023468
ensemble@768,attention+baseline,0,GW240407_214946-v1-V1-qscan,GW240407_214946,0.0,0,,95.07880000001023
ensemble@768,attention+baseline,0,GW240408_081753-v1-H1-qscan,GW240408_081753,0.015337865799665451,1,0.01533787,98.25000000000728
ensemble@768,attention+baseline,0,GW240408_081753-v1-L1-qscan,GW240408_081753,0.0,0,,99.76379999989149
ensemble@768,attention+baseline,0,GW240411_074140-v1-H1-qscan,GW240411_074140,0.022995971143245697,1,0.02299597,97.31809999993857
ensemble@768,attention+baseline,0,GW240411_074140-v1-L1-qscan,GW240411_074140,0.1585542857646942,1,0.15855429,100.49269999944954
ensemble@768,attention+baseline,0,GW240413_022019-v1-H1-qscan,GW240413_022019,0.0,0,,98.92019999915647
ensemble@768,attention+baseline,0,GW240413_022019-v1-L1-qscan,GW240413_022019,0.6845409274101257,1,0.68454093,98.75900000042748
ensemble@768,attention+baseline,0,GW240413_022019-v1-V1-qscan,GW240413_022019,0.0,0,,97.92940000079398
ensemble@768,attention+baseline,0,GW240414_054515-v1-H1-qscan,GW240414_054515,0.835238516330719,1,0.83523852,99.71470000073168
ensemble@768,attention+baseline,0,GW240414_054515-v1-V1-qscan,GW240414_054515,0.1582081913948059,1,0.15820819,100.01660000034462
ensemble@768,attention+baseline,0,GW240419_041206-v1-H1-qscan,GW240419_041206,0.24378718435764313,1,0.24378718,99.83590000047116
ensemble@768,attention+baseline,0,GW240419_041206-v1-L1-qscan,GW240419_041206,0.02641213685274124,1,0.02641214,99.40499999993335
ensemble@768,attention+baseline,0,GW240419_041206-v1-V1-qscan,GW240419_041206,0.012330936267971992,1,0.01233094,98.88860000046407
ensemble@768,attention+baseline,0,GW240420_175625-v1-H1-qscan,GW240420_175625,0.72515869140625,1,0.72515869,92.94069999941712
ensemble@768,attention+baseline,0,GW240421_052935-v1-H1-qscan,GW240421_052935,0.4288574457168579,1,0.42885745,94.6579000001293
ensemble@768,attention+baseline,0,GW240421_052935-v1-L1-qscan,GW240421_052935,0.0,0,,98.321999998916
ensemble@768,attention+baseline,0,GW240421_052935-v1-V1-qscan,GW240421_052935,0.0,0,,97.77010000107111
ensemble@768,attention+baseline,0,GW240426_031451-v1-H1-qscan,GW240426_031451,0.12102741748094559,1,0.12102742,100.57680000045366
ensemble@768,attention+baseline,0,GW240426_031451-v1-L1-qscan,GW240426_031451,0.19265644252300262,1,0.19265644,94.76549999908457
ensemble@768,attention+baseline,0,GW240426_085802-v1-H1-qscan,GW240426_085802,0.12973399460315704,1,0.12973399,100.30520000054821
ensemble@768,attention+baseline,0,GW240426_085802-v1-L1-qscan,GW240426_085802,0.0,0,,102.86550000000716
ensemble@768,attention+baseline,0,GW240426_085802-v1-V1-qscan,GW240426_085802,0.0,0,,96.30620000098133
ensemble@768,attention+baseline,0,GW240428_225440-v1-H1-qscan,GW240428_225440,0.6549955606460571,1,0.65499556,91.25970000150119
ensemble@768,attention+baseline,0,GW240428_225440-v1-V1-qscan,GW240428_225440,0.05777985602617264,1,0.05777986,98.35150000071735
ensemble@768,attention+baseline,0,GW240430_093517-v1-H1-qscan,GW240430_093517,0.0,0,,97.80700000010256
ensemble@768,attention+baseline,0,GW240430_093517-v1-L1-qscan,GW240430_093517,0.6696693301200867,1,0.66966933,100.54709999985789
ensemble@768,attention+baseline,0,GW240501_033534-v1-H1-qscan,GW240501_033534,0.8929222226142883,1,0.89292222,89.77729999969597
ensemble@768,attention+baseline,0,GW240501_033534-v1-L1-qscan,GW240501_033534,0.9152022004127502,1,0.91520220,97.9739000003974
ensemble@768,attention+baseline,0,GW240501_033534-v1-V1-qscan,GW240501_033534,0.0,0,,100.65539999959583
ensemble@768,attention+baseline,0,GW240505_133552-v1-H1-qscan,GW240505_133552,0.8097350597381592,1,0.80973506,98.37789999983215
ensemble@768,attention+baseline,0,GW240505_133552-v1-L1-qscan,GW240505_133552,0.5813539028167725,1,0.58135390,94.90779999941878
ensemble@768,attention+baseline,0,GW240505_133552-v1-V1-qscan,GW240505_133552,0.0,0,,94.67399999903137
ensemble@768,attention+baseline,0,GW240507_041632-v1-H1-qscan,GW240507_041632,0.3416460156440735,1,0.34164602,100.45649999938178
ensemble@768,attention+baseline,0,GW240507_041632-v1-L1-qscan,GW240507_041632,0.5743913650512695,1,0.57439137,99.16960000009567
ensemble@768,attention+baseline,0,GW240507_041632-v1-V1-qscan,GW240507_041632,0.0,0,,95.77049999916198
ensemble@768,attention+baseline,0,GW240509_102351-v1-H1-qscan,GW240509_102351,0.0,0,,96.00189999946451
ensemble@768,attention+baseline,0,GW240509_102351-v1-L1-qscan,GW240509_102351,0.018461281433701515,1,0.01846128,94.58340000037424
ensemble@768,attention+baseline,0,GW240509_102351-v1-V1-qscan,GW240509_102351,0.0,0,,99.05680000065331
ensemble@768,attention+baseline,0,GW240511_031507-v1-H1-qscan,GW240511_031507,0.8854359984397888,1,0.88543600,96.24190000067756
ensemble@768,attention+baseline,0,GW240511_031507-v1-L1-qscan,GW240511_031507,0.7698332667350769,1,0.76983327,94.28329999991547
ensemble@768,attention+baseline,0,GW240511_031507-v1-V1-qscan,GW240511_031507,0.06330283731222153,1,0.06330284,95.76540000034583
ensemble@768,attention+baseline,0,GW240512_024139-v1-H1-qscan,GW240512_024139,0.0,0,,98.23159999996278
ensemble@768,attention+baseline,0,GW240512_024139-v1-L1-qscan,GW240512_024139,0.35245606303215027,1,0.35245606,98.3699999997043
ensemble@768,attention+baseline,0,GW240512_024139-v1-V1-qscan,GW240512_024139,0.0,0,,96.1379999998826
ensemble@768,attention+baseline,0,GW240512_051606-v1-H1-qscan,GW240512_051606,0.5652981400489807,1,0.56529814,99.21859999940352
ensemble@768,attention+baseline,0,GW240512_051606-v1-L1-qscan,GW240512_051606,0.03549027815461159,1,0.03549028,95.97560000020167
ensemble@768,attention+baseline,0,GW240512_051606-v1-V1-qscan,GW240512_051606,0.0,0,,98.2640000001993
ensemble@768,attention+baseline,0,GW240513_183302-v1-H1-qscan,GW240513_183302,0.6227084994316101,1,0.62270850,101.21709999930317
ensemble@768,attention+baseline,0,GW240513_183302-v1-L1-qscan,GW240513_183302,0.6296015977859497,1,0.62960160,99.17479999967327
ensemble@768,attention+baseline,0,GW240513_183302-v1-V1-qscan,GW240513_183302,0.0,0,,99.32280000066385
ensemble@768,attention+baseline,0,GW240514_121713-v1-H1-qscan,GW240514_121713,0.8955878615379333,1,0.89558786,96.02249999898049
ensemble@768,attention+baseline,0,GW240514_121713-v1-L1-qscan,GW240514_121713,0.8852753639221191,1,0.88527536,95.59650000119291
ensemble@768,attention+baseline,0,GW240514_121713-v1-V1-qscan,GW240514_121713,0.0,0,,93.04950000023382
ensemble@768,attention+baseline,0,GW240515_005301-v1-H1-qscan,GW240515_005301,0.9043284058570862,1,0.90432841,97.59970000050089
ensemble@768,attention+baseline,0,GW240515_005301-v1-L1-qscan,GW240515_005301,0.35183826088905334,1,0.35183826,98.9343999999619
ensemble@768,attention+baseline,0,GW240515_005301-v1-V1-qscan,GW240515_005301,0.0,0,,98.4338000007483
ensemble@768,attention+baseline,0,GW240516_041939-v1-H1-qscan,GW240516_041939,0.0,0,,100.54130000025907
ensemble@768,attention+baseline,0,GW240516_041939-v1-L1-qscan,GW240516_041939,0.0,0,,99.838400000408
ensemble@768,attention+baseline,0,GW240516_041939-v1-V1-qscan,GW240516_041939,0.01837386004626751,1,0.01837386,94.51899999930902
ensemble@768,attention+baseline,0,GW240519_012815-v1-L1-qscan,GW240519_012815,0.8901329040527344,1,0.89013290,100.15909999947326
ensemble@768,attention+baseline,0,GW240519_012815-v1-V1-qscan,GW240519_012815,0.7890950441360474,1,0.78909504,94.72499999901629
ensemble@768,attention+baseline,0,GW240520_213616-v1-H1-qscan,GW240520_213616,0.31952765583992004,1,0.31952766,96.8460000003688
ensemble@768,attention+baseline,0,GW240520_213616-v1-L1-qscan,GW240520_213616,0.0,0,,96.87260000009701
ensemble@768,attention+baseline,0,GW240520_213616-v1-V1-qscan,GW240520_213616,0.0,0,,99.55389999959152
ensemble@768,attention+baseline,0,GW240525_031210-v1-H1-qscan,GW240525_031210,0.8256213068962097,1,0.82562131,98.6773999993602
ensemble@768,attention+baseline,0,GW240525_031210-v1-L1-qscan,GW240525_031210,0.7944369912147522,1,0.79443699,95.94759999890812
ensemble@768,attention+baseline,0,GW240525_031210-v1-V1-qscan,GW240525_031210,0.0,0,,97.5522999997338
ensemble@768,attention+baseline,0,GW240525_201644-v1-H1-qscan,GW240525_201644,0.0,0,,100.39189999952214
ensemble@768,attention+baseline,0,GW240525_201644-v1-L1-qscan,GW240525_201644,0.0,0,,100.2293000001373
ensemble@768,attention+baseline,0,GW240525_201644-v1-V1-qscan,GW240525_201644,0.0,0,,99.63779999907274
ensemble@768,attention+baseline,0,GW240526_093944-v1-H1-qscan,GW240526_093944,0.6449777483940125,1,0.64497775,99.16479999992589
ensemble@768,attention+baseline,0,GW240526_093944-v1-L1-qscan,GW240526_093944,0.0,0,,94.35619999931077
ensemble@768,attention+baseline,0,GW240526_093944-v1-V1-qscan,GW240526_093944,0.0,0,,94.7585000003528
ensemble@768,attention+baseline,0,GW240527_150907-v1-H1-qscan,GW240527_150907,0.0,0,,98.94700000040757
ensemble@768,attention+baseline,0,GW240527_150907-v1-L1-qscan,GW240527_150907,0.0,0,,98.86419999929785
ensemble@768,attention+baseline,0,GW240527_150907-v1-V1-qscan,GW240527_150907,0.0259010661393404,1,0.02590107,100.59029999956692
ensemble@768,attention+baseline,0,GW240527_183429-v1-H1-qscan,GW240527_183429,0.6273922324180603,1,0.62739223,99.14350000053673
ensemble@768,attention+baseline,0,GW240527_183429-v1-L1-qscan,GW240527_183429,0.16946512460708618,1,0.16946512,98.11360000003333
ensemble@768,attention+baseline,0,GW240527_183429-v1-V1-qscan,GW240527_183429,0.0,0,,98.63410000070871
ensemble@768,attention+baseline,0,GW240527_230910-v1-H1-qscan,GW240527_230910,0.15386216342449188,1,0.15386216,98.77640000013344
ensemble@768,attention+baseline,0,GW240527_230910-v1-L1-qscan,GW240527_230910,0.08034496009349823,1,0.08034496,97.67190000093251
ensemble@768,attention+baseline,0,GW240527_230910-v1-V1-qscan,GW240527_230910,0.11409274488687515,1,0.11409274,98.39620000093419
ensemble@768,attention+baseline,0,GW240530_012417-v1-H1-qscan,GW240530_012417,0.10241858661174774,1,0.10241859,98.69510000044102
ensemble@768,attention+baseline,0,GW240530_012417-v1-L1-qscan,GW240530_012417,0.6861793398857117,1,0.68617934,97.25979999984702
ensemble@768,attention+baseline,0,GW240530_012417-v1-V1-qscan,GW240530_012417,0.0,0,,98.68330000062997
ensemble@768,attention+baseline,0,GW240531_040326-v1-H1-qscan,GW240531_040326,0.10793787986040115,1,0.10793788,97.59949999988748
ensemble@768,attention+baseline,0,GW240531_040326-v1-L1-qscan,GW240531_040326,0.0,0,,99.23470000012458
ensemble@768,attention+baseline,0,GW240531_040326-v1-V1-qscan,GW240531_040326,0.0,0,,99.12899999926594
ensemble@768,attention+baseline,0,GW240531_075248-v1-H1-qscan,GW240531_075248,0.0,0,,99.39030000077764
ensemble@768,attention+baseline,0,GW240531_075248-v1-L1-qscan,GW240531_075248,0.9140591621398926,1,0.91405916,93.82240000013553
ensemble@768,attention+baseline,0,GW240531_075248-v1-V1-qscan,GW240531_075248,0.15911224484443665,1,0.15911224,93.76849999989645
ensemble@768,attention+baseline,0,GW240601_061200-v1-H1-qscan,GW240601_061200,0.051431816071271896,1,0.05143182,100.03580000011425
ensemble@768,attention+baseline,0,GW240601_061200-v1-L1-qscan,GW240601_061200,0.5568332076072693,1,0.55683321,99.96979999959876
ensemble@768,attention+baseline,0,GW240601_061200-v1-V1-qscan,GW240601_061200,0.0,0,,96.19500000007974
ensemble@768,attention+baseline,0,GW240601_231004-v1-H1-qscan,GW240601_231004,0.0,0,,98.50490000007994
ensemble@768,attention+baseline,0,GW240601_231004-v1-L1-qscan,GW240601_231004,0.0,0,,101.86590000012075
ensemble@768,attention+baseline,0,GW240601_231004-v1-V1-qscan,GW240601_231004,0.09439586848020554,1,0.09439587,98.2955999998012
ensemble@768,attention+baseline,0,GW240611_214835-v1-L1-qscan,GW240611_214835,0.2667672634124756,1,0.26676726,98.74480000053154
ensemble@768,attention+baseline,0,GW240611_214835-v1-V1-qscan,GW240611_214835,0.0,0,,96.65519999998651
ensemble@768,attention+baseline,0,GW240612_081540-v1-H1-qscan,GW240612_081540,0.35975998640060425,1,0.35975999,94.56080000109068
ensemble@768,attention+baseline,0,GW240612_081540-v1-L1-qscan,GW240612_081540,0.16683335602283478,1,0.16683336,99.61289999955625
ensemble@768,attention+baseline,0,GW240612_081540-v1-V1-qscan,GW240612_081540,0.0,0,,98.04700000040611
ensemble@768,attention+baseline,0,GW240613_011503-v1-H1-qscan,GW240613_011503,0.0,0,,96.08729999945353
ensemble@768,attention+baseline,0,GW240613_011503-v1-L1-qscan,GW240613_011503,0.08370324224233627,1,0.08370324,92.0219999998153
ensemble@768,attention+baseline,0,GW240613_011503-v1-V1-qscan,GW240613_011503,0.0,0,,99.94800000004034
ensemble@768,attention+baseline,0,GW240615_113620-v1-H1-qscan,GW240615_113620,0.927310049533844,1,0.92731005,99.67710000000807
ensemble@768,attention+baseline,0,GW240615_113620-v1-L1-qscan,GW240615_113620,0.9161478281021118,1,0.91614783,98.6970999992991
ensemble@768,attention+baseline,0,GW240615_113620-v1-V1-qscan,GW240615_113620,0.08951256424188614,1,0.08951256,98.76820000044972
ensemble@768,attention+baseline,0,GW240615_160735-v1-H1-qscan,GW240615_160735,0.8559467196464539,1,0.85594672,100.35609999977169
ensemble@768,attention+baseline,0,GW240615_160735-v1-L1-qscan,GW240615_160735,0.38746124505996704,1,0.38746125,99.6024000005491
ensemble@768,attention+baseline,0,GW240615_160735-v1-V1-qscan,GW240615_160735,0.0,0,,99.85710000091785
ensemble@768,attention+baseline,0,GW240618_071627-v1-H1-qscan,GW240618_071627,0.6128917932510376,1,0.61289179,96.98019999996177
ensemble@768,attention+baseline,0,GW240618_071627-v1-L1-qscan,GW240618_071627,0.36562883853912354,1,0.36562884,95.80490000007558
ensemble@768,attention+baseline,0,GW240619_044535-v1-H1-qscan,GW240619_044535,0.07929892838001251,1,0.07929893,103.4191999997347
ensemble@768,attention+baseline,0,GW240619_044535-v1-L1-qscan,GW240619_044535,0.0,0,,98.897400000169
ensemble@768,attention+baseline,0,GW240619_044535-v1-V1-qscan,GW240619_044535,0.0,0,,95.53500000038184
ensemble@768,attention+baseline,0,GW240619_212357-v1-H1-qscan,GW240619_212357,0.8453995585441589,1,0.84539956,98.44489999977668
ensemble@768,attention+baseline,0,GW240619_212357-v1-L1-qscan,GW240619_212357,0.0,0,,92.80359999957
ensemble@768,attention+baseline,0,GW240619_212357-v1-V1-qscan,GW240619_212357,0.03973061591386795,1,0.03973062,95.69550000014715
ensemble@768,attention+baseline,0,GW240620_094631-v1-H1-qscan,GW240620_094631,0.0,0,,98.8785999988977
ensemble@768,attention+baseline,0,GW240620_094631-v1-L1-qscan,GW240620_094631,0.0,0,,94.85899999890535
ensemble@768,attention+baseline,0,GW240620_094631-v1-V1-qscan,GW240620_094631,0.0,0,,96.26739999930578
ensemble@768,attention+baseline,0,GW240621_103457-v1-H1-qscan,GW240621_103457,0.21703465282917023,1,0.21703465,100.68150000006426
ensemble@768,attention+baseline,0,GW240621_103457-v1-L1-qscan,GW240621_103457,0.0,0,,95.93219999896974
ensemble@768,attention+baseline,0,GW240621_103457-v1-V1-qscan,GW240621_103457,0.0,0,,105.27650000040012
ensemble@768,attention+baseline,0,GW240621_195059-v1-H1-qscan,GW240621_195059,0.9625710248947144,1,0.96257102,94.06880000005913
ensemble@768,attention+baseline,0,GW240621_195059-v1-L1-qscan,GW240621_195059,0.9437075853347778,1,0.94370759,98.83829999944282
ensemble@768,attention+baseline,0,GW240621_195059-v1-V1-qscan,GW240621_195059,0.0719219222664833,1,0.07192192,98.58900000017456
ensemble@768,attention+baseline,0,GW240621_200935-v1-H1-qscan,GW240621_200935,0.3246704936027527,1,0.32467049,98.31690000009985
ensemble@768,attention+baseline,0,GW240621_200935-v1-L1-qscan,GW240621_200935,0.6268115043640137,1,0.62681150,102.13819999989937
ensemble@768,attention+baseline,0,GW240621_200935-v1-V1-qscan,GW240621_200935,0.0,0,,97.13300000021263
ensemble@768,attention+baseline,0,GW240621_214041-v1-H1-qscan,GW240621_214041,0.14248141646385193,1,0.14248142,99.13100000085251
ensemble@768,attention+baseline,0,GW240621_214041-v1-L1-qscan,GW240621_214041,0.842311441898346,1,0.84231144,99.15100000034727
ensemble@768,attention+baseline,0,GW240621_214041-v1-V1-qscan,GW240621_214041,0.0,0,,95.69069999906787
ensemble@768,attention+baseline,0,GW240622_004008-v1-H1-qscan,GW240622_004008,0.35451599955558777,1,0.35451600,90.61540000038804
ensemble@768,attention+baseline,0,GW240622_004008-v1-L1-qscan,GW240622_004008,0.8380545973777771,1,0.83805460,93.91199999936362
ensemble@768,attention+baseline,0,GW240622_004008-v1-V1-qscan,GW240622_004008,0.020127950236201286,1,0.02012795,101.48819999994885
ensemble@768,attention+baseline,0,GW240625_073331-v1-H1-qscan,GW240625_073331,0.04470892250537872,1,0.04470892,99.93909999957395
ensemble@768,attention+baseline,0,GW240625_073331-v1-L1-qscan,GW240625_073331,0.0,0,,94.1690000008748
ensemble@768,attention+baseline,0,GW240627_131622-v1-H1-qscan,GW240627_131622,0.758578896522522,1,0.75857890,95.2186000004076
ensemble@768,attention+baseline,0,GW240627_131622-v1-L1-qscan,GW240627_131622,0.106443390250206,1,0.10644339,99.9589000002743
ensemble@768,attention+baseline,0,GW240627_131622-v1-V1-qscan,GW240627_131622,0.0,0,,98.4824999995908
ensemble@768,attention+baseline,0,GW240629_145256-v1-H1-qscan,GW240629_145256,0.16486871242523193,1,0.16486871,98.57830000055401
ensemble@768,attention+baseline,0,GW240629_145256-v1-L1-qscan,GW240629_145256,0.6221498847007751,1,0.62214988,97.77799999937997
ensemble@768,attention+baseline,0,GW240629_145256-v1-V1-qscan,GW240629_145256,0.0,0,,96.16030000051978
ensemble@768,attention+baseline,0,GW240630_101703-v1-H1-qscan,GW240630_101703,0.5303301215171814,1,0.53033012,99.76240000014513
ensemble@768,attention+baseline,0,GW240630_101703-v1-V1-qscan,GW240630_101703,0.0,0,,98.61169999931008
ensemble@768,attention+baseline,0,GW240630_115348-v1-H1-qscan,GW240630_115348,0.6159906983375549,1,0.61599070,95.99159999925178
ensemble@768,attention+baseline,0,GW240630_115348-v1-L1-qscan,GW240630_115348,0.8013582229614258,1,0.80135822,93.0584000007002
ensemble@768,attention+baseline,0,GW240630_115348-v1-V1-qscan,GW240630_115348,0.054906971752643585,1,0.05490697,98.09759999916423
ensemble@768,attention+baseline,0,GW240630_212937-v1-H1-qscan,GW240630_212937,0.02021244540810585,1,0.02021245,100.22690000005241
ensemble@768,attention+baseline,0,GW240630_212937-v1-L1-qscan,GW240630_212937,0.012116420082747936,1,0.01211642,99.64639999907376
ensemble@768,attention+baseline,0,GW240630_212937-v1-V1-qscan,GW240630_212937,0.0,0,,95.20610000072338
ensemble@768,attention+baseline,0,GW240701_011640-v1-H1-qscan,GW240701_011640,0.030435414984822273,1,0.03043541,96.97809999943274
ensemble@768,attention+baseline,0,GW240701_011640-v1-L1-qscan,GW240701_011640,0.0,0,,99.27360000074259
ensemble@768,attention+baseline,0,GW240701_011640-v1-V1-qscan,GW240701_011640,0.0,0,,100.57920000053855
ensemble@768,attention+baseline,0,GW240701_013826-v1-H1-qscan,GW240701_013826,0.0,0,,100.49470000012661
ensemble@768,attention+baseline,0,GW240701_013826-v1-L1-qscan,GW240701_013826,0.0,0,,96.13619999981893
ensemble@768,attention+baseline,0,GW240701_013826-v1-V1-qscan,GW240701_013826,0.5994093418121338,1,0.59940934,100.65430000031483
ensemble@768,attention+baseline,0,GW240701_203807-v1-H1-qscan,GW240701_203807,0.0,0,,100.01529999954073
ensemble@768,attention+baseline,0,GW240701_203807-v1-L1-qscan,GW240701_203807,0.0,0,,100.19579999971029
ensemble@768,attention+baseline,0,GW240701_203807-v1-V1-qscan,GW240701_203807,0.06492452323436737,1,0.06492452,97.16709999975137
ensemble@768,attention+baseline,0,GW240703_191355-v1-L1-qscan,GW240703_191355,0.6395164132118225,1,0.63951641,94.48880000036297
ensemble@768,attention+baseline,0,GW240703_191355-v1-V1-qscan,GW240703_191355,0.02526705525815487,1,0.02526706,98.18090000044322
ensemble@768,attention+baseline,0,GW240705_053215-v1-H1-qscan,GW240705_053215,0.8793420791625977,1,0.87934208,101.47340000003169
ensemble@768,attention+baseline,0,GW240705_053215-v1-L1-qscan,GW240705_053215,0.9032937288284302,1,0.90329373,98.75890000057552
ensemble@768,attention+baseline,0,GW240705_053215-v1-V1-qscan,GW240705_053215,0.0,0,,94.98009999879287
ensemble@768,attention+baseline,0,GW240716_034900-v1-L1-qscan,GW240716_034900,0.9025737643241882,1,0.90257376,98.80189999967115
ensemble@768,attention+baseline,0,GW240716_034900-v1-V1-qscan,GW240716_034900,0.0,0,,94.48590000010881
ensemble@768,attention+baseline,0,GW240806_043539-v1-L1-qscan,GW240806_043539,0.02961297519505024,1,0.02961298,98.39819999979227
ensemble@768,attention+baseline,0,GW240806_043539-v1-V1-qscan,GW240806_043539,0.0,0,,100.78919999978098
ensemble@768,attention+baseline,0,GW240807_214559-v1-L1-qscan,GW240807_214559,0.023376381024718285,1,0.02337638,99.35279999990598
ensemble@768,attention+baseline,0,GW240807_214559-v1-V1-qscan,GW240807_214559,0.0,0,,98.22099999928469
ensemble@768,attention+baseline,0,GW240813_034548-v1-L1-qscan,GW240813_034548,0.0,0,,93.87090000018361
ensemble@768,attention+baseline,0,GW240813_034548-v1-V1-qscan,GW240813_034548,0.012235315516591072,1,0.01223532,98.0096000012054
ensemble@768,attention+baseline,0,GW240814_145043-v1-L1-qscan,GW240814_145043,0.20315751433372498,1,0.20315751,95.11960000054387
ensemble@768,attention+baseline,0,GW240814_145043-v1-V1-qscan,GW240814_145043,0.0,0,,98.81160000077216
ensemble@768,attention+baseline,0,GW240824_205609-v1-H1-qscan,GW240824_205609,0.253772497177124,1,0.25377250,99.16189999967173
ensemble@768,attention+baseline,0,GW240824_205609-v1-L1-qscan,GW240824_205609,0.0,0,,93.68220000033034
ensemble@768,attention+baseline,0,GW240824_205609-v1-V1-qscan,GW240824_205609,0.6927439570426941,1,0.69274396,100.49940000044444
ensemble@768,attention+baseline,0,GW240825_055146-v1-H1-qscan,GW240825_055146,0.19457457959651947,1,0.19457458,98.15179999986867
ensemble@768,attention+baseline,0,GW240825_055146-v1-L1-qscan,GW240825_055146,0.6087216138839722,1,0.60872161,98.10469999956695
ensemble@768,attention+baseline,0,GW240825_055146-v1-V1-qscan,GW240825_055146,0.0775613859295845,1,0.07756139,100.46739999961574
ensemble@768,attention+baseline,0,GW240828_102340-v1-H1-qscan,GW240828_102340,0.10212381929159164,1,0.10212382,100.06729999986419
ensemble@768,attention+baseline,0,GW240828_102340-v1-L1-qscan,GW240828_102340,0.5147326588630676,1,0.51473266,100.13760000038019
ensemble@768,attention+baseline,0,GW240828_102340-v1-V1-qscan,GW240828_102340,0.0,0,,98.79600000022037
ensemble@768,attention+baseline,0,GW240830_211120-v1-H1-qscan,GW240830_211120,0.0,0,,98.70419999879232
ensemble@768,attention+baseline,0,GW240830_211120-v1-L1-qscan,GW240830_211120,0.6996070742607117,1,0.69960707,97.51049999977113
ensemble@768,attention+baseline,0,GW240830_211120-v1-V1-qscan,GW240830_211120,0.0,0,,93.47720000005211
ensemble@768,attention+baseline,0,GW240901_195332-v1-H1-qscan,GW240901_195332,0.0,0,,98.29110000100627
ensemble@768,attention+baseline,0,GW240901_195332-v1-L1-qscan,GW240901_195332,0.03642602264881134,1,0.03642602,99.26960000029794
ensemble@768,attention+baseline,0,GW240901_195332-v1-V1-qscan,GW240901_195332,0.0,0,,96.46920000068349
ensemble@768,attention+baseline,0,GW240902_143306-v1-H1-qscan,GW240902_143306,0.6181645393371582,1,0.61816454,99.36779999952705
ensemble@768,attention+baseline,0,GW240902_143306-v1-L1-qscan,GW240902_143306,0.11272622644901276,1,0.11272623,97.24759999971866
ensemble@768,attention+baseline,0,GW240902_143306-v1-V1-qscan,GW240902_143306,0.2853747606277466,1,0.28537476,99.25949999978911
ensemble@768,attention+baseline,0,GW240907_092521-v1-H1-qscan,GW240907_092521,0.19684013724327087,1,0.19684014,96.3341999995464
ensemble@768,attention+baseline,0,GW240907_092521-v1-L1-qscan,GW240907_092521,0.013784755021333694,1,0.01378476,96.28409999913856
ensemble@768,attention+baseline,0,GW240907_092521-v1-V1-qscan,GW240907_092521,0.0,0,,95.67169999991165
ensemble@768,attention+baseline,0,GW240907_121650-v1-H1-qscan,GW240907_121650,0.10797692090272903,1,0.10797692,98.94720000011148
ensemble@768,attention+baseline,0,GW240907_121650-v1-L1-qscan,GW240907_121650,0.0,0,,99.15139999975509
ensemble@768,attention+baseline,0,GW240907_121650-v1-V1-qscan,GW240907_121650,0.40192079544067383,1,0.40192080,99.87180000007356
ensemble@768,attention+baseline,0,GW240907_153833-v1-H1-qscan,GW240907_153833,0.736522912979126,1,0.73652291,95.59489999992365
ensemble@768,attention+baseline,0,GW240907_153833-v1-L1-qscan,GW240907_153833,0.8717325329780579,1,0.87173253,97.06370000003517
ensemble@768,attention+baseline,0,GW240907_153833-v1-V1-qscan,GW240907_153833,0.2044823318719864,1,0.20448233,98.31669999948645
ensemble@768,attention+baseline,0,GW240908_082628-v1-H1-qscan,GW240908_082628,0.538285493850708,1,0.53828549,95.65889999976207
ensemble@768,attention+baseline,0,GW240908_082628-v1-L1-qscan,GW240908_082628,0.6256883144378662,1,0.62568831,101.43100000004779
ensemble@768,attention+baseline,0,GW240908_082628-v1-V1-qscan,GW240908_082628,0.03987670689821243,1,0.03987671,98.03720000036265
ensemble@768,attention+baseline,0,GW240908_125134-v1-H1-qscan,GW240908_125134,0.6584665179252625,1,0.65846652,100.4886999990049
ensemble@768,attention+baseline,0,GW240908_125134-v1-L1-qscan,GW240908_125134,0.09964817017316818,1,0.09964817,100.71369999968738
ensemble@768,attention+baseline,0,GW240908_125134-v1-V1-qscan,GW240908_125134,0.0,0,,94.97709999868675
ensemble@768,attention+baseline,0,GW240908_174149-v1-H1-qscan,GW240908_174149,0.049695901572704315,1,0.04969590,95.36339999976917
ensemble@768,attention+baseline,0,GW240908_174149-v1-L1-qscan,GW240908_174149,0.0,0,,98.75739999915822
ensemble@768,attention+baseline,0,GW240908_174149-v1-V1-qscan,GW240908_174149,0.0,0,,98.93929999998363
ensemble@768,attention+baseline,0,GW240910_103535-v1-H1-qscan,GW240910_103535,0.7240097522735596,1,0.72400975,99.58890000052634
ensemble@768,attention+baseline,0,GW240910_103535-v1-L1-qscan,GW240910_103535,0.13019698858261108,1,0.13019699,96.7915000001085
ensemble@768,attention+baseline,0,GW240913_111216-v1-H1-qscan,GW240913_111216,0.10061600804328918,1,0.10061601,96.58450000006269
ensemble@768,attention+baseline,0,GW240913_111216-v1-L1-qscan,GW240913_111216,0.0,0,,93.91849999974511
ensemble@768,attention+baseline,0,GW240913_111216-v1-V1-qscan,GW240913_111216,0.011530932039022446,1,0.01153093,98.8606000009895
ensemble@768,attention+baseline,0,GW240915_001357-v1-H1-qscan,GW240915_001357,0.4768105447292328,1,0.47681054,98.3713000005082
ensemble@768,attention+baseline,0,GW240915_001357-v1-L1-qscan,GW240915_001357,0.8241477012634277,1,0.82414770,96.2894000003871
ensemble@768,attention+baseline,0,GW240915_001357-v1-V1-qscan,GW240915_001357,0.0,0,,96.85929999977816
ensemble@768,attention+baseline,0,GW240915_045510-v1-H1-qscan,GW240915_045510,0.5537619590759277,1,0.55376196,98.74700000000303
ensemble@768,attention+baseline,0,GW240915_045510-v1-L1-qscan,GW240915_045510,0.0,0,,98.46990000005462
ensemble@768,attention+baseline,0,GW240915_045510-v1-V1-qscan,GW240915_045510,0.9139295816421509,1,0.91392958,100.18969999873661
ensemble@768,attention+baseline,0,GW240915_105151-v1-H1-qscan,GW240915_105151,0.565944254398346,1,0.56594425,93.42740000010963
ensemble@768,attention+baseline,0,GW240915_105151-v1-V1-qscan,GW240915_105151,0.0,0,,94.44609999991371
ensemble@768,attention+baseline,0,GW240916_184352-v1-H1-qscan,GW240916_184352,0.0,0,,100.87349999957951
ensemble@768,attention+baseline,0,GW240916_184352-v1-L1-qscan,GW240916_184352,0.0,0,,99.44150000046648
ensemble@768,attention+baseline,0,GW240916_184352-v1-V1-qscan,GW240916_184352,0.04603093862533569,1,0.04603094,94.9826000005487
ensemble@768,attention+baseline,0,GW240917_130237-v1-H1-qscan,GW240917_130237,0.0,0,,98.64920000018174
ensemble@768,attention+baseline,0,GW240917_130237-v1-L1-qscan,GW240917_130237,0.0,0,,99.04090000054566
ensemble@768,attention+baseline,0,GW240919_061559-v1-H1-qscan,GW240919_061559,0.6698833703994751,1,0.66988337,99.19210000043677
ensemble@768,attention+baseline,0,GW240919_061559-v1-L1-qscan,GW240919_061559,0.8919199705123901,1,0.89191997,96.78960000019288
ensemble@768,attention+baseline,0,GW240919_061559-v1-V1-qscan,GW240919_061559,0.5582806468009949,1,0.55828065,96.77090000059252
ensemble@768,attention+baseline,0,GW240919_215453-v1-H1-qscan,GW240919_215453,0.0,0,,99.63669999979174
ensemble@768,attention+baseline,0,GW240919_215453-v1-L1-qscan,GW240919_215453,0.5396952033042908,1,0.53969520,98.67829999984679
ensemble@768,attention+baseline,0,GW240919_215453-v1-V1-qscan,GW240919_215453,0.0,0,,101.33400000086112
ensemble@768,attention+baseline,0,GW240920_073424-v1-H1-qscan,GW240920_073424,0.8329683542251587,1,0.83296835,94.74209999916638
ensemble@768,attention+baseline,0,GW240920_073424-v1-L1-qscan,GW240920_073424,0.6409692168235779,1,0.64096922,97.11270000025252
ensemble@768,attention+baseline,0,GW240920_073424-v1-V1-qscan,GW240920_073424,0.7287811040878296,1,0.72878110,103.60300000047573
ensemble@768,attention+baseline,0,GW240920_124024-v1-H1-qscan,GW240920_124024,0.915320873260498,1,0.91532087,99.19499999978143
ensemble@768,attention+baseline,0,GW240920_124024-v1-L1-qscan,GW240920_124024,0.8176749348640442,1,0.81767493,95.80349999941973
ensemble@768,attention+baseline,0,GW240921_201835-v1-L1-qscan,GW240921_201835,0.4981496036052704,1,0.49814960,98.44320000047446
ensemble@768,attention+baseline,0,GW240921_201835-v1-V1-qscan,GW240921_201835,0.0,0,,100.67499999968277
ensemble@768,attention+baseline,0,GW240922_142106-v1-H1-qscan,GW240922_142106,0.33144858479499817,1,0.33144858,100.51149999981135
ensemble@768,attention+baseline,0,GW240922_142106-v1-L1-qscan,GW240922_142106,0.5062682032585144,1,0.50626820,94.27409999898373
ensemble@768,attention+baseline,0,GW240922_142106-v1-V1-qscan,GW240922_142106,0.013467864133417606,1,0.01346786,100.4173000001174
ensemble@768,attention+baseline,0,GW240923_000715-v1-H1-qscan,GW240923_000715,0.0,0,,99.42120000050636
ensemble@768,attention+baseline,0,GW240923_000715-v1-L1-qscan,GW240923_000715,0.0,0,,99.28789999958099
ensemble@768,attention+baseline,0,GW240923_000715-v1-V1-qscan,GW240923_000715,0.05444534122943878,1,0.05444534,97.41010000016104
ensemble@768,attention+baseline,0,GW240923_110846-v1-H1-qscan,GW240923_110846,0.839617133140564,1,0.83961713,98.78420000040933
ensemble@768,attention+baseline,0,GW240923_204006-v1-H1-qscan,GW240923_204006,0.3864194452762604,1,0.38641945,99.98389999964274
ensemble@768,attention+baseline,0,GW240923_204006-v1-L1-qscan,GW240923_204006,0.8584297299385071,1,0.85842973,102.25499999978638
ensemble@768,attention+baseline,0,GW240924_000316-v1-H1-qscan,GW240924_000316,0.4911021888256073,1,0.49110219,95.11250000014115
ensemble@768,attention+baseline,0,GW240924_000316-v1-L1-qscan,GW240924_000316,0.09749934077262878,1,0.09749934,99.29599999941274
ensemble@768,attention+baseline,0,GW240924_000316-v1-V1-qscan,GW240924_000316,0.0,0,,99.13229999983741
ensemble@768,attention+baseline,0,GW240925_000956-v1-H1-qscan,GW240925_000956,0.02606230601668358,1,0.02606231,96.7848000000231
ensemble@768,attention+baseline,0,GW240925_000956-v1-L1-qscan,GW240925_000956,0.028001366183161736,1,0.02800137,98.11170000011771
ensemble@768,attention+baseline,0,GW240925_000956-v1-V1-qscan,GW240925_000956,0.020132098346948624,1,0.02013210,99.11479999937
ensemble@768,attention+baseline,0,GW240925_005809-v2-H1-qscan,GW240925_005809,0.965209424495697,1,0.96520942,99.78570000112086
ensemble@768,attention+baseline,0,GW240925_005809-v2-L1-qscan,GW240925_005809,0.955544114112854,1,0.95554411,95.43649999977788
ensemble@768,attention+baseline,0,GW240925_005809-v2-V1-qscan,GW240925_005809,0.0,0,,98.88109999974404
ensemble@768,attention+baseline,0,GW240930_035959-v1-H1-qscan,GW240930_035959,0.6770316958427429,1,0.67703170,96.59330000067712
ensemble@768,attention+baseline,0,GW240930_035959-v1-L1-qscan,GW240930_035959,0.5359697937965393,1,0.53596979,99.44380000069941
ensemble@768,attention+baseline,0,GW240930_035959-v1-V1-qscan,GW240930_035959,0.14379113912582397,1,0.14379114,95.5722999997306
ensemble@768,attention+baseline,0,GW240930_123408-v1-H1-qscan,GW240930_123408,0.6384021639823914,1,0.63840216,98.38979999949515
ensemble@768,attention+baseline,0,GW240930_123408-v1-L1-qscan,GW240930_123408,0.0,0,,97.74560000005295
ensemble@768,attention+baseline,0,GW240930_123408-v1-V1-qscan,GW240930_123408,0.0,0,,95.6650999996782
ensemble@768,attention+baseline,0,GW240930_234614-v1-H1-qscan,GW240930_234614,0.0,0,,98.38270000000193
ensemble@768,attention+baseline,0,GW240930_234614-v1-L1-qscan,GW240930_234614,0.2863955795764923,1,0.28639558,99.2127999998047
ensemble@768,attention+baseline,0,GW240930_234614-v1-V1-qscan,GW240930_234614,0.0,0,,98.4773000000132
ensemble@768,attention+baseline,0,GW241002_030559-v1-L1-qscan,GW241002_030559,0.6818192601203918,1,0.68181926,102.15340000013384
ensemble@768,attention+baseline,0,GW241002_030559-v1-V1-qscan,GW241002_030559,0.0,0,,99.31789999882312
ensemble@768,attention+baseline,0,GW241006_015333-v1-H1-qscan,GW241006_015333,0.13880376517772675,1,0.13880377,100.57620000043244
ensemble@768,attention+baseline,0,GW241006_015333-v1-L1-qscan,GW241006_015333,0.837339460849762,1,0.83733946,99.90710000056424
ensemble@768,attention+baseline,0,GW241006_015333-v1-V1-qscan,GW241006_015333,0.034073468297719955,1,0.03407347,98.26950000024226
ensemble@768,attention+baseline,0,GW241007_082943-v1-H1-qscan,GW241007_082943,0.4227868914604187,1,0.42278689,99.24299999966024
ensemble@768,attention+baseline,0,GW241007_082943-v1-L1-qscan,GW241007_082943,0.21202459931373596,1,0.21202460,98.87450000042008
ensemble@768,attention+baseline,0,GW241007_082943-v1-V1-qscan,GW241007_082943,0.0,0,,99.57439999925555
ensemble@768,attention+baseline,0,GW241009_022835-v1-H1-qscan,GW241009_022835,0.0,0,,99.25599999951373
ensemble@768,attention+baseline,0,GW241009_022835-v1-L1-qscan,GW241009_022835,0.4343661665916443,1,0.43436617,98.41549999964627
ensemble@768,attention+baseline,0,GW241009_022835-v1-V1-qscan,GW241009_022835,0.0,0,,98.41460000006919
ensemble@768,attention+baseline,0,GW241009_084816-v1-H1-qscan,GW241009_084816,0.3715507388114929,1,0.37155074,100.55579999971087
ensemble@768,attention+baseline,0,GW241009_084816-v1-L1-qscan,GW241009_084816,0.13110969960689545,1,0.13110970,100.28529999999591
ensemble@768,attention+baseline,0,GW241009_084816-v1-V1-qscan,GW241009_084816,0.0,0,,93.87819999938074
ensemble@768,attention+baseline,0,GW241009_220455-v1-H1-qscan,GW241009_220455,0.7470766305923462,1,0.74707663,99.92539999893779
ensemble@768,attention+baseline,0,GW241009_220455-v1-L1-qscan,GW241009_220455,0.08189322799444199,1,0.08189323,101.11849999975675
ensemble@768,attention+baseline,0,GW241009_220455-v1-V1-qscan,GW241009_220455,0.7892151474952698,1,0.78921515,99.50430000026245
ensemble@768,attention+baseline,0,GW241011_233834-v2-H1-qscan,GW241011_233834,0.9535099864006042,1,0.95350999,98.11940000054165
ensemble@768,attention+baseline,0,GW241011_233834-v2-V1-qscan,GW241011_233834,0.45256689190864563,1,0.45256689,96.43299999970623
ensemble@768,attention+baseline,0,GW241018_235402-v1-H1-qscan,GW241018_235402,0.6582843065261841,1,0.65828431,94.93799999927433
ensemble@768,attention+baseline,0,GW241018_235402-v1-V1-qscan,GW241018_235402,0.0,0,,98.44059999977617
ensemble@768,attention+baseline,0,GW241101_034726-v1-H1-qscan,GW241101_034726,0.0185916218906641,1,0.01859162,99.96630000023288
ensemble@768,attention+baseline,0,GW241101_034726-v1-L1-qscan,GW241101_034726,0.1853695958852768,1,0.18536960,100.93440000036935
ensemble@768,attention+baseline,0,GW241101_034726-v1-V1-qscan,GW241101_034726,0.0,0,,92.17760000046837
ensemble@768,attention+baseline,0,GW241101_220523-v1-L1-qscan,GW241101_220523,0.8231136202812195,1,0.82311362,95.40420000030281
ensemble@768,attention+baseline,0,GW241101_220523-v1-V1-qscan,GW241101_220523,0.0,0,,100.43020000011893
ensemble@768,attention+baseline,0,GW241102_124058-v1-H1-qscan,GW241102_124058,0.8720417022705078,1,0.87204170,99.4555000006585
ensemble@768,attention+baseline,0,GW241102_124058-v1-L1-qscan,GW241102_124058,0.5690923929214478,1,0.56909239,95.79000000030646
ensemble@768,attention+baseline,0,GW241102_124058-v1-V1-qscan,GW241102_124058,0.016027500852942467,1,0.01602750,94.57329999986541
ensemble@768,attention+baseline,0,GW241102_144729-v1-H1-qscan,GW241102_144729,0.7639607787132263,1,0.76396078,100.32640000008541
ensemble@768,attention+baseline,0,GW241102_144729-v1-L1-qscan,GW241102_144729,0.9322364926338196,1,0.93223649,99.99880000032135
ensemble@768,attention+baseline,0,GW241102_144729-v1-V1-qscan,GW241102_144729,0.0,0,,98.22879999956058
ensemble@768,attention+baseline,0,GW241106_110932-v1-H1-qscan,GW241106_110932,0.43924906849861145,1,0.43924907,97.37889999905747
ensemble@768,attention+baseline,0,GW241106_110932-v1-L1-qscan,GW241106_110932,0.069035105407238,1,0.06903511,100.06939999948372
ensemble@768,attention+baseline,0,GW241106_110932-v1-V1-qscan,GW241106_110932,0.0,0,,99.81429999970715
ensemble@768,attention+baseline,0,GW241109_005349-v1-H1-qscan,GW241109_005349,0.0640483945608139,1,0.06404839,97.87089999917953
ensemble@768,attention+baseline,0,GW241109_005349-v1-L1-qscan,GW241109_005349,0.03251632675528526,1,0.03251633,95.2237999999852
ensemble@768,attention+baseline,0,GW241109_033317-v1-L1-qscan,GW241109_033317,0.7456368207931519,1,0.74563682,99.91039999931672
ensemble@768,attention+baseline,0,GW241109_033317-v1-V1-qscan,GW241109_033317,0.20959100127220154,1,0.20959100,98.509099999319
ensemble@768,attention+baseline,0,GW241109_115924-v1-H1-qscan,GW241109_115924,0.9410982131958008,1,0.94109821,99.13200000028155
ensemble@768,attention+baseline,0,GW241109_115924-v1-V1-qscan,GW241109_115924,0.0,0,,93.29280000019935
ensemble@768,attention+baseline,0,GW241110_124123-v2-H1-qscan,GW241110_124123,0.46109524369239807,1,0.46109524,98.90480000103707
ensemble@768,attention+baseline,0,GW241110_124123-v2-L1-qscan,GW241110_124123,0.7499576807022095,1,0.74995768,99.47809999903257
ensemble@768,attention+baseline,0,GW241110_124123-v2-V1-qscan,GW241110_124123,0.26555168628692627,1,0.26555169,100.13990000061312
ensemble@768,attention+baseline,0,GW241111_111552-v1-H1-qscan,GW241111_111552,0.8524858355522156,1,0.85248584,99.52960000009625
ensemble@768,attention+baseline,0,GW241111_111552-v1-L1-qscan,GW241111_111552,0.3220798075199127,1,0.32207981,95.374599999559
ensemble@768,attention+baseline,0,GW241113_163507-v1-L1-qscan,GW241113_163507,0.43467947840690613,1,0.43467948,100.04429999935383
ensemble@768,attention+baseline,0,GW241113_163507-v1-V1-qscan,GW241113_163507,0.11640099436044693,1,0.11640099,99.22700000061013
ensemble@768,attention+baseline,0,GW241114_024711-v1-H1-qscan,GW241114_024711,0.7168756723403931,1,0.71687567,99.16990000056103
ensemble@768,attention+baseline,0,GW241114_024711-v1-L1-qscan,GW241114_024711,0.03593694046139717,1,0.03593694,99.63840000000346
ensemble@768,attention+baseline,0,GW241114_024711-v1-V1-qscan,GW241114_024711,0.0,0,,98.64100000049802
ensemble@768,attention+baseline,0,GW241114_235258-v1-L1-qscan,GW241114_235258,0.0,0,,97.01299999869661
ensemble@768,attention+baseline,0,GW241114_235258-v1-V1-qscan,GW241114_235258,0.04751910641789436,1,0.04751911,95.53870000036113
ensemble@768,attention+baseline,0,GW241116_151753-v1-H1-qscan,GW241116_151753,0.43808338046073914,1,0.43808338,98.47050000098534
ensemble@768,attention+baseline,0,GW241116_151753-v1-L1-qscan,GW241116_151753,0.4602735936641693,1,0.46027359,98.68290000031266
ensemble@768,attention+baseline,0,GW241116_151753-v1-V1-qscan,GW241116_151753,0.02493414096534252,1,0.02493414,99.28619999936927
ensemble@768,attention+baseline,0,GW241124_024914-v1-H1-qscan,GW241124_024914,0.9480476379394531,1,0.94804764,98.12060000058409
ensemble@768,attention+baseline,0,GW241124_024914-v1-L1-qscan,GW241124_024914,0.3723083734512329,1,0.37230837,98.03919999922073
ensemble@768,attention+baseline,0,GW241124_024914-v1-V1-qscan,GW241124_024914,0.033099208027124405,1,0.03309921,100.03229999983887
ensemble@768,attention+baseline,0,GW241125_010116-v1-H1-qscan,GW241125_010116,0.23333832621574402,1,0.23333833,101.88019999986864
ensemble@768,attention+baseline,0,GW241125_010116-v1-L1-qscan,GW241125_010116,0.5919319987297058,1,0.59193200,97.5270000008095
ensemble@768,attention+baseline,0,GW241125_010116-v1-V1-qscan,GW241125_010116,0.0,0,,100.44440000001487
ensemble@768,attention+baseline,0,GW241127_061008-v1-H1-qscan,GW241127_061008,0.9261742830276489,1,0.92617428,99.01780000109284
ensemble@768,attention+baseline,0,GW241127_061008-v1-L1-qscan,GW241127_061008,0.8808571696281433,1,0.88085717,95.4037999999855
ensemble@768,attention+baseline,0,GW241127_061008-v1-V1-qscan,GW241127_061008,0.011281519196927547,1,0.01128152,101.1837000005471
ensemble@768,attention+baseline,0,GW241129_021832-v1-H1-qscan,GW241129_021832,0.7005038261413574,1,0.70050383,98.51340000022901
ensemble@768,attention+baseline,0,GW241129_021832-v1-L1-qscan,GW241129_021832,0.91512531042099,1,0.91512531,99.95210000033694
ensemble@768,attention+baseline,0,GW241129_021832-v1-V1-qscan,GW241129_021832,0.015156963840126991,1,0.01515696,95.90180000031978
ensemble@768,attention+baseline,0,GW241129_140416-v1-H1-qscan,GW241129_140416,0.051294758915901184,1,0.05129476,100.43059999952675
ensemble@768,attention+baseline,0,GW241129_140416-v1-L1-qscan,GW241129_140416,0.01177672203630209,1,0.01177672,96.06110000004264
ensemble@768,attention+baseline,0,GW241130_034908-v1-H1-qscan,GW241130_034908,0.9184379577636719,1,0.91843796,100.54150000087247
ensemble@768,attention+baseline,0,GW241130_034908-v1-L1-qscan,GW241130_034908,0.7514519095420837,1,0.75145191,100.32889999911276
ensemble@768,attention+baseline,0,GW241130_034908-v1-V1-qscan,GW241130_034908,0.19256433844566345,1,0.19256434,101.41050000038376
ensemble@768,attention+baseline,0,GW241130_110422-v1-H1-qscan,GW241130_110422,0.08420681953430176,1,0.08420682,95.40819999983796
ensemble@768,attention+baseline,0,GW241130_110422-v1-L1-qscan,GW241130_110422,0.44468429684638977,1,0.44468430,96.71690000050148
ensemble@768,attention+baseline,0,GW241130_110422-v1-V1-qscan,GW241130_110422,0.0,0,,99.1782000000967
ensemble@768,attention+baseline,0,GW241201_055758-v1-H1-qscan,GW241201_055758,0.8362247943878174,1,0.83622479,98.38080000008631
ensemble@768,attention+baseline,0,GW241201_055758-v1-L1-qscan,GW241201_055758,0.01566513441503048,1,0.01566513,97.89420000015525
ensemble@768,attention+baseline,0,GW241201_055758-v1-V1-qscan,GW241201_055758,0.027712199836969376,1,0.02771220,93.59499999936816
ensemble@768,attention+baseline,0,GW241201_142737-v1-H1-qscan,GW241201_142737,0.0,0,,96.09880000061821
ensemble@768,attention+baseline,0,GW241201_142737-v1-L1-qscan,GW241201_142737,0.0,0,,104.20429999976477
ensemble@768,attention+baseline,0,GW241201_142737-v1-V1-qscan,GW241201_142737,0.304303377866745,1,0.30430338,99.74509999938164
ensemble@768,attention+baseline,0,GW241210_023335-v1-H1-qscan,GW241210_023335,0.010636793449521065,1,0.01063679,99.10200000012992
ensemble@768,attention+baseline,0,GW241210_023335-v1-L1-qscan,GW241210_023335,0.01627681963145733,1,0.01627682,95.0630999996065
ensemble@768,attention+baseline,0,GW241210_060606-v1-H1-qscan,GW241210_060606,0.5542091727256775,1,0.55420917,97.25689999959286
ensemble@768,attention+baseline,0,GW241210_060606-v1-L1-qscan,GW241210_060606,0.7044641375541687,1,0.70446414,100.12800000004063
ensemble@768,attention+baseline,0,GW241210_060606-v1-V1-qscan,GW241210_060606,0.20654046535491943,1,0.20654047,96.26440000010916
ensemble@768,attention+baseline,0,GW241210_120900-v1-H1-qscan,GW241210_120900,0.0,0,,96.26899999966554
ensemble@768,attention+baseline,0,GW241210_120900-v1-L1-qscan,GW241210_120900,0.8074425458908081,1,0.80744255,100.44089999973949
ensemble@768,attention+baseline,0,GW241219_222607-v1-H1-qscan,GW241219_222607,0.07697062939405441,1,0.07697063,99.11259999989852
ensemble@768,attention+baseline,0,GW241219_222607-v1-L1-qscan,GW241219_222607,0.0,0,,96.02759999870614
ensemble@768,attention+baseline,0,GW241220_062146-v1-H1-qscan,GW241220_062146,0.0,0,,95.26290000121662
ensemble@768,attention+baseline,0,GW241220_062146-v1-L1-qscan,GW241220_062146,0.0,0,,94.27550000054907
ensemble@768,attention+baseline,0,GW241225_042553-v1-L1-qscan,GW241225_042553,0.894566535949707,1,0.89456654,98.17969999949128
ensemble@768,attention+baseline,0,GW241225_042553-v1-V1-qscan,GW241225_042553,0.032159071415662766,1,0.03215907,105.98709999976563
ensemble@768,attention+baseline,0,GW241225_082815-v1-H1-qscan,GW241225_082815,0.9298471808433533,1,0.92984718,96.2546000000657
ensemble@768,attention+baseline,0,GW241225_082815-v1-L1-qscan,GW241225_082815,0.9214161038398743,1,0.92141610,96.62930000013148
ensemble@768,attention+baseline,0,GW241229_155844-v1-H1-qscan,GW241229_155844,0.878358006477356,1,0.87835801,98.7899000001562
ensemble@768,attention+baseline,0,GW241229_155844-v1-L1-qscan,GW241229_155844,0.385662704706192,1,0.38566270,100.54200000013225
ensemble@768,attention+baseline,0,GW241229_155844-v1-V1-qscan,GW241229_155844,0.0,0,,100.44329999982438
ensemble@768,attention+baseline,0,GW241230_084504-v1-L1-qscan,GW241230_084504,0.9312013387680054,1,0.93120134,98.73440000046685
ensemble@768,attention+baseline,0,GW241230_084504-v1-V1-qscan,GW241230_084504,0.3035256266593933,1,0.30352563,98.08110000085435
ensemble@768,attention+baseline,0,GW241230_233618-v1-H1-qscan,GW241230_233618,0.09734039753675461,1,0.09734040,100.68649999993795
ensemble@768,attention+baseline,0,GW241230_233618-v1-L1-qscan,GW241230_233618,0.8962088227272034,1,0.89620882,97.59849999954895
ensemble@768,attention+baseline,0,GW241230_233618-v1-V1-qscan,GW241230_233618,0.0,0,,100.24369999882765
ensemble@768,attention+baseline,0,GW241231_054133-v1-H1-qscan,GW241231_054133,0.7823405265808105,1,0.78234053,95.42460000011488
ensemble@768,attention+baseline,0,GW241231_054133-v1-L1-qscan,GW241231_054133,0.8053585886955261,1,0.80535859,98.8418000006277
ensemble@768,attention+baseline,0,GW241231_054133-v1-V1-qscan,GW241231_054133,0.0,0,,100.52429999905144
ensemble@768,attention+baseline,0,GW250101_011205-v1-H1-qscan,GW250101_011205,0.8123997449874878,1,0.81239974,99.12029999941296
ensemble@768,attention+baseline,0,GW250101_011205-v1-L1-qscan,GW250101_011205,0.6504018306732178,1,0.65040183,99.6872000005169
ensemble@768,attention+baseline,0,GW250101_011205-v1-V1-qscan,GW250101_011205,0.0,0,,97.0249000001786
ensemble@768,attention+baseline,0,GW250104_015122-v1-H1-qscan,GW250104_015122,0.7683362364768982,1,0.76833624,101.7984999998589
ensemble@768,attention+baseline,0,GW250104_015122-v1-L1-qscan,GW250104_015122,0.7925164699554443,1,0.79251647,99.48999999960506
ensemble@768,attention+baseline,0,GW250104_015122-v1-V1-qscan,GW250104_015122,0.020791418850421906,1,0.02079142,100.14290000071924
ensemble@768,attention+baseline,0,GW250105_134047-v1-H1-qscan,GW250105_134047,0.0,0,,90.00049999940529
ensemble@768,attention+baseline,0,GW250105_134047-v1-L1-qscan,GW250105_134047,0.38833847641944885,1,0.38833848,98.7715000001117
ensemble@768,attention+baseline,0,GW250105_134047-v1-V1-qscan,GW250105_134047,0.0,0,,99.33759999967151
ensemble@768,attention+baseline,0,GW250108_152221-v1-H1-qscan,GW250108_152221,0.7173665165901184,1,0.71736652,98.203000000467
ensemble@768,attention+baseline,0,GW250108_152221-v1-L1-qscan,GW250108_152221,0.8405857682228088,1,0.84058577,98.67109999868262
ensemble@768,attention+baseline,0,GW250108_152221-v1-V1-qscan,GW250108_152221,0.08078625798225403,1,0.08078626,94.35039999971195
ensemble@768,attention+baseline,0,GW250109_010541-v1-H1-qscan,GW250109_010541,0.4160265028476715,1,0.41602650,97.93739999986428
ensemble@768,attention+baseline,0,GW250109_010541-v1-L1-qscan,GW250109_010541,0.7167884111404419,1,0.71678841,99.71419999965292
ensemble@768,attention+baseline,0,GW250109_010541-v1-V1-qscan,GW250109_010541,0.7772108912467957,1,0.77721089,96.3264000010895
ensemble@768,attention+baseline,0,GW250109_074552-v1-H1-qscan,GW250109_074552,0.5422824025154114,1,0.54228240,98.63059999952384
ensemble@768,attention+baseline,0,GW250109_074552-v1-V1-qscan,GW250109_074552,0.12104213237762451,1,0.12104213,99.55769999942277
ensemble@768,attention+baseline,0,GW250109_083206-v1-H1-qscan,GW250109_083206,0.7838613986968994,1,0.78386140,100.57959999994637
ensemble@768,attention+baseline,0,GW250109_083206-v1-V1-qscan,GW250109_083206,0.0,0,,99.21579999991081
ensemble@768,attention+baseline,0,GW250114_082203-v2-H1-qscan,GW250114_082203,0.20598991215229034,1,0.20598991,99.99290000087058
ensemble@768,attention+baseline,0,GW250114_082203-v2-L1-qscan,GW250114_082203,0.2958144247531891,1,0.29581442,95.70350000012695
ensemble@768,attention+baseline,0,GW250116_015318-v1-H1-qscan,GW250116_015318,0.8396737575531006,1,0.83967376,94.69139999964682
ensemble@768,attention+baseline,0,GW250116_015318-v1-L1-qscan,GW250116_015318,0.0,0,,98.52999999930034
ensemble@768,attention+baseline,0,GW250116_015318-v1-V1-qscan,GW250116_015318,0.0,0,,99.8859999999695
ensemble@768,attention+baseline,0,GW250116_051426-v1-H1-qscan,GW250116_051426,0.012652636505663395,1,0.01265264,103.87259999879461
ensemble@768,attention+baseline,0,GW250116_051426-v1-L1-qscan,GW250116_051426,0.0,0,,99.42649999993591
ensemble@768,attention+baseline,0,GW250118_023225-v1-H1-qscan,GW250118_023225,0.5695101618766785,1,0.56951016,99.03900000063004
ensemble@768,attention+baseline,0,GW250118_023225-v1-L1-qscan,GW250118_023225,0.7777383327484131,1,0.77773833,99.72689999995055
ensemble@768,attention+baseline,0,GW250118_023225-v1-V1-qscan,GW250118_023225,0.0,0,,101.62689999924623
ensemble@768,attention+baseline,0,GW250118_055802-v1-H1-qscan,GW250118_055802,0.053834691643714905,1,0.05383469,97.64840000025288
ensemble@768,attention+baseline,0,GW250118_055802-v1-L1-qscan,GW250118_055802,0.015721600502729416,1,0.01572160,100.0302999991618
ensemble@768,attention+baseline,0,GW250118_055802-v1-V1-qscan,GW250118_055802,0.040803831070661545,1,0.04080383,100.25950000090234
ensemble@768,attention+baseline,0,GW250118_170523-v1-H1-qscan,GW250118_170523,0.8474120497703552,1,0.84741205,99.45979999974952
ensemble@768,attention+baseline,0,GW250118_170523-v1-L1-qscan,GW250118_170523,0.8123477697372437,1,0.81234777,95.97819999999047
ensemble@768,attention+baseline,0,GW250119_025138-v1-H1-qscan,GW250119_025138,0.9256193041801453,1,0.92561930,99.10370000034163
ensemble@768,attention+baseline,0,GW250119_025138-v1-L1-qscan,GW250119_025138,0.8851637244224548,1,0.88516372,99.11769999962416
ensemble@768,attention+baseline,0,GW250119_025138-v1-V1-qscan,GW250119_025138,0.267503559589386,1,0.26750356,100.69100000055187
ensemble@768,attention+baseline,0,GW250119_190238-v1-H1-qscan,GW250119_190238,0.31620943546295166,1,0.31620944,96.36929999942367
ensemble@768,attention+baseline,0,GW250119_190238-v1-L1-qscan,GW250119_190238,0.647863507270813,1,0.64786351,100.51820000080625
ensemble@768,attention+baseline,0,GW250119_190238-v1-V1-qscan,GW250119_190238,0.0,0,,99.13680000045133
ensemble@768,attention+baseline,0,GW250120_042414-v1-H1-qscan,GW250120_042414,0.0,0,,98.37059999972553
ensemble@768,attention+baseline,0,GW250120_042414-v1-L1-qscan,GW250120_042414,0.0,0,,100.20070000064152
ensemble@768,attention+baseline,0,GW250120_042414-v1-V1-qscan,GW250120_042414,0.16353660821914673,1,0.16353661,99.43659999862575
ensemble@multiscale,attention+baseline,0,GW240406_062847-v1-H1-qscan,GW240406_062847,0.0,0,,215.84099999927275
ensemble@multiscale,attention+baseline,0,GW240406_062847-v1-L1-qscan,GW240406_062847,0.06017306074500084,1,0.06017306,211.10120000048482
ensemble@multiscale,attention+baseline,0,GW240407_040938-v1-H1-qscan,GW240407_040938,0.39212766289711,1,0.39212766,212.65910000056465
ensemble@multiscale,attention+baseline,0,GW240407_040938-v1-L1-qscan,GW240407_040938,0.03032836690545082,1,0.03032837,207.6132999982292
ensemble@multiscale,attention+baseline,0,GW240407_040938-v1-V1-qscan,GW240407_040938,0.05626882612705231,1,0.05626883,204.60740000089572
ensemble@multiscale,attention+baseline,0,GW240407_061416-v1-H1-qscan,GW240407_061416,0.8127669095993042,1,0.81276691,204.89750000069762
ensemble@multiscale,attention+baseline,0,GW240407_061416-v1-L1-qscan,GW240407_061416,0.03754987567663193,1,0.03754988,212.50289999989036
ensemble@multiscale,attention+baseline,0,GW240407_061416-v1-V1-qscan,GW240407_061416,0.0,0,,210.57790000031673
ensemble@multiscale,attention+baseline,0,GW240407_214946-v1-H1-qscan,GW240407_214946,0.0,0,,207.15839999957097
ensemble@multiscale,attention+baseline,0,GW240407_214946-v1-L1-qscan,GW240407_214946,0.0,0,,193.6864000008427
ensemble@multiscale,attention+baseline,0,GW240407_214946-v1-V1-qscan,GW240407_214946,0.0,0,,193.30520000039542
ensemble@multiscale,attention+baseline,0,GW240408_081753-v1-H1-qscan,GW240408_081753,0.11493123322725296,1,0.11493123,204.9632999996902
ensemble@multiscale,attention+baseline,0,GW240408_081753-v1-L1-qscan,GW240408_081753,0.0,0,,207.4480000010226
ensemble@multiscale,attention+baseline,0,GW240411_074140-v1-H1-qscan,GW240411_074140,0.022995971143245697,1,0.02299597,205.00329999958922
ensemble@multiscale,attention+baseline,0,GW240411_074140-v1-L1-qscan,GW240411_074140,0.1585542857646942,1,0.15855429,207.25529999981518
ensemble@multiscale,attention+baseline,0,GW240413_022019-v1-H1-qscan,GW240413_022019,0.0,0,,201.74210000004678
ensemble@multiscale,attention+baseline,0,GW240413_022019-v1-L1-qscan,GW240413_022019,0.8708916902542114,1,0.87089169,206.2579999983427
ensemble@multiscale,attention+baseline,0,GW240413_022019-v1-V1-qscan,GW240413_022019,0.0,0,,206.5879000019777
ensemble@multiscale,attention+baseline,0,GW240414_054515-v1-H1-qscan,GW240414_054515,0.835238516330719,1,0.83523852,207.04229999955714
ensemble@multiscale,attention+baseline,0,GW240414_054515-v1-V1-qscan,GW240414_054515,0.1582081913948059,1,0.15820819,213.2802999994965
ensemble@multiscale,attention+baseline,0,GW240419_041206-v1-H1-qscan,GW240419_041206,0.24378718435764313,1,0.24378718,206.58619999994698
ensemble@multiscale,attention+baseline,0,GW240419_041206-v1-L1-qscan,GW240419_041206,0.02641213685274124,1,0.02641214,201.996899999358
ensemble@multiscale,attention+baseline,0,GW240419_041206-v1-V1-qscan,GW240419_041206,0.16442421078681946,1,0.16442421,202.77119999991555
ensemble@multiscale,attention+baseline,0,GW240420_175625-v1-H1-qscan,GW240420_175625,0.72515869140625,1,0.72515869,194.88739999815152
ensemble@multiscale,attention+baseline,0,GW240421_052935-v1-H1-qscan,GW240421_052935,0.4288574457168579,1,0.42885745,195.1997999985906
ensemble@multiscale,attention+baseline,0,GW240421_052935-v1-L1-qscan,GW240421_052935,0.057436227798461914,1,0.05743623,198.8597999988997
ensemble@multiscale,attention+baseline,0,GW240421_052935-v1-V1-qscan,GW240421_052935,0.0,0,,201.3133000009475
ensemble@multiscale,attention+baseline,0,GW240426_031451-v1-H1-qscan,GW240426_031451,0.12102741748094559,1,0.12102742,202.28079999924375
ensemble@multiscale,attention+baseline,0,GW240426_031451-v1-L1-qscan,GW240426_031451,0.8424850106239319,1,0.84248501,196.90049999917392
ensemble@multiscale,attention+baseline,0,GW240426_085802-v1-H1-qscan,GW240426_085802,0.3740732967853546,1,0.37407330,205.37340000009863
ensemble@multiscale,attention+baseline,0,GW240426_085802-v1-L1-qscan,GW240426_085802,0.0,0,,209.83420000084152
ensemble@multiscale,attention+baseline,0,GW240426_085802-v1-V1-qscan,GW240426_085802,0.0155880656093359,1,0.01558807,199.90280000001803
ensemble@multiscale,attention+baseline,0,GW240428_225440-v1-H1-qscan,GW240428_225440,0.8856828808784485,1,0.88568288,198.13770000291697
ensemble@multiscale,attention+baseline,0,GW240428_225440-v1-V1-qscan,GW240428_225440,0.05777985602617264,1,0.05777986,205.71640000071056
ensemble@multiscale,attention+baseline,0,GW240430_093517-v1-H1-qscan,GW240430_093517,0.0,0,,204.62949999910052
ensemble@multiscale,attention+baseline,0,GW240430_093517-v1-L1-qscan,GW240430_093517,0.8671273589134216,1,0.86712736,203.52180000099906
ensemble@multiscale,attention+baseline,0,GW240501_033534-v1-H1-qscan,GW240501_033534,0.9150614142417908,1,0.91506141,189.52019999960612
ensemble@multiscale,attention+baseline,0,GW240501_033534-v1-L1-qscan,GW240501_033534,0.9405333995819092,1,0.94053340,199.66350000140665
ensemble@multiscale,attention+baseline,0,GW240501_033534-v1-V1-qscan,GW240501_033534,0.0,0,,201.26039999922796
ensemble@multiscale,attention+baseline,0,GW240505_133552-v1-H1-qscan,GW240505_133552,0.8153833746910095,1,0.81538337,202.2410999998101
ensemble@multiscale,attention+baseline,0,GW240505_133552-v1-L1-qscan,GW240505_133552,0.7945367693901062,1,0.79453677,205.3634999983842
ensemble@multiscale,attention+baseline,0,GW240505_133552-v1-V1-qscan,GW240505_133552,0.013921263627707958,1,0.01392126,201.313299998219
ensemble@multiscale,attention+baseline,0,GW240507_041632-v1-H1-qscan,GW240507_041632,0.3416460156440735,1,0.34164602,201.46869999916817
ensemble@multiscale,attention+baseline,0,GW240507_041632-v1-L1-qscan,GW240507_041632,0.5888102054595947,1,0.58881021,204.33200000024954
ensemble@multiscale,attention+baseline,0,GW240507_041632-v1-V1-qscan,GW240507_041632,0.0,0,,202.3431999996319
ensemble@multiscale,attention+baseline,0,GW240509_102351-v1-H1-qscan,GW240509_102351,0.0,0,,197.14119999935065
ensemble@multiscale,attention+baseline,0,GW240509_102351-v1-L1-qscan,GW240509_102351,0.020137229934334755,1,0.02013723,194.4375000002765
ensemble@multiscale,attention+baseline,0,GW240509_102351-v1-V1-qscan,GW240509_102351,0.0,0,,201.25350000034814
ensemble@multiscale,attention+baseline,0,GW240511_031507-v1-H1-qscan,GW240511_031507,0.8854359984397888,1,0.88543600,200.26790000247274
ensemble@multiscale,attention+baseline,0,GW240511_031507-v1-L1-qscan,GW240511_031507,0.9351291656494141,1,0.93512917,198.5276999994312
ensemble@multiscale,attention+baseline,0,GW240511_031507-v1-V1-qscan,GW240511_031507,0.06330283731222153,1,0.06330284,204.77320000009058
ensemble@multiscale,attention+baseline,0,GW240512_024139-v1-H1-qscan,GW240512_024139,0.03164727985858917,1,0.03164728,201.5192000008028
ensemble@multiscale,attention+baseline,0,GW240512_024139-v1-L1-qscan,GW240512_024139,0.6499437689781189,1,0.64994377,204.11689999855298
ensemble@multiscale,attention+baseline,0,GW240512_024139-v1-V1-qscan,GW240512_024139,0.0,0,,202.87589999952615
ensemble@multiscale,attention+baseline,0,GW240512_051606-v1-H1-qscan,GW240512_051606,0.5652981400489807,1,0.56529814,205.61169999837148
ensemble@multiscale,attention+baseline,0,GW240512_051606-v1-L1-qscan,GW240512_051606,0.03549027815461159,1,0.03549028,202.3313000008784
ensemble@multiscale,attention+baseline,0,GW240512_051606-v1-V1-qscan,GW240512_051606,0.0,0,,198.27280000117753
ensemble@multiscale,attention+baseline,0,GW240513_183302-v1-H1-qscan,GW240513_183302,0.9579297304153442,1,0.95792973,206.37259999875823
ensemble@multiscale,attention+baseline,0,GW240513_183302-v1-L1-qscan,GW240513_183302,0.8948011994361877,1,0.89480120,203.1165999987934
ensemble@multiscale,attention+baseline,0,GW240513_183302-v1-V1-qscan,GW240513_183302,0.0,0,,207.82670000062353
ensemble@multiscale,attention+baseline,0,GW240514_121713-v1-H1-qscan,GW240514_121713,0.8955878615379333,1,0.89558786,197.97279999875173
ensemble@multiscale,attention+baseline,0,GW240514_121713-v1-L1-qscan,GW240514_121713,0.8852753639221191,1,0.88527536,193.44190000174422
ensemble@multiscale,attention+baseline,0,GW240514_121713-v1-V1-qscan,GW240514_121713,0.0,0,,194.0498000003572
ensemble@multiscale,attention+baseline,0,GW240515_005301-v1-H1-qscan,GW240515_005301,0.9043284058570862,1,0.90432841,200.72560000153317
ensemble@multiscale,attention+baseline,0,GW240515_005301-v1-L1-qscan,GW240515_005301,0.7493606209754944,1,0.74936062,206.77840000007564
ensemble@multiscale,attention+baseline,0,GW240515_005301-v1-V1-qscan,GW240515_005301,0.0,0,,202.89520000096672
ensemble@multiscale,attention+baseline,0,GW240516_041939-v1-H1-qscan,GW240516_041939,0.0,0,,203.8938000005146
ensemble@multiscale,attention+baseline,0,GW240516_041939-v1-L1-qscan,GW240516_041939,0.0,0,,199.90479999887611
ensemble@multiscale,attention+baseline,0,GW240516_041939-v1-V1-qscan,GW240516_041939,0.01837386004626751,1,0.01837386,201.19380000051024
ensemble@multiscale,attention+baseline,0,GW240519_012815-v1-L1-qscan,GW240519_012815,0.8901329040527344,1,0.89013290,203.22920000035083
ensemble@multiscale,attention+baseline,0,GW240519_012815-v1-V1-qscan,GW240519_012815,0.8655955195426941,1,0.86559552,197.94029999684426
ensemble@multiscale,attention+baseline,0,GW240520_213616-v1-H1-qscan,GW240520_213616,0.31952765583992004,1,0.31952766,197.75079999999434
ensemble@multiscale,attention+baseline,0,GW240520_213616-v1-L1-qscan,GW240520_213616,0.21539005637168884,1,0.21539006,195.8913999997094
ensemble@multiscale,attention+baseline,0,GW240520_213616-v1-V1-qscan,GW240520_213616,0.017608562484383583,1,0.01760856,202.1340000010241
ensemble@multiscale,attention+baseline,0,GW240525_031210-v1-H1-qscan,GW240525_031210,0.8256213068962097,1,0.82562131,202.41019999866694
ensemble@multiscale,attention+baseline,0,GW240525_031210-v1-L1-qscan,GW240525_031210,0.8487526774406433,1,0.84875268,202.45729999805917
ensemble@multiscale,attention+baseline,0,GW240525_031210-v1-V1-qscan,GW240525_031210,0.0,0,,195.8299999978408
ensemble@multiscale,attention+baseline,0,GW240525_201644-v1-H1-qscan,GW240525_201644,0.0,0,,204.86999999957334
ensemble@multiscale,attention+baseline,0,GW240525_201644-v1-L1-qscan,GW240525_201644,0.0,0,,206.36439999907452
ensemble@multiscale,attention+baseline,0,GW240525_201644-v1-V1-qscan,GW240525_201644,0.0,0,,202.42999999936728
ensemble@multiscale,attention+baseline,0,GW240526_093944-v1-H1-qscan,GW240526_093944,0.6449777483940125,1,0.64497775,205.2414999998291
ensemble@multiscale,attention+baseline,0,GW240526_093944-v1-L1-qscan,GW240526_093944,0.0,0,,199.36669999879086
ensemble@multiscale,attention+baseline,0,GW240526_093944-v1-V1-qscan,GW240526_093944,0.0,0,,199.89900000109628
ensemble@multiscale,attention+baseline,0,GW240527_150907-v1-H1-qscan,GW240527_150907,0.0,0,,198.4929000000193
ensemble@multiscale,attention+baseline,0,GW240527_150907-v1-L1-qscan,GW240527_150907,0.0,0,,200.8402000001297
ensemble@multiscale,attention+baseline,0,GW240527_150907-v1-V1-qscan,GW240527_150907,0.0259010661393404,1,0.02590107,201.58339999943564
ensemble@multiscale,attention+baseline,0,GW240527_183429-v1-H1-qscan,GW240527_183429,0.8461869359016418,1,0.84618694,213.81930000006832
ensemble@multiscale,attention+baseline,0,GW240527_183429-v1-L1-qscan,GW240527_183429,0.16946512460708618,1,0.16946512,211.93620000030933
ensemble@multiscale,attention+baseline,0,GW240527_183429-v1-V1-qscan,GW240527_183429,0.0,0,,215.1026000001366
ensemble@multiscale,attention+baseline,0,GW240527_230910-v1-H1-qscan,GW240527_230910,0.6347565054893494,1,0.63475651,200.24720000037632
ensemble@multiscale,attention+baseline,0,GW240527_230910-v1-L1-qscan,GW240527_230910,0.08034496009349823,1,0.08034496,199.68410000183212
ensemble@multiscale,attention+baseline,0,GW240527_230910-v1-V1-qscan,GW240527_230910,0.11409274488687515,1,0.11409274,205.21449999978358
ensemble@multiscale,attention+baseline,0,GW240530_012417-v1-H1-qscan,GW240530_012417,0.10241858661174774,1,0.10241859,201.01850000082777
ensemble@multiscale,attention+baseline,0,GW240530_012417-v1-L1-qscan,GW240530_012417,0.8629174828529358,1,0.86291748,207.47649999975692
ensemble@multiscale,attention+baseline,0,GW240530_012417-v1-V1-qscan,GW240530_012417,0.0,0,,199.68440000229748
ensemble@multiscale,attention+baseline,0,GW240531_040326-v1-H1-qscan,GW240531_040326,0.6792890429496765,1,0.67928904,200.65799999883893
ensemble@multiscale,attention+baseline,0,GW240531_040326-v1-L1-qscan,GW240531_040326,0.0,0,,203.45420000012382
ensemble@multiscale,attention+baseline,0,GW240531_040326-v1-V1-qscan,GW240531_040326,0.0,0,,199.3812999990041
ensemble@multiscale,attention+baseline,0,GW240531_075248-v1-H1-qscan,GW240531_075248,0.0,0,,195.9000000024389
ensemble@multiscale,attention+baseline,0,GW240531_075248-v1-L1-qscan,GW240531_075248,0.9372535943984985,1,0.93725359,191.87140000121872
ensemble@multiscale,attention+baseline,0,GW240531_075248-v1-V1-qscan,GW240531_075248,0.15911224484443665,1,0.15911224,198.61840000066877
ensemble@multiscale,attention+baseline,0,GW240601_061200-v1-H1-qscan,GW240601_061200,0.2484777271747589,1,0.24847773,203.02520000041113
ensemble@multiscale,attention+baseline,0,GW240601_061200-v1-L1-qscan,GW240601_061200,0.5568332076072693,1,0.55683321,210.16619999954855
ensemble@multiscale,attention+baseline,0,GW240601_061200-v1-V1-qscan,GW240601_061200,0.0,0,,196.82059999922785
ensemble@multiscale,attention+baseline,0,GW240601_231004-v1-H1-qscan,GW240601_231004,0.0,0,,208.35529999931168
ensemble@multiscale,attention+baseline,0,GW240601_231004-v1-L1-qscan,GW240601_231004,0.0,0,,205.93490000010206
ensemble@multiscale,attention+baseline,0,GW240601_231004-v1-V1-qscan,GW240601_231004,0.09439586848020554,1,0.09439587,198.26779999857536
ensemble@multiscale,attention+baseline,0,GW240611_214835-v1-L1-qscan,GW240611_214835,0.2880634367465973,1,0.28806344,202.04590000139433
ensemble@multiscale,attention+baseline,0,GW240611_214835-v1-V1-qscan,GW240611_214835,0.0,0,,206.53719999972964
ensemble@multiscale,attention+baseline,0,GW240612_081540-v1-H1-qscan,GW240612_081540,0.6718988418579102,1,0.67189884,195.42500000170548
ensemble@multiscale,attention+baseline,0,GW240612_081540-v1-L1-qscan,GW240612_081540,0.16683335602283478,1,0.16683336,201.44639999944047
ensemble@multiscale,attention+baseline,0,GW240612_081540-v1-V1-qscan,GW240612_081540,0.0,0,,199.34570000077656
ensemble@multiscale,attention+baseline,0,GW240613_011503-v1-H1-qscan,GW240613_011503,0.0,0,,200.59540000056586
ensemble@multiscale,attention+baseline,0,GW240613_011503-v1-L1-qscan,GW240613_011503,0.08370324224233627,1,0.08370324,194.7491999990234
ensemble@multiscale,attention+baseline,0,GW240613_011503-v1-V1-qscan,GW240613_011503,0.0,0,,204.11870000225463
ensemble@multiscale,attention+baseline,0,GW240615_113620-v1-H1-qscan,GW240615_113620,0.927310049533844,1,0.92731005,209.6191999999064
ensemble@multiscale,attention+baseline,0,GW240615_113620-v1-L1-qscan,GW240615_113620,0.9290520548820496,1,0.92905205,204.41479999954026
ensemble@multiscale,attention+baseline,0,GW240615_113620-v1-V1-qscan,GW240615_113620,0.08951256424188614,1,0.08951256,203.80010000098991
ensemble@multiscale,attention+baseline,0,GW240615_160735-v1-H1-qscan,GW240615_160735,0.8828011751174927,1,0.88280118,206.774399999631
ensemble@multiscale,attention+baseline,0,GW240615_160735-v1-L1-qscan,GW240615_160735,0.7712205052375793,1,0.77122051,204.56790000116598
ensemble@multiscale,attention+baseline,0,GW240615_160735-v1-V1-qscan,GW240615_160735,0.0,0,,204.14490000166552
ensemble@multiscale,attention+baseline,0,GW240618_071627-v1-H1-qscan,GW240618_071627,0.6128917932510376,1,0.61289179,200.75160000033065
ensemble@multiscale,attention+baseline,0,GW240618_071627-v1-L1-qscan,GW240618_071627,0.6889268159866333,1,0.68892682,196.5236999994886
ensemble@multiscale,attention+baseline,0,GW240619_044535-v1-H1-qscan,GW240619_044535,0.07929892838001251,1,0.07929893,205.56819999910658
ensemble@multiscale,attention+baseline,0,GW240619_044535-v1-L1-qscan,GW240619_044535,0.0,0,,204.00599999902624
ensemble@multiscale,attention+baseline,0,GW240619_044535-v1-V1-qscan,GW240619_044535,0.0,0,,195.94410000172502
ensemble@multiscale,attention+baseline,0,GW240619_212357-v1-H1-qscan,GW240619_212357,0.9163699150085449,1,0.91636992,203.29779999974562
ensemble@multiscale,attention+baseline,0,GW240619_212357-v1-L1-qscan,GW240619_212357,0.0,0,,203.00550000047224
ensemble@multiscale,attention+baseline,0,GW240619_212357-v1-V1-qscan,GW240619_212357,0.04098392277956009,1,0.04098392,199.04939999923954
ensemble@multiscale,attention+baseline,0,GW240620_094631-v1-H1-qscan,GW240620_094631,0.01642303168773651,1,0.01642303,208.23429999927612
ensemble@multiscale,attention+baseline,0,GW240620_094631-v1-L1-qscan,GW240620_094631,0.0,0,,201.21089999975084
ensemble@multiscale,attention+baseline,0,GW240620_094631-v1-V1-qscan,GW240620_094631,0.0,0,,202.82379999844125
ensemble@multiscale,attention+baseline,0,GW240621_103457-v1-H1-qscan,GW240621_103457,0.21703465282917023,1,0.21703465,199.34329999978218
ensemble@multiscale,attention+baseline,0,GW240621_103457-v1-L1-qscan,GW240621_103457,0.03714611381292343,1,0.03714611,194.51670000034937
ensemble@multiscale,attention+baseline,0,GW240621_103457-v1-V1-qscan,GW240621_103457,0.0556802935898304,1,0.05568029,201.39579999977286
ensemble@multiscale,attention+baseline,0,GW240621_195059-v1-H1-qscan,GW240621_195059,0.9625710248947144,1,0.96257102,199.0192000002935
ensemble@multiscale,attention+baseline,0,GW240621_195059-v1-L1-qscan,GW240621_195059,0.9437075853347778,1,0.94370759,202.69739999912417
ensemble@multiscale,attention+baseline,0,GW240621_195059-v1-V1-qscan,GW240621_195059,0.1767810732126236,1,0.17678107,203.54829999996582
ensemble@multiscale,attention+baseline,0,GW240621_200935-v1-H1-qscan,GW240621_200935,0.368856281042099,1,0.36885628,204.47799999874405
ensemble@multiscale,attention+baseline,0,GW240621_200935-v1-L1-qscan,GW240621_200935,0.6268115043640137,1,0.62681150,208.26639999995677
ensemble@multiscale,attention+baseline,0,GW240621_200935-v1-V1-qscan,GW240621_200935,0.017253946512937546,1,0.01725395,210.2760000007038
ensemble@multiscale,attention+baseline,0,GW240621_214041-v1-H1-qscan,GW240621_214041,0.47728338837623596,1,0.47728339,204.07800000157295
ensemble@multiscale,attention+baseline,0,GW240621_214041-v1-L1-qscan,GW240621_214041,0.842311441898346,1,0.84231144,208.45579999968322
ensemble@multiscale,attention+baseline,0,GW240621_214041-v1-V1-qscan,GW240621_214041,0.0,0,,200.4451999982848
ensemble@multiscale,attention+baseline,0,GW240622_004008-v1-H1-qscan,GW240622_004008,0.5842347741127014,1,0.58423477,200.22660000086034
ensemble@multiscale,attention+baseline,0,GW240622_004008-v1-L1-qscan,GW240622_004008,0.9398146271705627,1,0.93981463,191.93519999953423
ensemble@multiscale,attention+baseline,0,GW240622_004008-v1-V1-qscan,GW240622_004008,0.020127950236201286,1,0.02012795,206.7404000008537
ensemble@multiscale,attention+baseline,0,GW240625_073331-v1-H1-qscan,GW240625_073331,0.0961630791425705,1,0.09616308,201.80729999992764
ensemble@multiscale,attention+baseline,0,GW240625_073331-v1-L1-qscan,GW240625_073331,0.0,0,,203.1135000015638
ensemble@multiscale,attention+baseline,0,GW240627_131622-v1-H1-qscan,GW240627_131622,0.758578896522522,1,0.75857890,199.39359999989392
ensemble@multiscale,attention+baseline,0,GW240627_131622-v1-L1-qscan,GW240627_131622,0.106443390250206,1,0.10644339,211.7275000009613
ensemble@multiscale,attention+baseline,0,GW240627_131622-v1-V1-qscan,GW240627_131622,0.04239095374941826,1,0.04239095,207.95350000025792
ensemble@multiscale,attention+baseline,0,GW240629_145256-v1-H1-qscan,GW240629_145256,0.2822771370410919,1,0.28227714,205.57250000092608
ensemble@multiscale,attention+baseline,0,GW240629_145256-v1-L1-qscan,GW240629_145256,0.6841906905174255,1,0.68419069,197.91079999959038
ensemble@multiscale,attention+baseline,0,GW240629_145256-v1-V1-qscan,GW240629_145256,0.020760297775268555,1,0.02076030,203.14399999915622
ensemble@multiscale,attention+baseline,0,GW240630_101703-v1-H1-qscan,GW240630_101703,0.8417850136756897,1,0.84178501,204.77979999941454
ensemble@multiscale,attention+baseline,0,GW240630_101703-v1-V1-qscan,GW240630_101703,0.0,0,,202.66069999979663
ensemble@multiscale,attention+baseline,0,GW240630_115348-v1-H1-qscan,GW240630_115348,0.823343813419342,1,0.82334381,204.90459999928134
ensemble@multiscale,attention+baseline,0,GW240630_115348-v1-L1-qscan,GW240630_115348,0.8013582229614258,1,0.80135822,199.77960000142048
ensemble@multiscale,attention+baseline,0,GW240630_115348-v1-V1-qscan,GW240630_115348,0.10125690698623657,1,0.10125691,209.47909999995318
ensemble@multiscale,attention+baseline,0,GW240630_212937-v1-H1-qscan,GW240630_212937,0.16748172044754028,1,0.16748172,197.3967999992965
ensemble@multiscale,attention+baseline,0,GW240630_212937-v1-L1-qscan,GW240630_212937,0.012116420082747936,1,0.01211642,201.08059999984107
ensemble@multiscale,attention+baseline,0,GW240630_212937-v1-V1-qscan,GW240630_212937,0.0,0,,197.12620000063907
ensemble@multiscale,attention+baseline,0,GW240701_011640-v1-H1-qscan,GW240701_011640,0.7040413022041321,1,0.70404130,199.5370999993611
ensemble@multiscale,attention+baseline,0,GW240701_011640-v1-L1-qscan,GW240701_011640,0.012401584535837173,1,0.01240158,204.32410000194068
ensemble@multiscale,attention+baseline,0,GW240701_011640-v1-V1-qscan,GW240701_011640,0.0,0,,205.38870000018505
ensemble@multiscale,attention+baseline,0,GW240701_013826-v1-H1-qscan,GW240701_013826,0.0,0,,208.00820000022213
ensemble@multiscale,attention+baseline,0,GW240701_013826-v1-L1-qscan,GW240701_013826,0.0,0,,201.3661000000866
ensemble@multiscale,attention+baseline,0,GW240701_013826-v1-V1-qscan,GW240701_013826,0.5994093418121338,1,0.59940934,202.2436999995989
ensemble@multiscale,attention+baseline,0,GW240701_203807-v1-H1-qscan,GW240701_203807,0.0,0,,196.494699998766
ensemble@multiscale,attention+baseline,0,GW240701_203807-v1-L1-qscan,GW240701_203807,0.0,0,,203.35570000042935
ensemble@multiscale,attention+baseline,0,GW240701_203807-v1-V1-qscan,GW240701_203807,0.06492452323436737,1,0.06492452,198.02840000011201
ensemble@multiscale,attention+baseline,0,GW240703_191355-v1-L1-qscan,GW240703_191355,0.6395164132118225,1,0.63951641,196.97870000072726
ensemble@multiscale,attention+baseline,0,GW240703_191355-v1-V1-qscan,GW240703_191355,0.02526705525815487,1,0.02526706,206.40050000110932
ensemble@multiscale,attention+baseline,0,GW240705_053215-v1-H1-qscan,GW240705_053215,0.9592562913894653,1,0.95925629,207.8550999995059
ensemble@multiscale,attention+baseline,0,GW240705_053215-v1-L1-qscan,GW240705_053215,0.9032937288284302,1,0.90329373,202.97750000008818
ensemble@multiscale,attention+baseline,0,GW240705_053215-v1-V1-qscan,GW240705_053215,0.0,0,,198.5017999977572
ensemble@multiscale,attention+baseline,0,GW240716_034900-v1-L1-qscan,GW240716_034900,0.9398602247238159,1,0.93986022,200.10049999928015
ensemble@multiscale,attention+baseline,0,GW240716_034900-v1-V1-qscan,GW240716_034900,0.0,0,,194.45050000012998
ensemble@multiscale,attention+baseline,0,GW240806_043539-v1-L1-qscan,GW240806_043539,0.02961297519505024,1,0.02961298,200.652400000763
ensemble@multiscale,attention+baseline,0,GW240806_043539-v1-V1-qscan,GW240806_043539,0.0,0,,211.9500999997399
ensemble@multiscale,attention+baseline,0,GW240807_214559-v1-L1-qscan,GW240807_214559,0.023376381024718285,1,0.02337638,202.9629999988174
ensemble@multiscale,attention+baseline,0,GW240807_214559-v1-V1-qscan,GW240807_214559,0.0,0,,206.3745999985258
ensemble@multiscale,attention+baseline,0,GW240813_034548-v1-L1-qscan,GW240813_034548,0.0,0,,193.4746000006271
ensemble@multiscale,attention+baseline,0,GW240813_034548-v1-V1-qscan,GW240813_034548,0.019519733265042305,1,0.01951973,194.75240000065241
ensemble@multiscale,attention+baseline,0,GW240814_145043-v1-L1-qscan,GW240814_145043,0.20315751433372498,1,0.20315751,195.4095999999481
ensemble@multiscale,attention+baseline,0,GW240814_145043-v1-V1-qscan,GW240814_145043,0.0,0,,201.9201000002795
ensemble@multiscale,attention+baseline,0,GW240824_205609-v1-H1-qscan,GW240824_205609,0.7472952008247375,1,0.74729520,204.10529999844584
ensemble@multiscale,attention+baseline,0,GW240824_205609-v1-L1-qscan,GW240824_205609,0.04250771179795265,1,0.04250771,201.35099999970407
ensemble@multiscale,attention+baseline,0,GW240824_205609-v1-V1-qscan,GW240824_205609,0.6927439570426941,1,0.69274396,210.23440000135452
ensemble@multiscale,attention+baseline,0,GW240825_055146-v1-H1-qscan,GW240825_055146,0.28058645129203796,1,0.28058645,200.50850000006903
ensemble@multiscale,attention+baseline,0,GW240825_055146-v1-L1-qscan,GW240825_055146,0.6087216138839722,1,0.60872161,202.31820000026346
ensemble@multiscale,attention+baseline,0,GW240825_055146-v1-V1-qscan,GW240825_055146,0.0775613859295845,1,0.07756139,202.54649999878893
ensemble@multiscale,attention+baseline,0,GW240828_102340-v1-H1-qscan,GW240828_102340,0.11321284621953964,1,0.11321285,203.92510000056063
ensemble@multiscale,attention+baseline,0,GW240828_102340-v1-L1-qscan,GW240828_102340,0.5147326588630676,1,0.51473266,205.37710000007792
ensemble@multiscale,attention+baseline,0,GW240828_102340-v1-V1-qscan,GW240828_102340,0.0,0,,206.97030000155792
ensemble@multiscale,attention+baseline,0,GW240830_211120-v1-H1-qscan,GW240830_211120,0.01288046408444643,1,0.01288046,204.20389999890176
ensemble@multiscale,attention+baseline,0,GW240830_211120-v1-L1-qscan,GW240830_211120,0.6996070742607117,1,0.69960707,210.77949999926204
ensemble@multiscale,attention+baseline,0,GW240830_211120-v1-V1-qscan,GW240830_211120,0.0,0,,197.4988999991183
ensemble@multiscale,attention+baseline,0,GW240901_195332-v1-H1-qscan,GW240901_195332,0.0,0,,204.86520000031305
ensemble@multiscale,attention+baseline,0,GW240901_195332-v1-L1-qscan,GW240901_195332,0.03642602264881134,1,0.03642602,206.36020000074495
ensemble@multiscale,attention+baseline,0,GW240901_195332-v1-V1-qscan,GW240901_195332,0.029483875259757042,1,0.02948388,197.4344000009296
ensemble@multiscale,attention+baseline,0,GW240902_143306-v1-H1-qscan,GW240902_143306,0.8234328031539917,1,0.82343280,206.32949999890116
ensemble@multiscale,attention+baseline,0,GW240902_143306-v1-L1-qscan,GW240902_143306,0.11272622644901276,1,0.11272623,200.71339999867632
ensemble@multiscale,attention+baseline,0,GW240902_143306-v1-V1-qscan,GW240902_143306,0.3639509081840515,1,0.36395091,212.2226999999839
ensemble@multiscale,attention+baseline,0,GW240907_092521-v1-H1-qscan,GW240907_092521,0.590106725692749,1,0.59010673,200.06240000020625
ensemble@multiscale,attention+baseline,0,GW240907_092521-v1-L1-qscan,GW240907_092521,0.013784755021333694,1,0.01378476,201.41709999916202
ensemble@multiscale,attention+baseline,0,GW240907_092521-v1-V1-qscan,GW240907_092521,0.0,0,,194.40230000054726
ensemble@multiscale,attention+baseline,0,GW240907_121650-v1-H1-qscan,GW240907_121650,0.10797692090272903,1,0.10797692,196.56409999970492
ensemble@multiscale,attention+baseline,0,GW240907_121650-v1-L1-qscan,GW240907_121650,0.014024559408426285,1,0.01402456,205.95379999940633
ensemble@multiscale,attention+baseline,0,GW240907_121650-v1-V1-qscan,GW240907_121650,0.40192079544067383,1,0.40192080,200.76390000031097
ensemble@multiscale,attention+baseline,0,GW240907_153833-v1-H1-qscan,GW240907_153833,0.7710365653038025,1,0.77103657,203.4627000002729
ensemble@multiscale,attention+baseline,0,GW240907_153833-v1-L1-qscan,GW240907_153833,0.8717325329780579,1,0.87173253,198.21799999954237
ensemble@multiscale,attention+baseline,0,GW240907_153833-v1-V1-qscan,GW240907_153833,0.42904505133628845,1,0.42904505,203.4309000000576
ensemble@multiscale,attention+baseline,0,GW240908_082628-v1-H1-qscan,GW240908_082628,0.538285493850708,1,0.53828549,197.38479999887204
ensemble@multiscale,attention+baseline,0,GW240908_082628-v1-L1-qscan,GW240908_082628,0.857452929019928,1,0.85745293,210.57890000065527
ensemble@multiscale,attention+baseline,0,GW240908_082628-v1-V1-qscan,GW240908_082628,0.07350613176822662,1,0.07350613,200.05650000075548
ensemble@multiscale,attention+baseline,0,GW240908_125134-v1-H1-qscan,GW240908_125134,0.6584665179252625,1,0.65846652,205.58779999919352
ensemble@multiscale,attention+baseline,0,GW240908_125134-v1-L1-qscan,GW240908_125134,0.09964817017316818,1,0.09964817,206.03619999837974
ensemble@multiscale,attention+baseline,0,GW240908_125134-v1-V1-qscan,GW240908_125134,0.0,0,,193.15399999686633
ensemble@multiscale,attention+baseline,0,GW240908_174149-v1-H1-qscan,GW240908_174149,0.20548446476459503,1,0.20548446,193.00299999940762
ensemble@multiscale,attention+baseline,0,GW240908_174149-v1-L1-qscan,GW240908_174149,0.0,0,,203.46209999843268
ensemble@multiscale,attention+baseline,0,GW240908_174149-v1-V1-qscan,GW240908_174149,0.0,0,,198.53150000108144
ensemble@multiscale,attention+baseline,0,GW240910_103535-v1-H1-qscan,GW240910_103535,0.8693892359733582,1,0.86938924,205.55790000162233
ensemble@multiscale,attention+baseline,0,GW240910_103535-v1-L1-qscan,GW240910_103535,0.20557531714439392,1,0.20557532,210.39770000061253
ensemble@multiscale,attention+baseline,0,GW240913_111216-v1-H1-qscan,GW240913_111216,0.10061600804328918,1,0.10061601,201.92390000102023
ensemble@multiscale,attention+baseline,0,GW240913_111216-v1-L1-qscan,GW240913_111216,0.0,0,,203.17470000009052
ensemble@multiscale,attention+baseline,0,GW240913_111216-v1-V1-qscan,GW240913_111216,0.011530932039022446,1,0.01153093,206.8091999999524
ensemble@multiscale,attention+baseline,0,GW240915_001357-v1-H1-qscan,GW240915_001357,0.4768105447292328,1,0.47681054,202.69770000140852
ensemble@multiscale,attention+baseline,0,GW240915_001357-v1-L1-qscan,GW240915_001357,0.9414931535720825,1,0.94149315,196.04090000029828
ensemble@multiscale,attention+baseline,0,GW240915_001357-v1-V1-qscan,GW240915_001357,0.0,0,,198.95439999891096
ensemble@multiscale,attention+baseline,0,GW240915_045510-v1-H1-qscan,GW240915_045510,0.8380860090255737,1,0.83808601,195.97460000022693
ensemble@multiscale,attention+baseline,0,GW240915_045510-v1-L1-qscan,GW240915_045510,0.0,0,,207.05009999983304
ensemble@multiscale,attention+baseline,0,GW240915_045510-v1-V1-qscan,GW240915_045510,0.9139295816421509,1,0.91392958,203.1762999986313
ensemble@multiscale,attention+baseline,0,GW240915_105151-v1-H1-qscan,GW240915_105151,0.7891892194747925,1,0.78918922,192.99640000008367
ensemble@multiscale,attention+baseline,0,GW240915_105151-v1-V1-qscan,GW240915_105151,0.022916976362466812,1,0.02291698,201.42739999937476
ensemble@multiscale,attention+baseline,0,GW240916_184352-v1-H1-qscan,GW240916_184352,0.0,0,,209.38589999968826
ensemble@multiscale,attention+baseline,0,GW240916_184352-v1-L1-qscan,GW240916_184352,0.0,0,,206.3760999999431
ensemble@multiscale,attention+baseline,0,GW240916_184352-v1-V1-qscan,GW240916_184352,0.1491067111492157,1,0.14910671,195.42770000043674
ensemble@multiscale,attention+baseline,0,GW240917_130237-v1-H1-qscan,GW240917_130237,0.0,0,,204.28010000068753
ensemble@multiscale,attention+baseline,0,GW240917_130237-v1-L1-qscan,GW240917_130237,0.0,0,,202.17890000185434
ensemble@multiscale,attention+baseline,0,GW240919_061559-v1-H1-qscan,GW240919_061559,0.9341406226158142,1,0.93414062,205.20810000107303
ensemble@multiscale,attention+baseline,0,GW240919_061559-v1-L1-qscan,GW240919_061559,0.9291929602622986,1,0.92919296,200.6756000000678
ensemble@multiscale,attention+baseline,0,GW240919_061559-v1-V1-qscan,GW240919_061559,0.9359680414199829,1,0.93596804,200.22380000045814
ensemble@multiscale,attention+baseline,0,GW240919_215453-v1-H1-qscan,GW240919_215453,0.0,0,,198.0262999986735
ensemble@multiscale,attention+baseline,0,GW240919_215453-v1-L1-qscan,GW240919_215453,0.9053340554237366,1,0.90533406,200.5722000003516
ensemble@multiscale,attention+baseline,0,GW240919_215453-v1-V1-qscan,GW240919_215453,0.013643153943121433,1,0.01364315,197.63810000040394
ensemble@multiscale,attention+baseline,0,GW240920_073424-v1-H1-qscan,GW240920_073424,0.8735154271125793,1,0.87351543,195.24449999880744
ensemble@multiscale,attention+baseline,0,GW240920_073424-v1-L1-qscan,GW240920_073424,0.6621671915054321,1,0.66216719,208.42379999976401
ensemble@multiscale,attention+baseline,0,GW240920_073424-v1-V1-qscan,GW240920_073424,0.7287811040878296,1,0.72878110,207.36719999968045
ensemble@multiscale,attention+baseline,0,GW240920_124024-v1-H1-qscan,GW240920_124024,0.9537262320518494,1,0.95372623,206.6393999984939
ensemble@multiscale,attention+baseline,0,GW240920_124024-v1-L1-qscan,GW240920_124024,0.9357802271842957,1,0.93578023,200.14269999865064
ensemble@multiscale,attention+baseline,0,GW240921_201835-v1-L1-qscan,GW240921_201835,0.7875798940658569,1,0.78757989,205.9586000013951
ensemble@multiscale,attention+baseline,0,GW240921_201835-v1-V1-qscan,GW240921_201835,0.0,0,,205.03170000029058
ensemble@multiscale,attention+baseline,0,GW240922_142106-v1-H1-qscan,GW240922_142106,0.3667947053909302,1,0.36679471,213.25490000072023
ensemble@multiscale,attention+baseline,0,GW240922_142106-v1-L1-qscan,GW240922_142106,0.5292909741401672,1,0.52929097,196.2082999998529
ensemble@multiscale,attention+baseline,0,GW240922_142106-v1-V1-qscan,GW240922_142106,0.013467864133417606,1,0.01346786,204.87709999997605
ensemble@multiscale,attention+baseline,0,GW240923_000715-v1-H1-qscan,GW240923_000715,0.0,0,,202.70910000181175
ensemble@multiscale,attention+baseline,0,GW240923_000715-v1-L1-qscan,GW240923_000715,0.0,0,,204.1092999998
ensemble@multiscale,attention+baseline,0,GW240923_000715-v1-V1-qscan,GW240923_000715,0.05444534122943878,1,0.05444534,200.31680000101915
ensemble@multiscale,attention+baseline,0,GW240923_110846-v1-H1-qscan,GW240923_110846,0.8802185654640198,1,0.88021857,206.88940000036382
ensemble@multiscale,attention+baseline,0,GW240923_204006-v1-H1-qscan,GW240923_204006,0.6794514656066895,1,0.67945147,203.15429999845946
ensemble@multiscale,attention+baseline,0,GW240923_204006-v1-L1-qscan,GW240923_204006,0.9100292921066284,1,0.91002929,206.7877999979828
ensemble@multiscale,attention+baseline,0,GW240924_000316-v1-H1-qscan,GW240924_000316,0.8779637217521667,1,0.87796372,203.3556000014869
ensemble@multiscale,attention+baseline,0,GW240924_000316-v1-L1-qscan,GW240924_000316,0.28995388746261597,1,0.28995389,203.83889999993698
ensemble@multiscale,attention+baseline,0,GW240924_000316-v1-V1-qscan,GW240924_000316,0.0,0,,203.15169999958016
ensemble@multiscale,attention+baseline,0,GW240925_000956-v1-H1-qscan,GW240925_000956,0.02606230601668358,1,0.02606231,201.65470000119967
ensemble@multiscale,attention+baseline,0,GW240925_000956-v1-L1-qscan,GW240925_000956,0.028001366183161736,1,0.02800137,197.88039999912144
ensemble@multiscale,attention+baseline,0,GW240925_000956-v1-V1-qscan,GW240925_000956,0.05545888468623161,1,0.05545888,198.1991000002381
ensemble@multiscale,attention+baseline,0,GW240925_005809-v2-H1-qscan,GW240925_005809,0.965209424495697,1,0.96520942,208.75940000041737
ensemble@multiscale,attention+baseline,0,GW240925_005809-v2-L1-qscan,GW240925_005809,0.955544114112854,1,0.95554411,197.78560000031575
ensemble@multiscale,attention+baseline,0,GW240925_005809-v2-V1-qscan,GW240925_005809,0.0,0,,200.06560000001627
ensemble@multiscale,attention+baseline,0,GW240930_035959-v1-H1-qscan,GW240930_035959,0.8857408761978149,1,0.88574088,204.7219000005498
ensemble@multiscale,attention+baseline,0,GW240930_035959-v1-L1-qscan,GW240930_035959,0.5359697937965393,1,0.53596979,200.50450000144338
ensemble@multiscale,attention+baseline,0,GW240930_035959-v1-V1-qscan,GW240930_035959,0.14379113912582397,1,0.14379114,203.97270000103163
ensemble@multiscale,attention+baseline,0,GW240930_123408-v1-H1-qscan,GW240930_123408,0.7149982452392578,1,0.71499825,201.430099999925
ensemble@multiscale,attention+baseline,0,GW240930_123408-v1-L1-qscan,GW240930_123408,0.0,0,,196.96309999926598
ensemble@multiscale,attention+baseline,0,GW240930_123408-v1-V1-qscan,GW240930_123408,0.0,0,,194.17739999880723
ensemble@multiscale,attention+baseline,0,GW240930_234614-v1-H1-qscan,GW240930_234614,0.0,0,,202.3585999986608
ensemble@multiscale,attention+baseline,0,GW240930_234614-v1-L1-qscan,GW240930_234614,0.7218288779258728,1,0.72182888,202.2945000007894
ensemble@multiscale,attention+baseline,0,GW240930_234614-v1-V1-qscan,GW240930_234614,0.0,0,,204.89500000167027
ensemble@multiscale,attention+baseline,0,GW241002_030559-v1-L1-qscan,GW241002_030559,0.7725249528884888,1,0.77252495,210.14050000030693
ensemble@multiscale,attention+baseline,0,GW241002_030559-v1-V1-qscan,GW241002_030559,0.04070410504937172,1,0.04070411,203.68149999831076
ensemble@multiscale,attention+baseline,0,GW241006_015333-v1-H1-qscan,GW241006_015333,0.8624286651611328,1,0.86242867,210.22640000046522
ensemble@multiscale,attention+baseline,0,GW241006_015333-v1-L1-qscan,GW241006_015333,0.8912777304649353,1,0.89127773,201.14550000016607
ensemble@multiscale,attention+baseline,0,GW241006_015333-v1-V1-qscan,GW241006_015333,0.11070068180561066,1,0.11070068,201.44040000104724
ensemble@multiscale,attention+baseline,0,GW241007_082943-v1-H1-qscan,GW241007_082943,0.9155174493789673,1,0.91551745,198.3542000007219
ensemble@multiscale,attention+baseline,0,GW241007_082943-v1-L1-qscan,GW241007_082943,0.21202459931373596,1,0.21202460,209.2108000006192
ensemble@multiscale,attention+baseline,0,GW241007_082943-v1-V1-qscan,GW241007_082943,0.0,0,,201.76989999981743
ensemble@multiscale,attention+baseline,0,GW241009_022835-v1-H1-qscan,GW241009_022835,0.0,0,,206.00249999824882
ensemble@multiscale,attention+baseline,0,GW241009_022835-v1-L1-qscan,GW241009_022835,0.7682127952575684,1,0.76821280,199.9497999986488
ensemble@multiscale,attention+baseline,0,GW241009_022835-v1-V1-qscan,GW241009_022835,0.0,0,,200.11090000025433
ensemble@multiscale,attention+baseline,0,GW241009_084816-v1-H1-qscan,GW241009_084816,0.8485941886901855,1,0.84859419,196.34450000012293
ensemble@multiscale,attention+baseline,0,GW241009_084816-v1-L1-qscan,GW241009_084816,0.3171275556087494,1,0.31712756,198.00109999869164
ensemble@multiscale,attention+baseline,0,GW241009_084816-v1-V1-qscan,GW241009_084816,0.0,0,,207.22469999782334
ensemble@multiscale,attention+baseline,0,GW241009_220455-v1-H1-qscan,GW241009_220455,0.8058573007583618,1,0.80585730,203.11819999824365
ensemble@multiscale,attention+baseline,0,GW241009_220455-v1-L1-qscan,GW241009_220455,0.12641502916812897,1,0.12641503,210.87679999982356
ensemble@multiscale,attention+baseline,0,GW241009_220455-v1-V1-qscan,GW241009_220455,0.9041160345077515,1,0.90411603,205.48729999882198
ensemble@multiscale,attention+baseline,0,GW241011_233834-v2-H1-qscan,GW241011_233834,0.9580327868461609,1,0.95803279,206.14080000086688
ensemble@multiscale,attention+baseline,0,GW241011_233834-v2-V1-qscan,GW241011_233834,0.45256689190864563,1,0.45256689,200.56300000032934
ensemble@multiscale,attention+baseline,0,GW241018_235402-v1-H1-qscan,GW241018_235402,0.8283866047859192,1,0.82838660,206.60140000018146
ensemble@multiscale,attention+baseline,0,GW241018_235402-v1-V1-qscan,GW241018_235402,0.0,0,,197.97509999989416
ensemble@multiscale,attention+baseline,0,GW241101_034726-v1-H1-qscan,GW241101_034726,0.0185916218906641,1,0.01859162,204.47629999853234
ensemble@multiscale,attention+baseline,0,GW241101_034726-v1-L1-qscan,GW241101_034726,0.1853695958852768,1,0.18536960,204.29430000058346
ensemble@multiscale,attention+baseline,0,GW241101_034726-v1-V1-qscan,GW241101_034726,0.07693696022033691,1,0.07693696,198.21330000104354
ensemble@multiscale,attention+baseline,0,GW241101_220523-v1-L1-qscan,GW241101_220523,0.8529842495918274,1,0.85298425,199.99770000049466
ensemble@multiscale,attention+baseline,0,GW241101_220523-v1-V1-qscan,GW241101_220523,0.0,0,,204.942100000153
ensemble@multiscale,attention+baseline,0,GW241102_124058-v1-H1-qscan,GW241102_124058,0.8720417022705078,1,0.87204170,197.47710000046936
ensemble@multiscale,attention+baseline,0,GW241102_124058-v1-L1-qscan,GW241102_124058,0.810748279094696,1,0.81074828,197.84979999985808
ensemble@multiscale,attention+baseline,0,GW241102_124058-v1-V1-qscan,GW241102_124058,0.016027500852942467,1,0.01602750,199.0912000001117
ensemble@multiscale,attention+baseline,0,GW241102_144729-v1-H1-qscan,GW241102_144729,0.8579868078231812,1,0.85798681,205.05989999946905
ensemble@multiscale,attention+baseline,0,GW241102_144729-v1-L1-qscan,GW241102_144729,0.9327471256256104,1,0.93274713,205.20800000031159
ensemble@multiscale,attention+baseline,0,GW241102_144729-v1-V1-qscan,GW241102_144729,0.0,0,,202.90659999955096
ensemble@multiscale,attention+baseline,0,GW241106_110932-v1-H1-qscan,GW241106_110932,0.43924906849861145,1,0.43924907,200.6309999987934
ensemble@multiscale,attention+baseline,0,GW241106_110932-v1-L1-qscan,GW241106_110932,0.069035105407238,1,0.06903511,201.01179999892338
ensemble@multiscale,attention+baseline,0,GW241106_110932-v1-V1-qscan,GW241106_110932,0.0,0,,203.10350000090693
ensemble@multiscale,attention+baseline,0,GW241109_005349-v1-H1-qscan,GW241109_005349,0.0640483945608139,1,0.06404839,206.7293999989488
ensemble@multiscale,attention+baseline,0,GW241109_005349-v1-L1-qscan,GW241109_005349,0.03251632675528526,1,0.03251633,202.0843000000241
ensemble@multiscale,attention+baseline,0,GW241109_033317-v1-L1-qscan,GW241109_033317,0.7756523489952087,1,0.77565235,209.58750000045256
ensemble@multiscale,attention+baseline,0,GW241109_033317-v1-V1-qscan,GW241109_033317,0.20959100127220154,1,0.20959100,204.83730000069045
ensemble@multiscale,attention+baseline,0,GW241109_115924-v1-H1-qscan,GW241109_115924,0.9410982131958008,1,0.94109821,205.3395000002638
ensemble@multiscale,attention+baseline,0,GW241109_115924-v1-V1-qscan,GW241109_115924,0.0,0,,201.5729000004285
ensemble@multiscale,attention+baseline,0,GW241110_124123-v2-H1-qscan,GW241110_124123,0.5248908996582031,1,0.52489090,205.46420000118815
ensemble@multiscale,attention+baseline,0,GW241110_124123-v2-L1-qscan,GW241110_124123,0.7499576807022095,1,0.74995768,206.1401000000842
ensemble@multiscale,attention+baseline,0,GW241110_124123-v2-V1-qscan,GW241110_124123,0.2760525643825531,1,0.27605256,207.97380000021803
ensemble@multiscale,attention+baseline,0,GW241111_111552-v1-H1-qscan,GW241111_111552,0.8875761032104492,1,0.88757610,205.03350000126375
ensemble@multiscale,attention+baseline,0,GW241111_111552-v1-L1-qscan,GW241111_111552,0.3220798075199127,1,0.32207981,195.84490000124788
ensemble@multiscale,attention+baseline,0,GW241113_163507-v1-L1-qscan,GW241113_163507,0.8533245921134949,1,0.85332459,205.32799999909912
ensemble@multiscale,attention+baseline,0,GW241113_163507-v1-V1-qscan,GW241113_163507,0.11640099436044693,1,0.11640099,202.28790000055596
ensemble@multiscale,attention+baseline,0,GW241114_024711-v1-H1-qscan,GW241114_024711,0.781943142414093,1,0.78194314,208.3145999995395
ensemble@multiscale,attention+baseline,0,GW241114_024711-v1-L1-qscan,GW241114_024711,0.36012834310531616,1,0.36012834,206.9039000016346
ensemble@multiscale,attention+baseline,0,GW241114_024711-v1-V1-qscan,GW241114_024711,0.0,0,,205.56019999912678
ensemble@multiscale,attention+baseline,0,GW241114_235258-v1-L1-qscan,GW241114_235258,0.02220834791660309,1,0.02220835,196.04449999951612
ensemble@multiscale,attention+baseline,0,GW241114_235258-v1-V1-qscan,GW241114_235258,0.04751910641789436,1,0.04751911,197.0286000005217
ensemble@multiscale,attention+baseline,0,GW241116_151753-v1-H1-qscan,GW241116_151753,0.43808338046073914,1,0.43808338,199.70460000058665
ensemble@multiscale,attention+baseline,0,GW241116_151753-v1-L1-qscan,GW241116_151753,0.7225453853607178,1,0.72254539,207.01049999934185
ensemble@multiscale,attention+baseline,0,GW241116_151753-v1-V1-qscan,GW241116_151753,0.02493414096534252,1,0.02493414,208.27829999871028
ensemble@multiscale,attention+baseline,0,GW241124_024914-v1-H1-qscan,GW241124_024914,0.9480476379394531,1,0.94804764,202.1835999994437
ensemble@multiscale,attention+baseline,0,GW241124_024914-v1-L1-qscan,GW241124_024914,0.46475735306739807,1,0.46475735,200.54520000030607
ensemble@multiscale,attention+baseline,0,GW241124_024914-v1-V1-qscan,GW241124_024914,0.033099208027124405,1,0.03309921,200.04689999859693
ensemble@multiscale,attention+baseline,0,GW241125_010116-v1-H1-qscan,GW241125_010116,0.23333832621574402,1,0.23333833,212.0020000002114
ensemble@multiscale,attention+baseline,0,GW241125_010116-v1-L1-qscan,GW241125_010116,0.7981618642807007,1,0.79816186,202.37980000092648
ensemble@multiscale,attention+baseline,0,GW241125_010116-v1-V1-qscan,GW241125_010116,0.0,0,,208.2802000004449
ensemble@multiscale,attention+baseline,0,GW241127_061008-v1-H1-qscan,GW241127_061008,0.9437118172645569,1,0.94371182,211.54270000170072
ensemble@multiscale,attention+baseline,0,GW241127_061008-v1-L1-qscan,GW241127_061008,0.9193629622459412,1,0.91936296,207.43359999869426
ensemble@multiscale,attention+baseline,0,GW241127_061008-v1-V1-qscan,GW241127_061008,0.01791018806397915,1,0.01791019,202.64330000009068
ensemble@multiscale,attention+baseline,0,GW241129_021832-v1-H1-qscan,GW241129_021832,0.9229763150215149,1,0.92297632,203.91550000022107
ensemble@multiscale,attention+baseline,0,GW241129_021832-v1-L1-qscan,GW241129_021832,0.91512531042099,1,0.91512531,198.6055999996097
ensemble@multiscale,attention+baseline,0,GW241129_021832-v1-V1-qscan,GW241129_021832,0.015156963840126991,1,0.01515696,205.07280000038008
ensemble@multiscale,attention+baseline,0,GW241129_140416-v1-H1-qscan,GW241129_140416,0.051294758915901184,1,0.05129476,202.7336999999534
ensemble@multiscale,attention+baseline,0,GW241129_140416-v1-L1-qscan,GW241129_140416,0.16064688563346863,1,0.16064689,203.86210000015126
ensemble@multiscale,attention+baseline,0,GW241130_034908-v1-H1-qscan,GW241130_034908,0.9184379577636719,1,0.91843796,206.51100000031875
ensemble@multiscale,attention+baseline,0,GW241130_034908-v1-L1-qscan,GW241130_034908,0.7514519095420837,1,0.75145191,205.3232999987813
ensemble@multiscale,attention+baseline,0,GW241130_034908-v1-V1-qscan,GW241130_034908,0.19256433844566345,1,0.19256434,205.38949999991019
ensemble@multiscale,attention+baseline,0,GW241130_110422-v1-H1-qscan,GW241130_110422,0.157182514667511,1,0.15718251,202.73080000060872
ensemble@multiscale,attention+baseline,0,GW241130_110422-v1-L1-qscan,GW241130_110422,0.44468429684638977,1,0.44468430,196.9795000004524
ensemble@multiscale,attention+baseline,0,GW241130_110422-v1-V1-qscan,GW241130_110422,0.0,0,,201.2938000007125
ensemble@multiscale,attention+baseline,0,GW241201_055758-v1-H1-qscan,GW241201_055758,0.9012033343315125,1,0.90120333,203.52720000119007
ensemble@multiscale,attention+baseline,0,GW241201_055758-v1-L1-qscan,GW241201_055758,0.01566513441503048,1,0.01566513,200.7316000017454
ensemble@multiscale,attention+baseline,0,GW241201_055758-v1-V1-qscan,GW241201_055758,0.027712199836969376,1,0.02771220,196.8243999999686
ensemble@multiscale,attention+baseline,0,GW241201_142737-v1-H1-qscan,GW241201_142737,0.46729567646980286,1,0.46729568,206.30810000147903
ensemble@multiscale,attention+baseline,0,GW241201_142737-v1-L1-qscan,GW241201_142737,0.09691939502954483,1,0.09691940,207.22590000059427
ensemble@multiscale,attention+baseline,0,GW241201_142737-v1-V1-qscan,GW241201_142737,0.4969213008880615,1,0.49692130,200.99239999944984
ensemble@multiscale,attention+baseline,0,GW241210_023335-v1-H1-qscan,GW241210_023335,0.010636793449521065,1,0.01063679,203.38920000176586
ensemble@multiscale,attention+baseline,0,GW241210_023335-v1-L1-qscan,GW241210_023335,0.30324283242225647,1,0.30324283,197.29589999951713
ensemble@multiscale,attention+baseline,0,GW241210_060606-v1-H1-qscan,GW241210_060606,0.5542091727256775,1,0.55420917,205.01319999948464
ensemble@multiscale,attention+baseline,0,GW241210_060606-v1-L1-qscan,GW241210_060606,0.7044641375541687,1,0.70446414,216.1965000004784
ensemble@multiscale,attention+baseline,0,GW241210_060606-v1-V1-qscan,GW241210_060606,0.23217105865478516,1,0.23217106,204.61189999969065
ensemble@multiscale,attention+baseline,0,GW241210_120900-v1-H1-qscan,GW241210_120900,0.0,0,,201.81809999849065
ensemble@multiscale,attention+baseline,0,GW241210_120900-v1-L1-qscan,GW241210_120900,0.9396822452545166,1,0.93968225,206.55320000059874
ensemble@multiscale,attention+baseline,0,GW241219_222607-v1-H1-qscan,GW241219_222607,0.20530803501605988,1,0.20530804,205.9810999999172
ensemble@multiscale,attention+baseline,0,GW241219_222607-v1-L1-qscan,GW241219_222607,0.012626970186829567,1,0.01262697,205.92449999912787
ensemble@multiscale,attention+baseline,0,GW241220_062146-v1-H1-qscan,GW241220_062146,0.0,0,,201.78020000093966
ensemble@multiscale,attention+baseline,0,GW241220_062146-v1-L1-qscan,GW241220_062146,0.010307317599654198,1,0.01030732,199.48890000159736
ensemble@multiscale,attention+baseline,0,GW241225_042553-v1-L1-qscan,GW241225_042553,0.894566535949707,1,0.89456654,196.80220000009285
ensemble@multiscale,attention+baseline,0,GW241225_042553-v1-V1-qscan,GW241225_042553,0.032159071415662766,1,0.03215907,213.68449999954464
ensemble@multiscale,attention+baseline,0,GW241225_082815-v1-H1-qscan,GW241225_082815,0.9298471808433533,1,0.92984718,201.9282999990537
ensemble@multiscale,attention+baseline,0,GW241225_082815-v1-L1-qscan,GW241225_082815,0.9214161038398743,1,0.92141610,206.08889999948588
ensemble@multiscale,attention+baseline,0,GW241229_155844-v1-H1-qscan,GW241229_155844,0.916167140007019,1,0.91616714,201.79950000056124
ensemble@multiscale,attention+baseline,0,GW241229_155844-v1-L1-qscan,GW241229_155844,0.385662704706192,1,0.38566270,213.17199999975855
ensemble@multiscale,attention+baseline,0,GW241229_155844-v1-V1-qscan,GW241229_155844,0.0,0,,207.87709999967774
ensemble@multiscale,attention+baseline,0,GW241230_084504-v1-L1-qscan,GW241230_084504,0.9312013387680054,1,0.93120134,209.1275000002497
ensemble@multiscale,attention+baseline,0,GW241230_084504-v1-V1-qscan,GW241230_084504,0.3035256266593933,1,0.30352563,203.31280000118568
ensemble@multiscale,attention+baseline,0,GW241230_233618-v1-H1-qscan,GW241230_233618,0.09734039753675461,1,0.09734040,204.98339999903692
ensemble@multiscale,attention+baseline,0,GW241230_233618-v1-L1-qscan,GW241230_233618,0.8962088227272034,1,0.89620882,200.68329999958223
ensemble@multiscale,attention+baseline,0,GW241230_233618-v1-V1-qscan,GW241230_233618,0.0,0,,211.47359999849868
ensemble@multiscale,attention+baseline,0,GW241231_054133-v1-H1-qscan,GW241231_054133,0.8908442258834839,1,0.89084423,199.61079999939102
ensemble@multiscale,attention+baseline,0,GW241231_054133-v1-L1-qscan,GW241231_054133,0.8053585886955261,1,0.80535859,204.87119999961578
ensemble@multiscale,attention+baseline,0,GW241231_054133-v1-V1-qscan,GW241231_054133,0.0,0,,205.47659999920143
ensemble@multiscale,attention+baseline,0,GW250101_011205-v1-H1-qscan,GW250101_011205,0.8123997449874878,1,0.81239974,198.12889999866456
ensemble@multiscale,attention+baseline,0,GW250101_011205-v1-L1-qscan,GW250101_011205,0.7551818490028381,1,0.75518185,197.57670000126382
ensemble@multiscale,attention+baseline,0,GW250101_011205-v1-V1-qscan,GW250101_011205,0.0,0,,201.99739999861777
ensemble@multiscale,attention+baseline,0,GW250104_015122-v1-H1-qscan,GW250104_015122,0.8864479064941406,1,0.88644791,208.0712000006315
ensemble@multiscale,attention+baseline,0,GW250104_015122-v1-L1-qscan,GW250104_015122,0.8049066066741943,1,0.80490661,204.33829999910813
ensemble@multiscale,attention+baseline,0,GW250104_015122-v1-V1-qscan,GW250104_015122,0.020791418850421906,1,0.02079142,209.50660000016796
ensemble@multiscale,attention+baseline,0,GW250105_134047-v1-H1-qscan,GW250105_134047,0.0,0,,196.41589999810094
ensemble@multiscale,attention+baseline,0,GW250105_134047-v1-L1-qscan,GW250105_134047,0.38833847641944885,1,0.38833848,210.54240000103164
ensemble@multiscale,attention+baseline,0,GW250105_134047-v1-V1-qscan,GW250105_134047,0.0,0,,205.61989999987418
ensemble@multiscale,attention+baseline,0,GW250108_152221-v1-H1-qscan,GW250108_152221,0.9133453965187073,1,0.91334540,204.53640000050655
ensemble@multiscale,attention+baseline,0,GW250108_152221-v1-L1-qscan,GW250108_152221,0.95787113904953,1,0.95787114,195.61249999787833
ensemble@multiscale,attention+baseline,0,GW250108_152221-v1-V1-qscan,GW250108_152221,0.08078625798225403,1,0.08078626,199.65749999937543
ensemble@multiscale,attention+baseline,0,GW250109_010541-v1-H1-qscan,GW250109_010541,0.5703837871551514,1,0.57038379,193.99239999984275
ensemble@multiscale,attention+baseline,0,GW250109_010541-v1-L1-qscan,GW250109_010541,0.9520388841629028,1,0.95203888,206.6581999997652
ensemble@multiscale,attention+baseline,0,GW250109_010541-v1-V1-qscan,GW250109_010541,0.7772108912467957,1,0.77721089,203.89090000116994
ensemble@multiscale,attention+baseline,0,GW250109_074552-v1-H1-qscan,GW250109_074552,0.8987622261047363,1,0.89876223,207.01629999985016
ensemble@multiscale,attention+baseline,0,GW250109_074552-v1-V1-qscan,GW250109_074552,0.12104213237762451,1,0.12104213,204.85909999842988
ensemble@multiscale,attention+baseline,0,GW250109_083206-v1-H1-qscan,GW250109_083206,0.8999500274658203,1,0.89995003,214.6588999985397
ensemble@multiscale,attention+baseline,0,GW250109_083206-v1-V1-qscan,GW250109_083206,0.0,0,,203.50929999949585
ensemble@multiscale,attention+baseline,0,GW250114_082203-v2-H1-qscan,GW250114_082203,0.7544291615486145,1,0.75442916,208.9456000021528
ensemble@multiscale,attention+baseline,0,GW250114_082203-v2-L1-qscan,GW250114_082203,0.9198078513145447,1,0.91980785,202.1361999995861
ensemble@multiscale,attention+baseline,0,GW250116_015318-v1-H1-qscan,GW250116_015318,0.8396737575531006,1,0.83967376,201.37749999867083
ensemble@multiscale,attention+baseline,0,GW250116_015318-v1-L1-qscan,GW250116_015318,0.0,0,,198.83129999925586
ensemble@multiscale,attention+baseline,0,GW250116_015318-v1-V1-qscan,GW250116_015318,0.0,0,,207.76659999955882
ensemble@multiscale,attention+baseline,0,GW250116_051426-v1-H1-qscan,GW250116_051426,0.020229704678058624,1,0.02022970,204.34059999752208
ensemble@multiscale,attention+baseline,0,GW250116_051426-v1-L1-qscan,GW250116_051426,0.0,0,,207.08140000078856
ensemble@multiscale,attention+baseline,0,GW250118_023225-v1-H1-qscan,GW250118_023225,0.5787525773048401,1,0.57875258,202.32370000030642
ensemble@multiscale,attention+baseline,0,GW250118_023225-v1-L1-qscan,GW250118_023225,0.7777383327484131,1,0.77773833,199.22289999976783
ensemble@multiscale,attention+baseline,0,GW250118_023225-v1-V1-qscan,GW250118_023225,0.0,0,,202.92889999836916
ensemble@multiscale,attention+baseline,0,GW250118_055802-v1-H1-qscan,GW250118_055802,0.5206036567687988,1,0.52060366,204.44700000189187
ensemble@multiscale,attention+baseline,0,GW250118_055802-v1-L1-qscan,GW250118_055802,0.07510443031787872,1,0.07510443,204.94869999856746
ensemble@multiscale,attention+baseline,0,GW250118_055802-v1-V1-qscan,GW250118_055802,0.040803831070661545,1,0.04080383,208.03860000069108
ensemble@multiscale,attention+baseline,0,GW250118_170523-v1-H1-qscan,GW250118_170523,0.90240478515625,1,0.90240479,209.8896000006789
ensemble@multiscale,attention+baseline,0,GW250118_170523-v1-L1-qscan,GW250118_170523,0.9641051888465881,1,0.96410519,193.77460000032443
ensemble@multiscale,attention+baseline,0,GW250119_025138-v1-H1-qscan,GW250119_025138,0.9256193041801453,1,0.92561930,204.59960000061983
ensemble@multiscale,attention+baseline,0,GW250119_025138-v1-L1-qscan,GW250119_025138,0.8851637244224548,1,0.88516372,203.17840000006981
ensemble@multiscale,attention+baseline,0,GW250119_025138-v1-V1-qscan,GW250119_025138,0.27231529355049133,1,0.27231529,207.9122000004645
ensemble@multiscale,attention+baseline,0,GW250119_190238-v1-H1-qscan,GW250119_190238,0.7364003658294678,1,0.73640037,199.19219999974302
ensemble@multiscale,attention+baseline,0,GW250119_190238-v1-L1-qscan,GW250119_190238,0.647863507270813,1,0.64786351,207.13770000111253
ensemble@multiscale,attention+baseline,0,GW250119_190238-v1-V1-qscan,GW250119_190238,0.0,0,,203.60820000041713
ensemble@multiscale,attention+baseline,0,GW250120_042414-v1-H1-qscan,GW250120_042414,0.014877976849675179,1,0.01487798,209.21790000011242
ensemble@multiscale,attention+baseline,0,GW250120_042414-v1-L1-qscan,GW250120_042414,0.0,0,,203.87380000011035
ensemble@multiscale,attention+baseline,0,GW250120_042414-v1-V1-qscan,GW250120_042414,0.16353660821914673,1,0.16353661,199.6164999991379
